Site ID:         	GRILLA11.trc, m10 (12)                  

No. of channels: 	 3
Sampl. freq.:    	 128 Hz

Start recording: 	02/02/10 15:57:38
End recording:   	02/02/10 16:09:39
Trace length:    	0h12'00''
Channel labels:  
	NORTH SOUTH
                     	EAST  WEST 
                     	UP    DOWN 
                     








AMPLITUDE EQUALIZATION DOWN TO 0.8 Hz.

NS      [mm/s]  

-0.004624
-0.006553
-0.009720
-0.011723
-0.013070
-0.011249
-0.009939
-0.008919
-0.007536
-0.005752
-0.004041
-0.003095
-0.001019
-0.001675
-0.003313
-0.006007
-0.008883
-0.008701
-0.009611
-0.010631
-0.010339
-0.011504
-0.012451
-0.009502
-0.008774
-0.008228
-0.005716
-0.007063
-0.009247
-0.009029
-0.009247
-0.009393
-0.007245
-0.004915
-0.005461
-0.006699
-0.008301
-0.012342
-0.014417
-0.013106
-0.011541
-0.010012
-0.008009
-0.006480
-0.005133
-0.005388
-0.009902
-0.014635
-0.012633
-0.008228
-0.006626
-0.004660
-0.005534
-0.009575
-0.012779
-0.012815
-0.009866
-0.007063
-0.004187
-0.003422
-0.008264
-0.010740
-0.012524
-0.011577
-0.008665
-0.008301
-0.009975
-0.010558
-0.010121
-0.008119
-0.008228
-0.008191
-0.007609
-0.008155
-0.008919
-0.007645
-0.005570
-0.004296
-0.003277
-0.003204
-0.004260
-0.006007
-0.006954
-0.007572
-0.008337
-0.007718
-0.007500
-0.007208
-0.006954
-0.006553
-0.006444
-0.005388
-0.004041
-0.004514
-0.004988
-0.004951
-0.005424
-0.006772
-0.007390
-0.006772
-0.004442
-0.002002
-0.002621
-0.004442
-0.005024
-0.002330
-0.003022
-0.006954
-0.010485
-0.007718
-0.004260
-0.002585
-0.001602
-0.002912
-0.004223
-0.002184
0.000546
0.001311
-0.003277
-0.006116
-0.007208
-0.008628
-0.003240
-0.001638
-0.000619
0.000437
-0.001638
-0.001165
-0.001638
-0.002002
-0.005898
-0.006371
0.001201
0.004587
0.001383
-0.002548
-0.006153
-0.006917
-0.006917
-0.006116
-0.004114
-0.002039
0.000146
0.004332
0.005861
0.005461
0.000510
-0.007318
-0.008191
-0.005133
-0.004587
-0.000947
0.005388
0.008737
0.004769
-0.001966
-0.004442
-0.005206
-0.002002
0.004150
0.009866
0.008992
0.003713
-0.002403
-0.006772
-0.005898
-0.003495
-0.003313
-0.005534
-0.008046
-0.004442
0.001820
0.003386
0.001493
0.002112
0.002585
0.003968
0.000328
0.000036
0.004951
0.007390
0.001165
-0.003095
0.000218
0.008082
0.010558
0.006153
-0.001565
-0.007099
-0.010266
-0.011104
-0.007063
-0.000874
0.006626
0.007063
0.001675
-0.002330
-0.005570
-0.004405
-0.001092
0.002403
0.005825
0.007682
0.006335
0.000874
-0.004405
-0.004878
-0.001638
0.001711
0.001311
-0.001456
-0.003240
-0.001565
0.002512
0.004915
0.005752
0.003422
0.001784
0.000255
-0.000218
-0.000473
0.000036
-0.001857
-0.004005
-0.001820
0.003386
0.004733
0.003641
0.002985
0.000437
0.000619
0.004296
0.006772
0.002403
-0.003459
-0.003713
0.000728
0.002294
0.003713
0.007500
0.007172
0.000437
-0.006335
-0.008519
-0.005206
-0.001675
-0.000218
0.001711
0.008373
0.015363
0.017621
0.016237
0.005898
-0.006990
-0.019732
-0.024683
-0.014708
0.002876
0.013288
0.005060
-0.008737
-0.017402
-0.015291
-0.005170
0.005825
0.013507
0.014562
0.007136
-0.003750
-0.012123
-0.020351
-0.021589
-0.008228
0.006153
0.013215
0.012123
0.007463
0.003531
0.000182
-0.002912
-0.007645
-0.010303
-0.009211
-0.006007
-0.002184
0.000109
0.005497
0.008264
0.005097
-0.000546
-0.003786
-0.008337
-0.012779
-0.011577
-0.007536
-0.000765
0.005315
0.004296
-0.000109
-0.004150
-0.003349
-0.000073
-0.003677
-0.006589
-0.002803
0.002730
0.002330
-0.000619
-0.003968
-0.007500
-0.007026
-0.002330
0.001165
0.002294
0.003131
0.003386
-0.000655
-0.006954
-0.010922
-0.008119
-0.002912
0.000364
0.002002
0.003277
0.000036
-0.005206
-0.008519
-0.008774
-0.005315
-0.001675
0.001129
0.001238
-0.002184
-0.003859
-0.004442
-0.005643
-0.004405
-0.000947
-0.001675
-0.000473
-0.001092
-0.002330
-0.002112
0.000000
-0.001675
-0.002585
-0.002730
-0.006772
-0.005679
-0.003568
-0.000910
0.000255
-0.002694
-0.005279
-0.005861
-0.009101
-0.010740
-0.007718
-0.002512
0.001638
0.006262
0.004915
0.001092
-0.006662
-0.015509
-0.016856
-0.006153
0.001019
-0.001857
-0.002184
0.004005
0.003786
0.000437
-0.004660
-0.013215
-0.012779
-0.002294
0.001019
-0.001638
-0.003386
-0.003604
-0.002658
-0.005388
-0.009975
-0.005461
-0.001420
-0.001493
-0.000036
-0.001019
-0.002803
-0.001638
-0.004733
-0.008119
-0.005570
-0.001347
-0.000546
-0.002548
-0.002439
-0.000728
-0.000036
0.000218
-0.002148
-0.004260
-0.003568
-0.002330
-0.000437
0.000182
-0.002439
-0.004842
-0.002403
-0.001565
-0.001056
-0.002112
-0.004660
-0.004187
-0.000473
0.003204
0.004551
0.001529
-0.000655
-0.001638
-0.001092
-0.000036
0.002148
0.003058
0.001311
-0.000510
0.000036
0.001019
0.002439
0.002403
-0.000364
-0.000582
0.000364
0.003823
0.003422
0.002585
0.007099
0.003677
-0.010594
-0.012560
-0.003495
0.004405
0.012014
0.012742
0.000036
-0.009866
-0.003932
0.005679
0.009101
0.004223
-0.000910
0.000510
0.001201
-0.003386
-0.001347
0.003204
0.003058
0.002658
0.002184
0.000692
-0.002658
-0.003859
0.000000
0.003095
0.004988
0.003531
-0.000837
-0.001747
-0.002002
-0.002148
-0.003568
-0.005097
-0.001820
0.002512
0.004696
0.005825
0.002403
-0.001784
-0.003277
-0.002002
-0.000182
0.001092
0.000947
-0.002221
-0.006189
-0.005097
-0.002476
0.002403
0.001930
-0.000582
0.000109
-0.001274
-0.001347
-0.001347
-0.002840
-0.002221
-0.001019
-0.001201
-0.001347
-0.001056
-0.001420
-0.003131
-0.001675
-0.003131
-0.008919
-0.011395
-0.012961
-0.020715
-0.017766
0.003859
0.023263
0.029052
0.014708
0.001529
0.006262
0.020569
0.031054
0.017184
-0.010230
-0.036588
-0.044015
-0.022863
0.007900
0.024101
0.020278
0.004769
-0.004442
0.001456
0.009174
0.004878
-0.006080
-0.013543
-0.016273
-0.009502
0.002257
0.003786
0.001602
-0.002294
-0.007864
-0.003786
0.004769
0.007318
0.001857
-0.005716
-0.010121
-0.004878
0.002767
0.002294
-0.001966
-0.004514
-0.008519
-0.009684
-0.003932
-0.000728
-0.000291
0.004551
0.005170
0.001019
-0.002476
-0.008737
-0.009575
0.001056
0.007463
0.004041
-0.006407
-0.011431
-0.008337
-0.003204
0.000400
-0.003422
-0.008992
-0.005861
-0.002075
-0.000400
0.000364
-0.000036
-0.004150
-0.011213
-0.010958
-0.005097
0.001420
0.003859
-0.000218
-0.002840
-0.002512
-0.001820
-0.001638
-0.002148
-0.006007
-0.006990
-0.002439
-0.000109
0.002002
0.002002
-0.000983
-0.008810
-0.010922
-0.005789
0.000400
0.005424
0.007099
0.004842
0.001747
-0.003677
-0.020242
-0.024865
-0.017621
0.007500
0.035532
0.034003
0.005352
-0.019550
-0.032947
-0.027013
-0.003349
0.015727
0.020096
0.011359
-0.000510
-0.007136
-0.004733
-0.002294
-0.001711
0.000036
0.001565
-0.000182
-0.003968
-0.001857
0.000364
0.001238
-0.001019
-0.005388
-0.004223
-0.000328
-0.000291
-0.000947
-0.000073
0.001784
0.007536
0.007099
0.001602
-0.004842
-0.014089
-0.016929
-0.008483
0.004733
0.009648
0.007281
0.004624
0.000182
0.000146
0.005752
0.011832
0.014817
0.008665
0.003095
-0.000874
-0.013143
-0.030799
-0.049002
-0.056356
-0.052570
-0.038590
-0.012596
0.013033
0.030326
0.037571
0.033494
0.019077
0.003932
-0.012269
-0.025339
-0.025484
-0.017184
-0.005534
0.002585
0.005934
0.007281
0.001201
-0.009393
-0.018749
-0.022499
-0.021298
-0.015145
-0.002912
0.009757
0.013652
0.011395
0.003823
-0.005716
-0.010266
-0.009393
-0.006335
-0.003131
-0.000837
0.002658
0.002694
0.000801
-0.002949
-0.010485
-0.014380
-0.016273
-0.014999
-0.007572
0.001019
0.006116
0.008810
0.010485
0.007136
0.000655
-0.007463
-0.013543
-0.015145
-0.015800
-0.014053
-0.010230
-0.006225
-0.002548
-0.000546
-0.000983
0.000109
0.000073
-0.002730
-0.004260
-0.003313
-0.005424
-0.009284
-0.007281
-0.005497
-0.005861
-0.004405
-0.004223
-0.004769
-0.005206
-0.004842
-0.006699
-0.011577
-0.012815
-0.007864
0.000291
0.003677
-0.000073
-0.005352
-0.007063
-0.005534
-0.008155
-0.008737
-0.007463
-0.006553
-0.000291
0.002366
-0.002803
-0.003459
-0.003859
-0.004514
-0.004951
-0.006735
-0.006626
-0.006225
-0.008155
-0.009757
-0.008628
-0.005424
-0.002184
0.001165
0.002330
0.000619
-0.003204
-0.007500
-0.009793
-0.009757
-0.006080
-0.001019
0.003932
0.006662
0.005643
0.001638
-0.002585
-0.008191
-0.011395
-0.006990
-0.002912
0.000146
0.004077
0.001820
-0.001383
-0.008628
-0.017184
-0.018057
-0.017038
-0.008046
0.001347
0.007682
0.009502
0.004260
-0.001347
-0.004660
-0.006043
-0.006662
-0.005097
-0.004514
-0.002658
-0.001930
-0.005752
-0.008009
-0.006480
-0.002803
0.000510
0.003386
0.004478
0.001711
0.001383
0.002294
0.005971
0.006881
0.004951
0.004223
0.001820
0.000000
-0.002476
-0.003204
-0.005971
-0.009975
-0.011978
-0.012196
-0.009138
-0.003167
0.004806
0.007609
0.008264
0.009320
0.008446
0.004369
-0.000546
-0.004988
-0.011577
-0.013761
-0.005934
0.001019
0.000582
-0.000036
0.000983
0.000947
-0.000218
-0.000655
-0.001857
-0.006954
-0.012596
-0.011978
-0.004405
0.002476
0.006808
0.012961
0.014490
0.008337
-0.000728
-0.008119
-0.013579
-0.017839
-0.016601
-0.007754
0.000182
0.003713
0.004114
0.002184
-0.000582
-0.002476
-0.001420
0.000073
-0.000582
-0.000947
0.000582
0.001238
0.000146
-0.000765
0.000874
0.000837
-0.001602
-0.000910
-0.002294
-0.005024
-0.006335
-0.002585
0.001129
0.001092
-0.003750
-0.008483
-0.009284
-0.007427
-0.001857
0.003313
-0.000073
-0.005534
-0.003313
-0.000291
-0.003095
-0.004806
-0.003932
-0.001857
-0.000582
-0.000655
0.001311
0.000000
-0.003531
-0.006262
-0.005133
-0.004842
-0.003786
0.001383
0.006407
0.005861
0.002039
-0.001565
-0.002257
-0.001893
-0.001493
-0.001056
-0.000437
0.001893
0.002366
0.000837
-0.002184
-0.002294
-0.001201
0.000218
0.001966
0.000437
-0.000073
-0.000328
-0.001238
-0.002548
-0.002876
-0.002075
-0.001092
-0.001966
-0.002148
0.000765
0.004187
0.002330
-0.000473
-0.002585
-0.001711
-0.000801
-0.001602
-0.002366
-0.001930
-0.002184
-0.001602
-0.000328
0.001311
0.001711
0.001529
-0.000546
-0.001638
-0.000073
0.000546
0.002840
0.002512
0.000036
-0.001747
-0.001201
0.000182
0.001493
0.003386
0.002767
0.002294
0.000837
-0.000328
0.000182
0.000801
0.001529
0.001711
0.001238
-0.000546
0.000619
0.004150
0.003095
-0.002512
-0.002112
0.000765
0.002184
0.005971
0.009320
0.004114
-0.001747
-0.001784
-0.000655
-0.000400
-0.000473
-0.000546
-0.000036
0.000582
0.001966
0.003313
0.004733
0.002039
0.001165
0.002184
0.001238
0.002803
0.007208
0.006699
0.004369
0.002039
0.000000
0.000109
0.003204
0.003240
0.002803
0.002730
0.000765
0.000765
0.001784
0.001238
-0.000255
0.000765
0.002366
0.002403
0.003349
0.003459
0.002148
0.001274
-0.000328
-0.001129
0.000364
0.003058
0.003968
0.003422
0.002803
0.000947
0.000109
-0.000910
-0.001638
0.000874
0.004114
0.007463
0.008119
0.005024
0.000255
-0.002039
-0.002694
0.000109
0.002803
0.003750
0.003058
0.000400
-0.000619
-0.000146
0.002403
0.004988
0.006262
0.007354
0.006007
0.002767
-0.002148
-0.005497
-0.006480
-0.003022
0.000582
0.003568
0.005825
0.006917
0.005388
-0.000692
-0.007500
-0.005971
-0.005716
-0.004442
0.001056
0.005971
0.009939
0.010703
0.008592
0.002949
-0.000546
0.002548
0.004478
0.000728
-0.002912
-0.003313
0.002039
0.008155
0.011686
0.008301
0.003859
0.001129
-0.000364
-0.001638
-0.001857
0.001056
0.006007
0.010376
0.007572
-0.000400
-0.004696
-0.004332
-0.002512
0.000036
0.005097
0.005497
-0.004005
-0.010922
-0.009538
-0.006116
-0.002767
0.000000
0.002512
0.003713
0.006189
0.009174
0.010849
0.006043
-0.000291
-0.005934
-0.008082
-0.006553
-0.004951
-0.002294
0.000837
0.002330
0.001274
-0.001420
-0.001456
-0.003422
-0.006407
-0.004733
-0.001747
0.000000
0.001893
0.002512
0.002257
0.003786
0.005133
0.003167
-0.001529
-0.004696
-0.003422
0.000000
-0.000400
-0.002112
-0.002548
-0.000036
-0.000109
-0.002985
-0.003022
-0.002366
-0.000218
0.000765
0.003713
0.006589
0.007463
0.004951
-0.000692
-0.004005
-0.005315
-0.003131
-0.003095
-0.003786
-0.003968
-0.006080
-0.000146
0.008264
0.010412
0.005097
-0.006735
-0.012815
-0.007354
0.002366
0.006080
0.005643
0.001930
0.000255
-0.000328
0.000400
0.003204
0.000400
-0.000437
-0.000109
-0.001711
-0.001493
-0.000619
0.000437
0.002840
0.007099
0.006626
0.001347
-0.000218
-0.001675
-0.004114
-0.005060
-0.004587
-0.003459
-0.001602
0.002403
0.003750
0.005133
0.007099
0.006189
0.003859
-0.002075
-0.006699
-0.006626
-0.005898
-0.004260
-0.000619
0.002548
0.003167
0.001857
0.002257
0.003495
0.002658
0.001638
0.002330
0.001966
0.003277
0.003058
0.003677
0.005497
0.001092
-0.000947
-0.002403
-0.001711
0.000546
0.001347
0.000619
0.000000
0.001383
0.001347
-0.000109
0.000146
-0.002039
-0.002330
0.000765
0.002548
0.001456
0.000983
0.002476
-0.000182
-0.001311
-0.000765
0.001165
0.001784
0.000546
-0.001638
-0.002403
-0.002184
-0.001056
-0.000218
0.001274
0.000473
-0.001565
-0.001201
0.000473
0.002403
0.004587
0.004187
0.002476
0.001383
0.000364
0.001311
0.003495
0.003750
0.001784
0.000400
0.000400
0.000146
0.000400
0.001930
0.004077
0.004660
0.003531
0.000947
0.000364
0.000837
0.000837
0.000255
0.000218
0.001638
0.003568
0.003604
0.006954
0.010266
0.007245
0.003641
0.000728
-0.005170
-0.004150
0.000036
0.002512
0.003386
0.005643
0.005861
0.003604
0.001383
-0.000255
0.001238
0.002294
0.002694
0.005534
0.008228
0.009138
0.010922
0.011868
0.010885
0.008956
0.009611
0.009320
0.007973
0.007791
0.008155
0.005825
0.001274
-0.002476
-0.005789
-0.008701
-0.012742
-0.010230
-0.010012
-0.017912
-0.019950
-0.018785
-0.021662
-0.024501
-0.023992
-0.023992
-0.024647
-0.022317
-0.020387
-0.015218
-0.010885
-0.006735
-0.000728
0.002548
0.006080
0.010521
0.012851
0.016565
0.020060
0.019295
0.018603
0.018713
0.015727
0.014490
0.014271
0.013725
0.014126
0.013179
0.009138
0.003167
0.000910
-0.000837
-0.003641
-0.004077
-0.003750
-0.003895
-0.005133
-0.006553
-0.007937
-0.007536
-0.005971
-0.005133
-0.003459
-0.003022
-0.005570
-0.007063
-0.009065
-0.009648
-0.007354
-0.004806
-0.006371
-0.008046
-0.008301
-0.007026
-0.004114
-0.002803
-0.000619
-0.000874
-0.003531
-0.007427
-0.009866
-0.006881
-0.002730
-0.000036
0.001019
0.000510
-0.002694
-0.005570
-0.006080
-0.003131
-0.000619
-0.000036
0.000582
0.000473
-0.001238
-0.002548
0.000000
0.001311
-0.000546
0.002439
0.001565
-0.001092
-0.000473
0.000655
0.000437
-0.001675
-0.004551
-0.006772
-0.007099
-0.005898
-0.004915
-0.003349
-0.004587
-0.006444
-0.007572
-0.006444
-0.003786
-0.001456
0.000146
-0.000910
-0.001747
-0.004988
-0.006480
-0.002767
-0.000437
0.000000
0.001675
0.002621
0.003386
0.002002
-0.000983
-0.002767
-0.001893
-0.006043
-0.008191
-0.007536
-0.003786
-0.002039
-0.001565
0.000947
0.001893
0.001274
-0.001565
-0.001165
-0.001383
-0.006553
-0.007354
-0.005789
-0.002075
0.004114
0.007136
0.006772
-0.000910
-0.006990
-0.006335
-0.009029
-0.006444
0.002439
0.001747
0.004514
0.007390
0.004260
0.004842
0.003022
0.002476
0.002512
-0.000765
-0.000874
-0.001747
-0.001638
0.000801
0.001383
0.001129
-0.001893
-0.005206
-0.002876
0.000510
0.004514
0.006043
0.005497
0.002985
-0.001456
-0.004114
-0.001238
0.001165
0.001747
0.002257
0.002876
0.001930
0.009356
0.013616
0.007645
-0.000328
-0.012414
-0.018822
-0.015764
-0.006189
-0.002039
-0.002002
-0.002403
-0.002512
-0.001711
0.001019
0.000655
-0.000582
-0.004769
-0.005352
-0.002840
-0.000692
0.002221
0.001857
0.000182
-0.000874
0.001056
0.003531
0.006080
0.006371
0.005170
0.001675
-0.000473
-0.001565
-0.000073
0.003568
0.006298
0.006589
0.003495
-0.001638
-0.001347
0.002002
0.005643
0.008410
0.007099
0.005315
0.001711
0.000146
-0.001966
-0.001930
0.000328
-0.000947
-0.001092
-0.002803
-0.003713
-0.001347
0.000146
0.002912
0.005424
0.007900
0.009684
0.008992
0.002112
-0.020642
-0.032875
-0.011359
0.022062
0.029125
0.008701
-0.004442
-0.000510
0.003604
0.002476
0.000582
-0.001420
-0.004296
-0.003240
0.002039
0.010521
0.010631
0.006116
0.001675
0.000510
0.006553
0.012160
0.013652
0.013179
0.009830
0.004696
0.000582
0.000619
0.000073
-0.000510
0.001311
0.001238
0.000218
-0.000146
0.000582
0.001784
0.004915
0.006298
0.006153
0.005934
0.004405
0.005060
0.003568
0.002330
0.002439
0.002476
0.001347
0.001201
0.000582
-0.000692
-0.002621
-0.001675
-0.001420
-0.001675
0.001565
0.004842
0.005898
0.003859
0.005534
0.007645
0.003386
0.002148
0.002294
0.001820
0.000109
-0.001893
-0.001784
-0.000947
-0.000546
0.000437
0.000728
0.002730
0.002694
0.002512
0.007172
0.006808
-0.001529
-0.010594
-0.005898
0.005315
0.008155
0.003859
0.002039
0.001420
-0.000364
0.000109
-0.000400
0.000000
0.001747
0.003022
0.003095
0.003713
0.003022
0.001930
0.001420
0.004733
0.004150
-0.000728
-0.005024
-0.003277
0.000728
0.004223
0.006153
0.005060
0.002257
-0.000546
0.001493
0.004223
0.004369
0.002730
0.002221
0.002730
0.003531
0.004187
0.003022
0.002548
0.003058
0.001456
0.001456
0.003240
0.003459
0.002294
0.003349
0.004951
0.002767
0.002002
0.003604
0.004041
0.002148
0.002330
0.003531
0.003713
0.000655
0.000073
0.003349
0.003167
0.002039
0.003786
0.004551
0.002112
0.000073
0.002366
0.002694
0.000182
-0.000655
0.001092
0.001493
0.001529
0.004988
0.008264
0.009575
0.006080
0.000510
-0.003968
-0.002330
0.000364
0.001966
0.003277
0.002075
-0.003058
-0.001711
0.002112
-0.000546
-0.001747
-0.001820
-0.000801
0.002366
0.006517
0.008446
0.007791
0.006371
0.006517
0.005461
0.001056
-0.000874
0.000182
0.002257
0.001129
0.000947
0.002112
0.002184
0.000400
0.000218
0.001784
0.000874
-0.001274
0.000182
0.002112
0.004624
0.005242
0.004514
0.002803
0.001165
0.000437
0.001056
0.003750
0.004514
0.002548
0.001638
0.002257
0.002439
0.003131
0.003240
0.002621
0.001711
0.001675
0.002112
0.004587
0.006881
0.006335
0.004260
0.002621
0.001747
0.001930
0.003313
0.003786
0.002221
0.000000
-0.001019
-0.000510
0.001784
0.003459
0.003677
0.003349
0.004442
0.003568
0.002512
0.002803
0.002912
0.003968
0.003786
0.005861
0.006917
0.008009
0.007973
0.005170
0.000692
-0.002330
0.001930
0.001675
-0.000655
0.002403
0.004150
0.004660
0.005242
-0.000328
-0.003604
-0.001311
0.003750
0.005825
0.006990
0.008228
0.007791
0.008919
0.010012
0.005934
-0.003568
-0.008410
-0.006189
-0.000692
0.005971
0.011431
0.012560
0.005534
-0.001638
-0.006262
-0.006662
-0.001165
0.003240
0.003568
0.000619
0.000109
0.003677
0.006116
0.007427
0.009466
0.011249
0.012706
0.014271
0.018167
0.024865
0.030909
0.031564
0.026576
0.010485
0.001747
0.020533
0.054755
0.067897
0.038663
-0.017730
-0.073431
-0.095711
-0.084790
-0.070300
-0.062509
-0.064184
-0.069863
-0.074523
-0.069317
-0.047692
-0.018785
0.008810
0.023955
0.026613
0.023919
0.024064
0.030727
0.045071
0.053990
0.052862
0.045071
0.031309
0.016201
0.002658
-0.008592
-0.019805
-0.026285
-0.029052
-0.027778
-0.021407
-0.011431
-0.005133
-0.001930
-0.000073
-0.005716
-0.011431
-0.009065
0.001238
0.010376
0.014198
0.015473
0.011796
0.008737
0.009247
0.010157
0.005679
0.000364
-0.003313
-0.006699
-0.012414
-0.017766
-0.020242
-0.019150
-0.017985
-0.021334
-0.024647
-0.024975
-0.022899
-0.019768
-0.014562
-0.010813
-0.007864
-0.003422
0.000000
0.000837
0.002184
0.003713
0.002840
-0.000983
-0.003095
-0.004150
-0.006808
-0.008737
-0.008046
-0.005497
-0.003495
-0.001274
-0.000728
-0.001129
-0.003531
-0.005133
-0.004187
-0.004587
-0.006444
-0.009502
-0.009757
-0.009284
-0.011104
-0.013907
-0.018021
-0.018421
-0.016164
-0.015400
-0.013361
-0.008628
-0.000947
0.008665
0.012232
0.007136
-0.000109
-0.003859
-0.007063
-0.010194
-0.013070
-0.013652
-0.010121
-0.008410
-0.005861
-0.003277
-0.003968
-0.006553
-0.012160
-0.013725
-0.012232
-0.015363
-0.017184
-0.014781
-0.011249
-0.010157
-0.010485
-0.010449
-0.006043
0.000218
0.003823
0.002002
-0.002876
-0.005024
-0.003167
0.000983
0.002694
-0.000182
-0.004442
-0.009575
-0.012232
-0.013033
-0.012087
-0.013215
-0.013106
-0.008446
-0.004296
-0.001019
-0.001420
-0.006772
-0.005607
-0.000947
0.000473
-0.004005
-0.013252
-0.018349
-0.010667
0.001092
0.006298
0.002585
-0.005934
-0.015655
-0.021188
-0.015873
0.001711
0.016747
0.017256
0.000073
-0.022062
-0.035605
-0.033603
-0.016965
0.003677
0.019368
0.024720
0.024465
0.016929
0.000109
-0.020679
-0.039537
-0.041466
-0.025521
-0.006699
0.008082
0.014162
0.010885
0.005133
-0.002621
-0.013179
-0.025047
-0.032074
-0.025921
-0.010084
0.008737
0.019914
0.016929
0.008592
0.000837
-0.007390
-0.014562
-0.016237
-0.015909
-0.012924
-0.009247
-0.004332
0.000801
0.001893
-0.002148
-0.007281
-0.009939
-0.010376
-0.011395
-0.012196
-0.009356
-0.004660
-0.002476
-0.002476
-0.003895
-0.005643
-0.007937
-0.012633
-0.015036
-0.011832
-0.005752
-0.000582
0.002221
0.003131
0.001602
-0.002621
-0.007682
-0.010958
-0.011941
-0.010958
-0.008119
-0.003932
0.002112
0.002803
0.001493
-0.002294
-0.010303
-0.012269
-0.012997
-0.011067
-0.002840
0.002730
0.001675
0.001565
0.000291
-0.006298
-0.008155
-0.007063
-0.009538
-0.007754
-0.006298
-0.002476
0.003313
0.006153
0.003823
-0.003058
-0.008046
-0.009866
-0.006189
-0.000291
0.004624
0.005060
-0.001711
-0.009429
-0.012342
-0.009902
-0.005679
0.001602
0.005060
0.003459
0.001602
0.002294
0.002112
-0.001711
-0.003131
-0.000073
0.002548
0.003968
0.005352
0.005133
0.003240
-0.001347
-0.004442
-0.003349
-0.002548
-0.000910
0.000728
-0.000801
-0.002949
-0.005752
-0.005716
-0.003422
-0.000109
0.004624
0.007973
0.007791
0.004405
0.000837
-0.003058
-0.004696
-0.002512
-0.000255
0.001930
0.000983
-0.000218
-0.002621
-0.002694
-0.000801
-0.000983
0.001857
0.003313
0.003058
0.000692
-0.001784
-0.000947
0.000364
0.003022
0.008774
0.011577
0.009356
0.007281
0.011941
0.008592
0.005789
0.007390
0.001602
-0.001820
-0.004514
-0.006262
0.000947
0.004405
-0.004041
-0.004442
-0.007463
-0.011104
-0.005497
-0.002366
-0.000400
-0.002548
-0.005424
-0.002658
0.004551
0.006844
0.003204
0.005097
0.001529
-0.001456
-0.000291
0.000619
-0.003240
-0.008592
-0.014490
-0.007463
-0.001893
-0.001129
0.003932
0.007645
0.006772
0.010121
0.009793
0.005716
0.003313
0.003713
0.002985
0.001638
0.003422
0.002002
-0.001201
-0.004806
-0.008810
-0.010631
-0.011322
-0.009393
-0.007718
-0.006444
-0.003022
0.001311
0.002694
-0.000437
-0.000218
-0.001747
-0.005934
-0.006371
-0.004551
-0.007682
-0.013033
-0.015800
-0.016638
-0.014417
-0.008155
-0.000437
0.004442
0.003750
-0.000400
-0.004915
-0.005752
-0.008774
-0.017402
-0.010594
0.012669
0.016492
0.007791
0.003349
0.000291
-0.001857
-0.006517
-0.011577
-0.011286
-0.010084
-0.001893
0.006954
0.002621
-0.003386
-0.005133
-0.003095
-0.001638
0.003823
0.010740
0.010339
0.006917
0.000947
-0.005170
-0.013325
-0.019805
-0.024610
-0.019768
-0.010558
0.003095
0.015145
0.014490
0.003604
-0.010339
-0.021407
-0.021407
-0.009866
0.002148
0.008264
0.012014
0.014053
0.006444
-0.002730
-0.010157
-0.011468
-0.008373
-0.003095
0.001565
0.007245
0.007572
0.005534
0.000146
-0.005424
-0.006043
-0.003240
-0.001056
-0.001820
-0.003349
-0.001238
0.001347
0.000182
-0.003167
-0.007900
-0.007390
-0.002002
-0.002585
0.001784
-0.001784
0.006153
-0.003677
0.001056
0.000036
0.000000
0.007354
0.005716
0.002148
-0.007973
-0.008009
-0.004951
0.002184
0.006189
0.000801
-0.004150
-0.003968
-0.007354
-0.010084
-0.010740
-0.005206
0.001820
0.006007
0.007026
0.004551
-0.000910
-0.007208
-0.007390
-0.008046
-0.007937
-0.004150
0.000036
0.000328
-0.002548
-0.004041
-0.001383
-0.003386
-0.004878
-0.004696
-0.004769
-0.002876
-0.004114
-0.003823
-0.002840
-0.005679
-0.007354
-0.008155
-0.007718
-0.006335
-0.005097
-0.005352
-0.005315
-0.003277
-0.006153
-0.009830
-0.003277
0.006444
0.001201
-0.012487
-0.018276
-0.007609
0.005752
0.006043
-0.000837
-0.005279
-0.011650
-0.007645
0.000874
0.000546
0.001420
0.004660
-0.001092
-0.004842
-0.004988
-0.004514
-0.006990
-0.006917
-0.008774
-0.006153
0.002184
0.001092
-0.004624
-0.000728
-0.002257
-0.006517
-0.002221
-0.007281
-0.012961
-0.007572
-0.000728
-0.001238
-0.000073
-0.001966
-0.009101
-0.004806
-0.003531
-0.005461
-0.001056
-0.001347
0.000000
0.002366
0.000182
-0.000073
0.001019
0.001529
0.002730
0.003167
-0.000910
-0.004514
-0.001857
-0.001893
0.001129
0.009429
0.004587
-0.003459
-0.009320
-0.008373
-0.005424
0.001638
0.006298
0.000073
-0.007682
-0.012014
-0.011941
-0.011031
-0.009174
-0.002767
0.003786
0.004733
0.004332
0.007572
0.004587
-0.003859
-0.006699
-0.000765
0.008119
0.007572
0.005170
0.001966
-0.001129
-0.008082
-0.013361
-0.012269
-0.008519
-0.004951
0.002985
0.004842
0.002366
0.002585
0.000510
-0.000728
0.003240
0.001019
-0.000510
0.004478
0.007645
0.007063
0.002621
-0.002039
-0.005497
-0.007390
-0.005534
-0.005060
-0.003459
0.001966
0.004514
0.002876
0.001456
0.000947
0.000947
0.000874
0.000000
-0.000255
0.001201
0.002366
0.001019
-0.001675
-0.001675
0.000146
0.002002
0.001784
-0.003277
-0.008665
-0.009138
-0.005534
-0.000218
0.002985
-0.000073
-0.003022
-0.003422
-0.002803
-0.000364
0.003167
0.004696
0.000801
-0.003786
-0.005024
-0.001493
0.003786
0.004114
0.002512
0.000291
-0.003204
-0.005716
-0.003859
0.001165
0.003095
0.001820
0.000146
0.001092
0.002621
0.001820
0.002330
0.004369
0.004660
0.002803
0.002257
0.003277
0.003932
0.003240
0.000619
-0.000182
0.001129
0.002257
0.002876
0.004624
0.005206
0.002294
0.000000
-0.000473
0.001056
0.004587
0.006772
0.003641
-0.000837
-0.002439
-0.002039
-0.001529
-0.001711
-0.001238
0.000983
0.002002
0.002912
0.001311
-0.000692
-0.002330
-0.004077
-0.004696
-0.001893
0.004114
0.005461
0.004551
0.002985
0.001165
-0.000218
-0.001565
-0.000582
0.000582
0.002039
0.004478
0.003095
0.001092
-0.002075
-0.002002
0.000328
0.002294
0.003277
0.003095
0.004951
0.004624
0.001529
0.002512
0.003495
0.003131
0.000983
-0.001747
-0.004587
-0.006881
-0.003204
0.000291
0.002221
0.002184
0.000582
-0.000983
-0.002621
-0.001311
-0.000218
0.000874
0.000000
-0.001675
-0.001930
-0.002002
-0.001019
-0.002548
-0.003095
-0.000910
0.002075
0.004005
0.004260
0.004369
0.004260
0.003677
0.001711
-0.002366
-0.002585
-0.003313
-0.000400
0.004915
0.008119
0.008228
0.004806
0.000947
-0.003167
-0.004660
-0.002221
0.001675
0.003713
0.002876
0.002294
0.002221
0.004951
0.003932
0.001529
0.001129
0.001893
0.002876
0.001238
-0.001347
-0.002148
-0.000765
0.001820
0.003386
0.003022
0.003022
0.005497
0.003968
0.000983
0.002439
0.003823
0.001383
-0.001820
-0.003277
-0.000874
0.002112
0.001565
0.001966
0.005242
0.004733
0.004296
0.002876
0.000109
0.003313
0.006990
0.005643
0.002184
0.004405
0.003058
-0.007026
-0.007172
0.001311
0.004405
-0.001711
-0.004988
-0.002694
-0.001565
-0.001893
-0.000655
0.001056
0.004696
0.007318
0.005716
0.003349
0.003604
0.004988
0.006444
0.006225
0.006662
0.006116
0.006298
0.005607
0.002476
0.001784
0.002075
0.004005
0.004405
0.004806
0.004442
0.003786
0.004150
0.006954
0.008883
0.008737
0.004806
0.001056
-0.003313
-0.005242
-0.004842
-0.000837
0.005424
0.008446
0.007645
0.006262
0.006225
0.006298
0.005242
0.005242
0.002403
-0.000473
-0.001274
0.001711
0.003713
0.001820
0.000255
-0.001857
-0.005206
-0.005789
-0.002366
0.006116
0.012524
0.014308
0.016456
0.014817
0.011905
0.007390
0.001383
-0.002221
-0.005752
-0.007864
-0.007500
-0.005206
0.001092
0.006517
0.011395
0.009466
0.002840
-0.000400
0.002330
0.004369
0.004696
0.003495
0.000874
0.002658
0.003277
0.003022
0.005716
0.011067
0.011286
0.007026
0.003277
-0.006298
-0.012487
-0.011286
-0.004878
0.003641
0.012087
0.014053
0.009320
0.002148
-0.002148
-0.007026
-0.009648
-0.007136
-0.003713
0.002330
0.005461
0.005279
0.002002
-0.001602
-0.002621
-0.002403
-0.001893
-0.000073
-0.001347
-0.004806
-0.007682
-0.005861
-0.000473
0.006043
0.011796
0.010667
0.004660
-0.001857
-0.007609
-0.009466
-0.007791
-0.006990
-0.004988
0.000947
0.006407
0.007973
0.005206
-0.000400
-0.003495
-0.006954
-0.008155
-0.007099
-0.005315
0.000437
0.001966
-0.000619
-0.004041
-0.005825
-0.004842
-0.002002
-0.001857
-0.000182
0.000073
0.000728
0.002767
0.004442
0.001747
-0.006553
-0.010012
-0.006699
-0.000874
0.002039
0.000765
-0.001857
0.000255
0.005898
0.006444
-0.001784
-0.009866
-0.009939
-0.003823
-0.002439
0.002075
0.007172
0.008701
0.005461
0.001165
0.000000
0.000291
0.001456
-0.001311
-0.002767
-0.000255
0.000947
-0.004551
-0.006080
-0.001347
0.002585
0.004223
0.003422
-0.000983
-0.007063
-0.009538
-0.002439
0.006043
0.004587
-0.000218
0.002694
0.001966
-0.008446
-0.009866
0.000582
0.004624
0.001311
-0.000619
-0.002330
-0.004187
-0.004988
-0.004915
-0.003604
0.000073
0.001930
0.002585
-0.000400
-0.006116
-0.008519
-0.006371
-0.003131
-0.000801
0.002257
0.005206
0.007718
0.003167
-0.002694
-0.001493
-0.006262
-0.013179
-0.016601
-0.015545
-0.005170
0.009174
0.013871
0.006116
-0.006189
-0.011359
-0.010121
-0.009684
-0.009247
-0.004405
0.002621
0.010339
0.011504
0.005497
0.002002
0.001784
-0.003058
-0.013798
-0.021552
-0.022426
-0.016091
-0.002621
0.006772
0.007937
0.008119
0.008046
0.007973
0.005789
0.001274
-0.004223
-0.009429
-0.014926
-0.016456
-0.013761
-0.009356
-0.006225
-0.004660
0.000073
0.004733
0.005097
0.002184
-0.001019
-0.003277
-0.006007
-0.005060
0.001602
0.010266
0.016346
0.012087
0.003277
-0.002075
-0.009902
-0.009101
-0.001347
0.003240
0.008883
0.007937
-0.000109
-0.008191
-0.012269
-0.011359
-0.009101
-0.001602
0.006262
0.008883
0.015181
0.017329
0.013434
0.006225
-0.007318
-0.019040
-0.021771
-0.012524
-0.004405
0.000692
0.004696
0.005024
0.000692
-0.003204
-0.007063
-0.007572
-0.005898
0.000000
0.006407
0.010958
0.006954
0.007099
0.005716
-0.005752
-0.014271
-0.020133
-0.025994
-0.019914
-0.007427
-0.000765
0.018822
0.031528
0.015400
-0.006844
-0.018349
-0.022317
-0.014016
-0.006772
-0.009211
-0.013070
-0.012815
-0.012196
-0.008956
-0.006116
-0.006662
-0.007318
-0.005789
-0.006043
-0.009757
-0.011395
-0.009356
-0.007427
-0.003968
-0.001165
-0.004187
-0.002548
0.003204
0.011905
0.017366
0.016638
0.003968
-0.014708
-0.035241
-0.045944
-0.035496
-0.013943
0.005534
0.014053
0.016929
0.012815
-0.001165
-0.011796
-0.008009
-0.001565
-0.003095
-0.017147
-0.026613
-0.026576
-0.018531
-0.013325
-0.009320
-0.007318
-0.005570
-0.007318
-0.004369
0.003277
0.003750
0.002112
0.007609
0.001238
-0.017912
-0.027741
-0.023009
-0.021516
-0.020060
-0.012342
-0.007318
-0.011395
-0.011650
-0.008847
-0.007026
-0.003240
-0.000291
0.001311
0.004077
0.006699
0.004114
-0.000582
-0.007099
-0.011686
-0.009830
-0.007172
-0.007682
-0.012888
-0.018057
-0.017438
-0.012232
-0.006954
-0.003459
0.001565
0.002075
-0.003750
-0.005388
-0.002366
-0.003022
-0.005825
-0.006662
-0.006881
-0.007572
-0.007463
-0.012669
-0.018167
-0.013106
-0.006298
-0.004769
-0.003167
-0.002039
-0.004624
-0.007318
-0.004514
-0.002621
-0.005315
-0.008264
-0.006954
-0.007973
-0.008119
-0.010813
-0.011541
-0.007645
-0.007136
-0.001274
0.002366
-0.002075
-0.005789
-0.007281
-0.005716
-0.005825
-0.004696
-0.001565
-0.006626
-0.010048
-0.012779
-0.010012
-0.005133
-0.005461
-0.004587
-0.000765
-0.002767
-0.002548
0.001238
-0.002148
-0.002257
-0.002548
-0.006371
-0.006917
-0.006589
-0.007026
-0.009975
-0.010012
-0.008665
-0.006954
-0.002330
-0.000619
-0.001493
-0.001784
-0.000582
-0.000837
0.001966
0.004114
-0.004660
-0.006080
-0.002949
-0.004551
-0.004260
-0.003859
-0.003022
-0.001893
-0.001347
-0.002949
-0.005716
-0.002949
-0.002257
-0.002949
-0.004587
-0.007099
-0.005133
-0.002403
-0.000146
-0.000109
-0.000983
-0.002730
-0.003859
-0.004077
-0.002912
-0.000364
-0.000109
0.000801
0.000910
0.002949
0.004223
0.001820
-0.000619
-0.006007
-0.008592
-0.005789
-0.002730
0.002039
0.003495
0.003277
0.000437
-0.000582
-0.000655
-0.001056
0.000910
0.002294
0.001638
0.001529
0.001092
-0.000837
-0.003677
-0.004842
-0.006589
-0.006881
-0.003459
0.000109
0.003968
0.006772
0.007172
0.005497
0.003968
0.003932
0.000947
-0.001347
-0.002148
-0.004988
-0.005170
-0.007427
-0.003022
0.001092
0.002767
0.002075
0.001857
0.001930
0.002221
0.003459
-0.000073
-0.002803
0.000837
0.005242
0.005752
-0.000983
-0.003422
0.000000
0.001638
0.000582
-0.000218
0.002512
0.000728
-0.001129
-0.001056
0.002585
0.003422
-0.000218
-0.001201
0.001383
0.006043
0.001820
-0.003968
-0.002294
0.002621
0.006153
0.006735
0.004114
0.001274
-0.000146
-0.000765
-0.001529
-0.001056
-0.001456
0.000328
0.001019
0.002148
0.002039
0.000837
0.000728
0.001019
0.001638
0.004988
0.007827
0.007572
0.003277
0.000655
0.000473
-0.000874
-0.001893
-0.001165
0.000619
0.000947
0.001602
0.000510
-0.000400
0.002039
0.004005
0.004260
0.002876
0.001019
0.001893
0.004951
0.006407
0.004842
0.006007
0.007900
0.006844
0.002585
0.000619
0.003167
0.005170
0.007099
0.007864
0.007609
0.008774
0.012378
0.011796
0.001347
-0.009648
-0.013798
-0.008883
0.003459
0.016601
0.021807
0.018094
0.008373
-0.004405
-0.013215
-0.012524
-0.001274
0.010449
0.016128
0.014708
0.008155
0.000328
-0.005352
-0.006626
-0.000546
0.005242
0.006990
0.006735
0.004442
0.001930
-0.000400
0.000364
0.002730
0.003604
0.005170
0.005024
0.004733
0.002002
0.002112
0.003750
0.004114
0.003240
0.001238
-0.000400
-0.001347
-0.000473
0.002403
0.003677
0.003240
0.001930
0.001238
0.001092
0.001129
0.001274
0.000692
0.003131
0.003386
0.004150
0.003386
0.003786
0.000291
-0.002694
-0.000510
0.001930
0.001420
0.000218
0.000983
0.001711
0.000910
0.000947
0.001602
0.002112
0.002548
0.002184
0.002512
0.002112
0.002548
0.002767
0.001420
-0.002112
-0.000218
0.006480
0.006626
0.003386
0.001784
0.003167
0.002075
-0.002949
-0.005643
-0.004915
0.000036
0.007390
0.012269
0.012196
0.006589
0.001784
-0.000692
0.000255
0.002112
0.003131
0.004551
0.005497
0.005279
0.003859
0.000109
-0.002366
-0.003641
-0.005497
-0.006662
-0.003058
0.001565
0.003677
0.005643
0.005461
0.003313
-0.001420
-0.002403
-0.002548
-0.001529
0.000218
0.001711
0.003604
0.006444
0.007354
0.005825
0.001493
-0.000255
-0.001529
-0.001529
0.000218
0.002767
0.007973
0.008956
0.007245
0.000182
-0.006990
-0.009902
-0.006954
-0.000947
0.001857
0.004988
0.005934
0.005060
0.005643
0.001893
-0.000983
-0.000910
-0.001747
-0.001092
0.001893
0.003968
0.001238
0.000036
0.001529
0.001201
0.001238
0.004296
0.004878
0.002439
-0.002184
-0.004260
-0.003641
-0.004041
-0.002840
0.001165
0.002730
0.001383
-0.000437
0.000328
0.000582
0.000582
0.002257
0.004187
0.006371
0.005024
0.003786
0.004442
0.004150
0.004369
0.004005
0.001675
-0.001383
-0.002330
-0.001747
-0.000582
-0.001311
-0.001092
0.002112
0.006480
0.006735
0.006844
0.006335
0.003786
0.000000
-0.002439
0.001238
0.006225
0.006662
0.004915
0.004988
0.006262
0.002512
-0.001893
-0.004369
-0.001820
0.004951
0.006335
0.003895
-0.001019
-0.001857
0.001165
0.003204
0.002184
0.001383
0.000255
-0.001966
-0.001201
0.001383
0.000947
-0.000655
0.001493
0.003531
0.002840
0.001056
0.005315
0.008810
0.007136
-0.001019
-0.005461
-0.005607
-0.006371
-0.007245
-0.004624
-0.000728
0.002621
0.003531
0.002730
0.002694
0.003568
0.003932
0.003786
0.003022
0.003531
0.003131
0.002439
0.001238
0.000109
-0.001711
-0.000218
0.001638
-0.001056
-0.001456
0.001711
0.002730
0.000692
-0.001274
-0.002949
-0.004405
-0.007318
-0.003058
0.005170
0.007682
0.007827
0.004587
-0.000036
-0.003495
-0.004624
-0.001311
0.003750
0.007208
0.009029
0.005789
-0.000983
-0.008119
-0.014781
-0.015218
-0.007827
0.000255
0.008301
0.015072
0.023300
0.024756
0.011031
-0.005206
-0.021006
-0.018312
-0.011723
-0.006917
-0.005024
0.010594
0.023627
0.025557
0.020861
0.005170
-0.015436
-0.031600
-0.035459
-0.024720
-0.004915
0.018749
0.029889
0.021953
0.006407
-0.007390
-0.015254
-0.015655
-0.010667
-0.008555
-0.001420
0.004260
0.001857
0.001201
0.000874
-0.004951
-0.015655
-0.017402
-0.007572
0.001930
0.005898
0.005534
0.002548
-0.004951
-0.014417
-0.014271
-0.008628
0.000728
0.007864
0.011868
0.008009
-0.000765
-0.009720
-0.018822
-0.021880
-0.017730
-0.012451
-0.005861
0.002694
0.010412
0.011104
0.003823
-0.006153
-0.015036
-0.020096
-0.018858
-0.010667
0.001165
0.009975
0.011941
0.004951
-0.003604
-0.008992
-0.014453
-0.013725
-0.011395
-0.007281
-0.005607
-0.005570
-0.003495
-0.005424
-0.009356
-0.015473
-0.019878
-0.013543
-0.005679
-0.001747
0.000000
0.000364
-0.001565
-0.005971
-0.008337
-0.004587
-0.004150
-0.004660
-0.004696
-0.004696
-0.005170
-0.007281
-0.008155
-0.006772
-0.005097
-0.002330
-0.003058
-0.003422
-0.002803
-0.002257
-0.002730
-0.002694
-0.004878
-0.007864
-0.007572
-0.003932
-0.001347
-0.000255
0.000910
-0.001565
-0.006699
-0.007900
-0.005789
-0.004842
-0.003859
-0.003022
-0.003058
-0.004332
-0.005461
-0.003932
-0.001201
-0.001129
-0.003277
-0.006589
-0.009575
-0.006954
-0.001274
0.004842
0.007609
0.005170
0.001274
-0.003240
-0.006116
-0.007791
-0.010157
-0.007609
-0.006844
-0.004260
-0.000218
0.005060
0.007354
0.003349
-0.002439
-0.008810
-0.012196
-0.012196
-0.009284
-0.002767
0.002002
0.002730
0.001347
-0.000291
-0.001893
-0.001383
-0.000146
-0.001019
-0.000837
-0.000947
-0.005170
-0.009757
-0.010449
-0.008301
-0.005352
-0.001857
-0.001274
-0.000218
0.004077
0.002585
-0.003641
-0.007318
-0.008628
-0.004769
0.002512
0.007136
0.005424
0.003786
-0.001056
-0.006116
-0.006735
-0.003240
-0.005352
-0.007536
-0.005752
-0.002548
-0.001238
-0.000036
0.001201
0.004587
0.003750
0.000619
-0.003204
-0.005242
-0.001784
0.002585
0.002039
-0.002730
-0.002512
-0.000255
-0.001711
0.000437
0.000728
-0.003095
-0.007245
-0.007136
-0.001019
0.003386
0.005206
0.004806
0.001930
-0.000109
0.003313
0.005570
0.006480
0.004114
-0.000582
-0.005461
-0.007463
-0.007245
-0.008264
-0.004988
-0.005607
-0.004514
0.011213
0.016456
0.009356
0.000692
-0.008301
-0.008992
-0.002767
0.003568
0.002002
-0.010594
-0.013143
0.005643
0.014308
0.001747
-0.010703
-0.012779
-0.012524
-0.012305
-0.011249
-0.007026
-0.004442
-0.007645
-0.011686
-0.008119
-0.002548
-0.001420
-0.001966
-0.002112
-0.001893
-0.002730
0.000218
0.004405
0.005424
0.004696
0.004915
0.005643
0.003204
0.001747
0.003968
0.007500
0.007754
0.005424
0.002002
-0.003349
-0.006262
-0.006699
-0.007281
-0.004041
-0.002148
0.000328
-0.001201
-0.005497
-0.008046
-0.007099
-0.003459
-0.000255
0.003968
0.009975
0.006844
-0.002257
-0.006735
-0.006262
-0.005898
-0.004478
-0.003932
-0.006298
-0.006335
-0.004114
-0.003277
0.003167
0.006080
0.005279
0.003932
0.000437
-0.001311
-0.002730
0.002512
0.000983
-0.003604
-0.006772
-0.003131
0.003022
0.003823
-0.001165
-0.003786
-0.005570
-0.004514
0.000473
0.003641
0.001311
0.001238
-0.000546
-0.006153
-0.008046
-0.002330
0.003895
0.002985
-0.002512
-0.004769
-0.001347
-0.000655
-0.001893
-0.001420
-0.001966
0.001820
0.004332
0.004988
0.002439
-0.001857
-0.007682
-0.006517
-0.006189
-0.003386
0.000400
0.006043
0.007645
0.006407
0.002548
-0.002840
-0.006808
-0.006298
-0.002658
-0.001565
-0.002366
-0.000437
0.005388
0.009174
0.009320
0.006225
0.000073
-0.008883
-0.014781
-0.014999
-0.010667
-0.002039
0.005716
0.011614
0.013434
0.010376
0.003786
-0.001893
-0.004806
-0.005607
-0.007864
-0.008737
-0.005279
0.002548
0.011759
0.011614
0.007609
0.000000
-0.006626
-0.004878
-0.004514
-0.004150
-0.004551
-0.003786
-0.001311
-0.001056
0.001602
0.002912
0.003968
0.004005
0.002949
0.000692
-0.000728
-0.000655
0.000291
0.000364
0.000947
0.000291
0.002112
0.003677
0.002476
-0.001565
-0.006480
-0.007900
-0.006808
-0.001930
0.002039
0.002949
0.000000
-0.001019
0.000546
0.002294
0.007900
0.010849
0.005206
-0.002184
-0.008264
-0.009611
-0.006153
-0.001092
0.003022
0.002148
-0.002840
-0.003022
0.000510
0.000801
0.001129
-0.000655
-0.005097
-0.010121
-0.010303
-0.009466
-0.006990
-0.001274
0.005024
0.010995
0.013689
0.015618
0.014599
0.014490
0.013033
0.006699
-0.001930
-0.009065
-0.012961
-0.014562
-0.012414
-0.007281
-0.003058
0.002985
0.008956
0.011796
0.013980
0.013980
0.009538
0.004806
0.001056
-0.000328
-0.001201
0.000765
0.002730
0.002221
0.000728
-0.000582
-0.001165
-0.000582
0.000655
0.001893
0.000765
-0.000510
-0.001529
-0.002075
-0.001165
-0.000255
0.001056
0.001092
0.003313
0.004624
0.003459
0.001820
0.000947
0.000109
-0.000837
-0.001966
-0.002184
-0.003895
-0.005752
-0.004842
-0.000073
0.002221
0.002803
0.004988
0.005971
0.007645
0.007536
0.006990
0.003422
0.001529
0.000109
-0.000328
-0.000218
-0.001675
-0.001056
0.000328
0.003823
0.007172
0.007973
0.008046
0.005643
0.002476
-0.001201
-0.004478
-0.004733
-0.003022
-0.000291
0.003968
0.007500
0.008592
0.008009
0.005570
0.004114
0.003167
0.001857
0.002148
0.000801
0.000291
0.000000
-0.001238
-0.001019
0.000000
0.001638
0.004696
0.006262
0.007973
0.007754
0.005242
0.003568
0.001675
-0.001383
-0.001347
0.000473
-0.001311
-0.001165
-0.000073
0.000291
0.002221
0.005352
0.004587
0.004806
0.006080
0.005242
0.002366
0.001638
0.000874
-0.001201
-0.002075
-0.002840
-0.002294
-0.000910
0.002257
0.004587
0.005206
0.005861
0.007427
0.007245
0.006844
0.005060
0.003095
0.002512
0.001238
0.000328
0.001529
0.001638
0.001201
0.001456
0.003095
0.003459
0.004551
0.005789
0.004696
0.003167
0.002912
0.004624
0.004478
0.001092
0.000728
0.001274
0.002075
0.003167
0.002767
0.007682
0.010376
0.004150
0.000146
-0.001092
-0.000328
-0.001638
-0.002330
0.000655
0.003313
0.004478
0.002002
0.002294
0.003240
0.002694
0.002694
0.003277
0.006007
0.005060
0.004915
0.004150
-0.002767
-0.010449
-0.009975
-0.001092
0.007427
0.010339
0.011832
0.007754
0.000546
-0.003641
-0.001420
0.001711
0.002476
0.001784
0.000910
-0.000400
-0.002803
-0.003968
-0.004150
-0.001638
0.001893
0.005643
0.007063
0.007900
0.006007
0.001165
-0.001201
-0.001456
-0.000728
0.000473
0.003568
0.008701
0.010376
0.007973
0.006153
0.003786
0.000765
-0.000182
0.000765
-0.000364
-0.000036
-0.002148
-0.003786
-0.003095
-0.000218
0.001347
-0.001347
-0.000728
0.002148
0.005315
0.005934
0.003240
0.002767
0.000400
-0.003131
-0.003022
-0.001420
0.000146
-0.000510
0.001092
-0.000182
-0.002075
-0.002694
-0.003022
-0.002366
-0.001311
0.001675
0.003677
0.003095
0.003604
0.003095
0.002658
0.002694
0.003750
0.003568
0.001565
0.001784
0.002803
0.002658
0.003459
0.005789
0.005534
0.001129
-0.001893
-0.002730
-0.004005
-0.003277
-0.000364
0.004114
0.005752
0.004150
0.002148
-0.000837
-0.003786
-0.004369
-0.002403
-0.001019
0.000291
0.000582
-0.002548
-0.000582
0.006444
0.011577
0.012815
0.012087
0.009575
0.003204
0.000619
-0.000073
-0.005570
-0.004223
-0.000874
-0.001529
-0.000837
0.000473
0.001201
0.001238
0.002803
0.004296
0.005534
0.004878
0.006699
0.008737
0.007172
0.000182
-0.006954
-0.011577
-0.011650
-0.008337
-0.003459
0.002476
0.009356
0.013179
0.008373
0.003713
-0.000400
-0.001347
-0.001857
-0.004696
-0.010449
-0.013543
-0.016164
-0.011759
-0.002767
0.006225
0.012851
0.019150
0.017511
0.006662
-0.003386
-0.012888
-0.018385
-0.017766
-0.010813
-0.000910
0.010885
0.020606
0.021662
0.008919
-0.003531
-0.011322
-0.012160
-0.011614
-0.010813
-0.005497
-0.005315
-0.005570
-0.003277
-0.001238
-0.001675
-0.005097
-0.008446
-0.012087
-0.010849
-0.005789
-0.001456
0.003604
0.001129
-0.006990
-0.013725
-0.014672
-0.012451
-0.009502
-0.002730
0.002294
0.003750
0.001092
-0.004005
-0.006407
-0.006080
-0.004077
-0.003277
-0.004077
-0.003968
-0.003859
-0.001638
-0.002803
-0.003240
-0.004551
-0.006699
-0.008737
-0.009684
-0.005206
0.000036
0.004915
0.005133
0.002002
-0.003422
-0.010703
-0.013106
-0.010813
-0.005024
0.003022
0.005242
0.003386
-0.000291
-0.004077
-0.005752
-0.005242
-0.004988
-0.008009
-0.010230
-0.007864
-0.005097
-0.003823
-0.000910
0.001930
0.004478
0.004514
0.003422
0.003349
0.001019
-0.004077
-0.009502
-0.015837
-0.014453
-0.008483
-0.000510
0.005279
0.009538
0.012269
0.006844
-0.002694
-0.014490
-0.019841
-0.014380
-0.004915
0.002476
0.004478
0.003095
0.000109
-0.004514
-0.007281
-0.007973
-0.004332
-0.002658
-0.000874
0.002148
0.003240
0.001711
-0.002221
-0.008956
-0.014308
-0.015582
-0.010449
-0.001930
0.005789
0.007026
0.005424
0.004806
0.003568
0.002658
-0.000218
-0.003386
-0.008373
-0.009101
-0.003568
0.004660
0.009174
0.006080
-0.002621
-0.011395
-0.015145
-0.010885
-0.007609
-0.003823
0.000510
0.004951
0.006298
0.000910
-0.007063
-0.008628
-0.004878
-0.002002
0.007536
0.011759
0.004405
0.000582
-0.005097
-0.014635
-0.024501
-0.017002
0.006517
0.022208
0.011468
-0.013361
-0.019841
-0.018203
-0.012414
-0.001129
0.005388
0.003823
0.002512
0.003386
-0.008082
-0.016820
-0.014526
-0.005242
-0.000218
-0.001019
-0.004260
-0.008119
-0.010813
-0.006553
0.000473
0.003349
-0.002257
-0.007281
-0.006844
-0.004551
-0.004696
-0.004260
-0.003313
-0.000947
0.001056
0.000765
-0.000364
-0.003167
-0.011031
-0.016528
-0.011286
-0.005097
0.000146
0.000146
-0.001019
-0.001383
-0.001966
-0.004660
-0.010157
-0.009429
-0.005789
-0.004296
-0.004296
-0.000146
0.001383
-0.003968
-0.007245
-0.004514
-0.002658
-0.003604
-0.004405
-0.003641
-0.003459
-0.002730
-0.003459
-0.003641
-0.004733
-0.002767
-0.000036
-0.002294
-0.003349
-0.004296
-0.004551
-0.005133
-0.003495
0.000328
0.000692
-0.000073
0.000619
-0.000619
-0.004478
-0.006772
-0.003823
-0.001238
0.001129
0.002512
0.002330
-0.001383
-0.006116
-0.006335
-0.003750
0.003277
0.004150
0.001529
-0.001238
-0.007572
-0.011140
-0.007281
0.000437
0.007026
0.009393
0.007099
0.000801
-0.003750
-0.007791
-0.006335
-0.002075
-0.000073
0.002002
0.002876
0.000546
-0.003568
-0.001893
0.000109
0.002257
0.002730
0.004260
0.003095
-0.000400
-0.000364
-0.000910
0.000036
0.001238
0.000947
0.000510
-0.001129
0.000109
0.002039
0.001420
0.000801
-0.000036
0.000400
0.004041
0.007281
0.002403
-0.001383
-0.000400
-0.000218
0.000146
0.001165
0.000728
-0.000073
0.002840
0.005024
0.004951
0.003131
0.001201
0.001966
0.002985
0.000837
0.000655
0.001930
0.002985
0.001238
0.002403
0.005971
0.004660
0.002658
0.001420
0.003095
0.003495
0.003895
0.004660
0.004114
0.003058
0.001165
-0.001274
0.000255
0.000073
0.001675
0.003240
0.005388
0.007390
0.008592
0.007718
0.004187
0.002039
-0.002403
-0.002439
0.003313
0.005789
0.004442
0.002694
0.005097
0.004114
-0.003531
-0.004733
-0.001019
-0.002148
-0.006007
-0.005752
-0.006371
0.016019
0.025739
0.006262
0.000364
0.006517
0.002876
-0.002548
-0.001784
0.002294
0.001238
0.001711
0.008810
0.008774
0.006043
0.005570
0.006116
0.002075
-0.000619
-0.001930
-0.003240
-0.003568
-0.003313
0.002585
0.004478
0.006444
0.008119
0.004514
0.004806
0.004769
0.000473
-0.002512
-0.002876
0.003022
0.001529
-0.001711
0.009830
0.010012
0.001820
0.003713
0.003604
-0.003058
-0.002803
0.002694
0.003968
0.001747
-0.001129
-0.001857
0.000000
0.000146
-0.000546
0.000910
0.002694
0.003786
0.002439
-0.000837
-0.001565
0.000801
0.002184
0.002985
0.004769
0.003459
-0.000510
-0.005315
-0.005643
-0.002730
0.001820
0.004551
0.004951
0.000255
-0.003677
-0.002148
-0.000947
-0.001711
-0.001711
-0.001129
-0.001565
-0.000182
0.000910
0.006772
0.015473
0.016710
0.010631
0.002548
-0.000582
-0.006699
-0.018130
-0.010922
0.006480
0.011177
0.008665
0.012924
0.017657
0.008847
-0.006335
-0.011905
-0.009648
-0.004041
0.008446
0.017329
0.016528
0.007900
0.002294
0.001565
-0.000146
-0.002803
-0.002694
-0.003022
-0.000765
0.005534
0.008701
0.007245
0.005971
0.005133
0.003568
0.004150
0.004150
0.001165
0.002694
0.006480
0.008119
0.005716
0.004260
0.005315
0.007718
0.008301
0.004878
0.004260
0.004260
0.003641
0.003022
0.004806
0.006116
0.005861
0.004187
0.002803
0.006007
0.007718
0.005461
0.006662
0.007463
0.005789
0.006699
0.007136
0.007136
0.008410
0.010885
0.007318
0.003713
0.006007
0.011140
0.012305
0.008555
0.003058
-0.001274
-0.002730
0.002439
0.008009
0.009320
0.004551
0.001820
0.002658
0.004660
0.003895
0.001311
0.002039
0.001383
0.002439
0.002330
0.000983
0.000036
0.001238
0.003131
0.002585
0.001456
-0.001092
-0.002548
0.000437
0.001857
0.001820
0.000947
0.000983
0.001966
0.002257
0.002621
-0.000692
-0.004951
-0.008665
-0.006881
-0.001274
0.001311
-0.000582
-0.006444
-0.014562
-0.017147
-0.008737
0.013943
0.023081
0.010048
-0.013288
-0.044343
-0.053990
-0.022026
0.034659
0.080931
0.068225
0.010048
-0.042522
-0.052934
-0.021298
0.009975
0.017948
0.007463
-0.014672
-0.028506
-0.025011
-0.009757
0.003968
0.007791
0.003240
-0.000655
0.001784
0.007245
0.006007
0.006153
-0.000182
-0.012888
-0.021625
-0.019332
-0.013215
-0.007572
-0.004478
-0.002985
-0.001565
-0.000546
0.001383
0.004806
0.007318
0.003677
-0.001711
-0.008701
-0.013543
-0.012160
-0.005861
-0.003386
-0.006990
-0.010667
-0.009211
-0.003277
0.003495
0.005133
0.002803
-0.001420
-0.002621
-0.003422
-0.002002
0.000801
0.000837
-0.004005
-0.010412
-0.012487
-0.010303
-0.004769
-0.001238
0.001383
0.000947
-0.001638
-0.003058
-0.005170
-0.006553
-0.006917
-0.004478
-0.001056
-0.003895
-0.004478
-0.004806
-0.006881
-0.003313
-0.005206
-0.004769
-0.000473
-0.001456
-0.004332
-0.003677
-0.003058
-0.001784
-0.001383
-0.002221
-0.003786
-0.005352
-0.003459
-0.002949
-0.002330
-0.000765
0.000364
0.000218
-0.003713
-0.006298
-0.003932
-0.004696
-0.002730
-0.000619
0.004478
0.006626
0.003459
0.002949
-0.001165
-0.002112
-0.002876
-0.009720
-0.006007
-0.001747
-0.001493
-0.000728
0.000947
0.001893
0.006444
0.006589
0.001602
0.000036
-0.002694
-0.000801
0.003895
0.002184
-0.002112
-0.000765
0.001966
-0.000291
0.000218
0.000655
-0.001602
-0.003167
-0.003313
-0.000364
0.000036
-0.000473
-0.001019
-0.001056
-0.001675
-0.002112
-0.001056
0.002439
0.003713
0.000328
-0.000983
0.002585
0.003167
0.001019
0.002512
0.001930
-0.002075
-0.003968
-0.002439
-0.000510
0.002585
0.005825
0.004332
0.001420
-0.003604
-0.007827
-0.006043
-0.000146
0.003604
0.003932
0.006007
0.008082
0.005461
0.001019
-0.001056
-0.001930
-0.003058
-0.004114
-0.000874
0.003604
0.004005
0.002840
0.002112
0.000655
0.000000
0.000073
-0.001675
-0.000692
0.001311
0.002148
0.004077
0.004624
0.000728
-0.002330
-0.003604
-0.004806
-0.004478
0.000437
0.005315
0.003604
-0.000218
-0.001238
0.001420
0.001711
-0.000546
0.000765
0.000837
-0.000473
-0.001456
-0.001238
-0.001129
0.000619
0.002112
0.003240
0.004624
0.002621
-0.000728
-0.000619
0.000801
-0.000437
-0.001456
-0.001311
-0.001456
-0.000328
0.000218
0.002403
0.002075
-0.003058
-0.005388
-0.006043
-0.001129
0.008555
0.016310
0.016820
0.011686
0.004915
-0.005242
-0.015618
-0.016091
-0.010012
0.002621
0.011868
0.016419
0.019222
0.011978
0.003422
-0.007390
-0.013033
-0.011359
-0.012232
-0.005424
0.003713
0.015181
0.019878
0.007973
-0.004150
-0.017256
-0.023664
-0.017002
-0.003422
0.009247
0.012123
0.008992
0.003459
-0.004332
-0.012851
-0.016055
-0.011723
-0.004587
-0.000765
-0.000546
0.000328
0.002366
0.001092
0.000146
-0.001420
-0.003495
-0.009320
-0.013470
-0.011359
-0.005607
0.005461
0.019586
0.034841
0.032219
0.013106
-0.009393
-0.028979
-0.039282
-0.036224
-0.018713
-0.000400
0.013871
0.020606
0.018494
0.011140
-0.000728
-0.011468
-0.019732
-0.017366
-0.012924
-0.009793
-0.004114
0.000218
0.000109
0.000692
0.002439
-0.000765
-0.004915
-0.005934
-0.005497
-0.001820
0.000983
0.000328
0.002512
0.003313
-0.000291
-0.001675
0.001238
-0.000182
-0.011759
-0.017220
-0.010995
-0.000947
0.007281
0.012851
0.009538
-0.001092
-0.006589
-0.006262
-0.009247
-0.015254
-0.017111
-0.020205
-0.022790
-0.018349
-0.010521
0.002039
0.011941
0.014672
0.009356
0.001747
-0.005534
-0.014890
-0.018239
-0.016528
-0.012669
-0.003713
0.004405
0.009902
0.010230
0.004769
-0.001456
-0.011359
-0.016674
-0.012487
-0.008555
-0.009538
-0.015545
-0.013325
-0.005752
0.000182
0.004150
0.000692
-0.005643
-0.009575
-0.006371
-0.002294
-0.003131
-0.002002
-0.000437
0.000510
-0.003386
-0.011322
-0.013179
-0.012888
-0.012232
-0.008191
-0.007172
-0.005570
-0.003932
-0.002803
-0.004551
-0.010048
-0.012851
-0.012232
-0.007864
-0.004114
-0.002730
-0.003095
-0.003495
-0.003531
-0.000546
0.002330
0.005388
0.000364
-0.006407
-0.008483
0.000837
0.011322
0.013179
0.008264
-0.005279
-0.019477
-0.032729
-0.046490
-0.045253
-0.031382
-0.010084
0.019805
0.040520
0.044270
0.033639
0.019259
-0.008155
-0.045544
-0.062036
-0.057558
-0.044160
-0.021662
0.010667
0.030508
0.028069
0.018603
0.014417
0.005825
-0.012414
-0.025011
-0.024610
-0.019514
-0.016783
-0.016273
-0.012123
-0.004587
0.000546
0.002075
0.004915
0.005570
0.003495
-0.004369
-0.008956
-0.007754
-0.010631
-0.012669
-0.012269
-0.015582
-0.015108
-0.010485
-0.004405
-0.000655
-0.000073
0.001092
-0.001638
-0.004041
-0.006189
-0.007063
-0.008155
-0.012305
-0.019222
-0.020788
-0.012269
-0.006662
-0.003677
0.001638
0.002985
0.001602
0.001311
0.000619
-0.007390
-0.013798
-0.011723
-0.009611
-0.009247
-0.011104
-0.008919
-0.004405
-0.003204
0.002803
0.005607
0.001274
-0.008737
-0.012160
-0.008628
-0.004405
0.001056
0.000364
-0.001238
-0.000328
-0.000437
-0.001165
-0.005789
-0.007318
-0.007500
-0.010048
-0.006735
0.002330
0.006881
-0.002912
-0.010594
-0.013507
-0.015363
-0.011431
-0.003095
0.006808
0.009502
0.008883
0.001893
-0.006153
-0.007609
-0.007354
-0.007245
-0.005607
-0.002985
-0.001529
0.000655
0.004951
0.004041
0.003022
0.000000
-0.008191
-0.013980
-0.016601
-0.012196
-0.006007
0.001857
0.008555
0.004878
-0.004660
-0.008956
-0.009720
-0.016273
-0.014490
-0.005206
0.002330
0.006225
0.010303
0.009866
0.003277
-0.000728
-0.004951
-0.010084
-0.010084
-0.009065
-0.005898
-0.005279
-0.004878
-0.001675
-0.003204
0.000874
0.000437
-0.003713
-0.007973
-0.004660
0.000765
0.001857
0.004005
-0.003204
-0.007390
-0.010266
-0.011614
-0.001638
0.005133
0.003386
-0.004551
-0.007718
-0.001347
-0.000801
-0.001311
0.000400
0.001565
0.001784
-0.006116
-0.008046
-0.007973
-0.005424
0.002658
0.008483
0.006189
-0.020242
-0.014089
0.007208
0.000692
-0.002039
0.011031
-0.000546
-0.014344
-0.007463
0.005097
0.001383
-0.003786
-0.002658
0.000655
-0.001565
-0.004041
-0.000801
0.003713
0.001675
-0.001493
-0.004951
-0.003095
-0.003968
-0.008301
-0.005424
-0.003604
-0.003568
-0.001238
0.002840
0.003240
-0.003568
-0.006262
-0.005352
-0.008847
-0.009502
-0.004187
0.002512
0.002221
0.000036
-0.001274
-0.000910
0.000728
-0.001238
-0.000073
-0.000328
-0.002658
-0.007827
-0.008737
-0.006444
0.000000
0.001966
0.000582
-0.002257
-0.005570
-0.002767
0.004806
0.005170
-0.000801
-0.002403
0.000000
0.000146
-0.003459
-0.004478
-0.005497
-0.004660
-0.001529
0.002148
0.003568
0.004587
0.002803
0.004405
0.003604
0.000364
-0.000109
0.000874
0.003349
0.002694
0.002694
0.005315
0.005643
0.004114
0.001347
0.001238
0.001420
-0.000437
-0.001238
0.001565
0.002512
0.001711
0.004478
0.004660
0.001565
0.002403
0.004660
0.008774
0.010813
0.009029
0.008046
0.009611
0.007354
0.005570
0.008119
0.007718
0.002439
0.002294
0.000655
0.000182
0.007390
0.015036
0.019113
0.014963
-0.001165
-0.009211
-0.002112
0.004478
0.009320
0.014198
0.015181
0.011905
0.009757
0.010012
0.007609
0.003095
-0.002148
-0.004587
-0.003459
-0.002621
-0.000473
0.003131
0.005643
0.008228
0.010412
0.012305
0.010012
0.003167
-0.003750
-0.006954
-0.006080
-0.004951
-0.002439
0.002949
0.005388
0.004478
0.001565
0.001238
0.000328
-0.000801
0.001784
0.004150
0.003531
0.002730
0.002767
0.001165
-0.003386
-0.006298
-0.005424
-0.000400
0.007718
0.011395
0.007136
-0.000036
-0.006407
-0.009211
-0.011941
-0.010121
-0.003422
0.001711
0.005315
0.009684
0.006553
-0.002403
-0.008301
-0.007536
-0.006844
-0.008810
-0.006954
-0.001529
0.000692
0.000000
-0.000073
0.001347
-0.001747
-0.003604
-0.003313
-0.002476
-0.001493
-0.001493
0.000546
-0.000692
-0.000255
0.001383
-0.001274
-0.003823
-0.003167
-0.000182
0.000328
0.000546
0.000801
0.000801
0.000655
-0.000655
-0.000947
-0.000218
-0.000910
-0.002476
-0.003240
-0.003095
-0.004951
-0.001311
0.003349
0.001820
-0.001493
-0.003277
-0.000655
0.000000
-0.004150
-0.005679
-0.000255
0.009320
0.007682
-0.001747
-0.009611
-0.007427
-0.003349
-0.001201
0.005352
0.005097
-0.000801
-0.002366
-0.001347
0.001056
0.001857
-0.002476
-0.007609
-0.003750
0.004332
0.004405
0.003022
0.002039
-0.001675
-0.005388
-0.006553
-0.001930
0.002075
0.007063
0.007900
0.004369
0.002075
-0.001675
-0.002112
-0.002221
0.000983
0.004915
0.003313
0.002366
0.002221
0.003895
0.000728
-0.001056
0.001383
0.002876
0.002221
0.001129
0.003495
0.004369
0.003932
0.003677
0.002294
0.003823
0.003095
0.002075
0.002294
0.001383
0.001311
0.002039
0.005133
0.003641
0.002148
0.003313
0.003895
0.003422
0.001165
0.003349
0.006954
0.005170
0.003313
0.002330
0.006189
0.004624
0.001383
0.001311
0.000947
0.002621
0.003058
0.005279
0.004769
0.003604
0.003641
0.002949
0.003641
0.002694
0.002112
0.004005
0.004660
0.003240
0.001565
0.002767
0.003495
0.002767
0.003750
0.005133
0.005097
0.002985
0.004114
0.004660
0.003859
0.003713
0.004878
0.005097
0.003641
0.004842
0.004951
0.005716
0.004624
0.002075
0.002148
0.001347
0.001383
0.001966
0.004988
0.006662
0.005716
0.006772
0.006298
0.005861
0.005898
0.004660
0.001456
-0.001056
-0.002621
-0.003277
-0.000983
-0.000218
0.001747
0.002366
0.001456
0.001638
0.002730
0.008155
0.010958
0.007281
0.004005
0.001420
0.001747
-0.001675
-0.007645
-0.006007
0.007099
0.015946
0.014053
0.011541
0.003313
-0.008301
-0.011868
-0.010558
-0.001311
0.006626
0.008956
0.008446
0.002876
0.000364
0.002257
0.003604
0.004114
0.005825
0.007682
0.004733
0.005497
0.009793
0.006699
-0.002585
-0.010849
-0.014126
-0.012050
-0.008373
-0.005898
-0.002221
0.004842
0.009611
0.012742
0.013798
0.012487
0.006917
-0.000619
-0.008082
-0.010521
-0.011431
-0.010958
-0.006189
0.000655
0.006954
0.011140
0.015108
0.019222
0.018640
0.008847
-0.010558
-0.031710
-0.040556
-0.031819
-0.009575
0.012669
0.023154
0.021589
0.012232
0.000874
-0.007026
-0.014672
-0.018021
-0.015181
-0.008847
-0.000655
0.008301
0.014053
0.012997
0.008191
-0.001529
-0.013507
-0.018276
-0.016456
-0.007063
0.005752
0.013943
0.016565
0.009611
-0.003131
-0.015108
-0.017293
-0.015509
-0.011104
-0.005861
-0.004114
0.000692
0.006990
0.010667
0.007136
-0.000328
-0.011832
-0.019987
-0.020205
-0.015545
-0.006553
0.003349
0.007754
0.004769
-0.002694
-0.011504
-0.016456
-0.019295
-0.017693
-0.011978
-0.000546
0.007208
0.006262
0.002366
-0.005971
-0.014089
-0.012851
-0.008701
-0.007063
-0.005679
-0.001383
-0.000437
-0.003895
-0.007500
-0.009284
-0.009101
-0.009284
-0.004660
-0.001456
-0.005024
-0.004114
-0.004114
-0.009356
-0.008337
-0.004005
-0.002658
-0.002767
-0.002476
-0.002949
-0.006007
-0.007937
-0.005607
-0.004551
-0.008119
-0.006189
0.001420
0.005570
0.002403
0.001602
-0.000182
-0.004442
0.003313
0.005534
-0.001311
-0.010449
-0.026103
-0.033530
-0.023009
0.002840
0.028069
0.035205
0.019040
-0.007572
-0.027778
-0.034804
-0.025448
-0.005315
0.009975
0.019659
0.020023
0.007463
-0.002548
-0.013470
-0.018785
-0.018349
-0.016638
-0.010813
-0.004187
-0.003095
0.004478
0.003604
0.003422
0.010740
-0.000109
-0.007208
-0.023227
-0.021152
-0.000728
0.007390
0.013361
0.006517
-0.005497
-0.005279
-0.010703
-0.020897
-0.013434
-0.003713
-0.001493
0.005752
0.006116
-0.003131
-0.005352
-0.010667
-0.011978
-0.006917
-0.004041
0.000837
0.000364
0.001238
0.001820
-0.000692
0.000619
0.001311
-0.001238
-0.001966
-0.007791
-0.010449
-0.010084
-0.011431
-0.009830
-0.002184
0.006444
0.006844
0.003677
-0.000874
-0.007208
-0.015946
-0.018057
-0.013325
-0.008119
-0.002512
0.000109
0.001092
-0.002257
-0.005024
-0.005388
-0.003568
-0.002366
-0.003240
-0.001311
-0.000801
-0.007354
-0.015254
-0.014089
-0.011541
-0.011249
-0.005534
0.003386
0.001456
-0.002439
-0.007208
-0.013616
-0.016638
-0.009502
0.000073
0.007390
0.002439
-0.009284
-0.012050
-0.008992
-0.012779
-0.010194
-0.004114
-0.003750
-0.008701
-0.007427
-0.002439
0.001493
0.001201
-0.004369
-0.003968
0.000328
-0.002039
-0.003859
-0.001019
-0.006990
-0.017657
-0.013943
-0.007099
-0.001638
0.001565
0.002476
-0.000109
-0.002767
-0.008046
-0.016383
-0.017147
-0.010266
0.000036
0.007500
0.004478
-0.001820
-0.010194
-0.012596
-0.006335
-0.002512
-0.005133
-0.009065
-0.006626
-0.003422
-0.002803
-0.001165
-0.001893
-0.003750
-0.005206
-0.005971
-0.009793
-0.013689
-0.010922
-0.002257
0.007463
0.010813
0.008628
0.003095
-0.003167
-0.005315
-0.008810
-0.019040
-0.026358
-0.017912
0.001638
0.011249
0.014672
0.013397
0.006335
-0.001565
-0.010303
-0.014744
-0.019696
-0.014562
0.001565
0.009684
-0.000182
-0.028834
-0.027669
0.010485
0.036260
0.022135
-0.007463
-0.024538
-0.034076
-0.026868
0.001092
0.022062
0.019805
0.005934
-0.002585
-0.001420
-0.002403
-0.008155
-0.009466
-0.002912
0.002730
-0.000291
-0.010995
-0.019077
-0.025812
-0.029234
-0.027195
-0.023955
-0.026467
-0.029452
-0.023336
-0.012779
-0.005752
0.001820
0.008155
0.008301
0.004260
0.003604
0.004369
0.000146
-0.008228
-0.014417
-0.015400
-0.014016
-0.010266
-0.004842
-0.003604
-0.003968
-0.006116
-0.007536
-0.005789
-0.003823
-0.002985
-0.000218
0.003531
0.001893
-0.002403
-0.004187
-0.003058
-0.001966
-0.004405
-0.007500
-0.008228
-0.008592
-0.010922
-0.008737
0.001238
0.004442
0.000291
-0.006881
-0.009720
-0.008628
-0.008737
-0.008628
-0.013725
-0.016346
-0.013943
-0.008264
-0.003095
-0.004696
-0.007063
-0.010594
-0.011249
-0.008555
-0.004769
0.000000
-0.001274
-0.003641
-0.004696
-0.004223
-0.004988
-0.006116
-0.005242
-0.005789
-0.008592
-0.011468
-0.009830
-0.005752
-0.003495
0.002294
0.007208
0.006662
0.003386
0.002002
-0.000182
-0.004150
-0.007463
-0.008373
-0.006335
-0.005133
-0.005206
-0.005060
-0.001930
-0.002730
-0.005679
-0.003713
-0.001711
-0.001274
-0.001347
-0.001820
0.001383
0.004223
0.003604
0.002476
0.001675
-0.002112
-0.007900
-0.005607
-0.001019
0.000000
-0.003349
-0.004915
-0.001784
-0.001420
-0.005060
-0.005315
0.000364
0.004988
0.002876
-0.002330
-0.004733
-0.005024
-0.000546
0.007682
0.007645
0.000692
-0.002184
0.000655
0.004005
0.004842
0.002221
0.000947
-0.000073
-0.003604
-0.007427
-0.007937
-0.003095
0.002585
0.005497
0.002912
0.001420
0.002803
0.001711
0.003167
0.001420
0.000910
-0.001784
-0.007245
-0.006626
-0.001747
0.001565
0.003604
0.003568
0.001019
-0.001129
0.000801
0.003058
0.001638
-0.001201
-0.003095
-0.005424
-0.003240
0.000983
0.000692
0.002658
0.007463
0.006844
0.001129
-0.005971
-0.009284
-0.005643
0.000364
0.003349
0.006517
0.008155
0.004332
-0.001747
-0.007245
-0.007099
-0.005024
-0.004005
-0.002585
0.002366
0.003531
0.000291
0.002257
0.004660
0.000546
-0.000328
-0.000073
-0.000437
-0.000510
0.001747
0.000218
0.000036
0.008191
0.009393
0.004696
-0.000328
-0.005534
-0.009720
-0.010958
-0.006699
-0.001274
0.003932
0.004842
0.002621
-0.000437
-0.003167
-0.001274
0.000000
0.002184
0.003531
0.003204
0.001966
-0.000036
-0.002548
-0.001201
0.001493
0.001857
-0.000874
-0.001383
0.000510
0.001493
-0.001383
-0.005497
-0.005497
-0.003750
-0.001565
0.003204
0.007937
0.009720
0.007973
0.003349
0.000765
0.000801
0.002476
0.003386
0.005279
0.006844
0.007645
0.006043
0.000473
-0.006626
-0.008592
-0.004369
0.004514
0.010849
0.016747
0.016164
0.010048
0.002512
-0.004260
-0.007900
-0.008410
-0.004223
0.002439
0.008919
0.010740
0.007827
0.004551
0.001311
-0.001238
-0.000619
0.002075
0.003677
0.006080
0.006444
0.005643
0.006407
0.005971
0.004733
0.004187
0.004369
0.003095
0.001857
0.000728
0.000473
0.002403
0.004478
0.006881
0.008009
0.007864
0.007572
0.005024
-0.000036
-0.004077
-0.001311
0.001201
0.001347
0.003932
0.007208
0.008264
0.007390
0.008264
0.008956
0.005388
0.001602
0.000036
-0.000692
-0.000837
-0.001784
-0.003349
-0.000109
0.004988
0.006116
0.006225
0.006444
0.002658
-0.003022
-0.003932
-0.004696
-0.002148
0.004587
0.013361
0.017803
0.014271
0.007136
-0.000874
-0.008519
-0.008774
-0.003713
-0.000291
-0.000619
-0.001529
-0.000109
0.000692
0.007063
0.015837
0.016346
0.007754
-0.002112
-0.008665
-0.008737
-0.005279
-0.002148
-0.003823
-0.007099
-0.005934
-0.005825
-0.007281
-0.007390
-0.001201
0.007281
0.014453
0.022171
0.024428
0.018458
0.004696
-0.009320
-0.017839
-0.025921
-0.028761
-0.021844
-0.008446
0.006189
0.017730
0.025703
0.026431
0.019805
0.011140
0.000874
-0.014963
-0.025994
-0.026758
-0.017657
-0.005825
0.003459
0.010230
0.012924
0.012305
0.008737
0.002658
-0.002403
-0.006517
-0.008665
-0.006954
-0.003058
-0.000983
-0.000364
-0.000291
-0.003422
-0.006444
-0.006371
-0.006917
-0.005497
0.001238
0.006553
0.005861
0.006043
0.007245
0.004077
-0.002403
-0.007973
-0.012414
-0.012451
-0.008555
-0.004369
0.000364
0.005570
0.009029
0.007463
0.003022
-0.002294
-0.006990
-0.008082
-0.007937
-0.005133
-0.002184
-0.000837
0.000801
0.000765
0.001784
0.002403
0.004624
0.002803
-0.002257
-0.001565
0.000874
0.001274
0.000182
-0.002221
-0.005497
-0.006589
-0.002803
0.000437
0.001893
0.002621
0.002949
0.000692
-0.000218
0.000546
0.000109
-0.002803
-0.005424
-0.000947
0.002876
0.002512
0.001129
0.000328
0.000692
0.001201
0.002840
0.002002
-0.001930
-0.003240
-0.002658
-0.001675
0.000765
0.003167
0.002548
-0.001347
-0.002002
0.000437
-0.000182
0.000983
0.001493
0.003459
0.006298
0.009538
0.009174
0.003677
0.000000
-0.002039
-0.004478
-0.004660
-0.000837
0.001893
0.000036
-0.000983
0.002366
0.003349
0.004915
0.006480
0.005352
0.000692
-0.001165
0.002002
0.002912
0.001092
-0.001274
-0.001092
0.000947
0.001129
0.000874
0.002403
0.004514
0.006298
0.007099
0.004187
-0.000291
-0.005206
-0.005716
-0.002366
-0.000728
-0.001274
0.000328
0.000947
-0.001201
-0.001420
0.002294
0.002403
0.001602
0.003277
0.004150
0.003859
0.002803
0.002840
0.002694
0.001238
-0.000801
-0.001383
0.000619
0.000328
0.000291
0.002148
0.003750
0.006517
0.009611
0.008082
0.004733
0.001675
-0.000837
-0.003240
-0.004551
-0.003204
0.001857
0.008919
0.013579
0.012014
0.009284
0.007026
0.003786
0.002548
0.003459
0.005789
0.005060
0.002803
0.004478
0.006735
0.005315
0.004260
0.005461
0.001019
-0.003386
-0.002075
0.001565
0.003713
0.003859
-0.001238
-0.004150
-0.003131
0.000947
0.005279
0.008446
0.009393
0.005060
0.005279
0.005497
0.005097
0.006844
0.011723
0.012706
0.007463
0.006043
0.010849
0.018458
0.017730
0.011359
-0.003240
-0.027159
-0.048420
-0.058322
-0.049840
-0.028360
-0.003568
0.026795
0.049767
0.055009
0.044816
0.029088
0.017074
-0.001529
-0.023919
-0.039100
-0.038882
-0.026576
-0.008956
0.006808
0.018276
0.022353
0.018239
0.012414
0.015291
0.017730
0.010521
0.002876
-0.006480
-0.015291
-0.019113
-0.010594
0.002184
0.005643
0.002112
-0.002294
0.008373
0.024101
0.030399
0.001456
-0.044488
-0.084061
-0.094838
-0.085991
-0.056975
-0.027887
0.004114
0.023445
0.032365
0.023700
0.017657
0.016492
0.023300
0.026540
0.018276
-0.007645
-0.038008
-0.050859
-0.044343
-0.028178
-0.015036
-0.012742
-0.022499
-0.032256
-0.032620
-0.027086
-0.017438
-0.008155
-0.010376
-0.004369
0.014235
0.029161
0.033639
0.029926
0.017985
0.003058
-0.004223
-0.002512
0.000983
0.004223
0.004624
0.001893
-0.002148
-0.001966
0.000655
0.000255
0.002112
0.002840
-0.002294
-0.016892
-0.023336
-0.018567
-0.016091
-0.013761
-0.012196
-0.014526
-0.012961
-0.011978
-0.010376
-0.011031
-0.014599
-0.013616
-0.009720
-0.005388
-0.006626
-0.009648
-0.004915
-0.007754
-0.010558
-0.013143
-0.020424
-0.024392
-0.023737
-0.023664
-0.023409
-0.018749
-0.013070
-0.012414
-0.002949
0.007427
0.016128
0.021480
0.012160
-0.002548
-0.019368
-0.031710
-0.026103
-0.009393
0.000692
0.001711
0.002330
0.005461
0.002075
-0.006844
-0.013397
-0.009757
-0.004114
-0.005315
-0.012924
-0.021698
-0.022426
-0.022062
-0.019332
-0.016638
-0.012851
-0.008847
-0.007026
-0.006917
-0.008155
-0.008119
-0.010048
-0.019368
-0.025848
-0.026504
-0.015363
0.001129
0.010121
0.009757
0.001238
-0.002148
-0.013689
-0.019586
-0.022717
-0.013325
-0.001820
-0.007682
-0.015218
-0.017693
-0.010412
-0.008009
-0.010594
-0.014526
-0.020642
-0.025339
-0.027851
-0.032256
-0.022026
-0.009538
0.001311
0.005497
0.005060
0.002512
0.002294
-0.001129
-0.006407
-0.010012
-0.008446
-0.007827
-0.007900
-0.006007
-0.005352
-0.007791
-0.012997
-0.016383
-0.017839
-0.015181
-0.008774
-0.002148
-0.001711
-0.005388
-0.008373
-0.010376
-0.012232
-0.010885
-0.010558
-0.013434
-0.016164
-0.018276
-0.017366
-0.013252
-0.005898
-0.003968
0.000182
0.000765
-0.002767
-0.008264
-0.011249
-0.011468
-0.007099
-0.001784
-0.002257
-0.005424
-0.007281
-0.009830
-0.009356
-0.006116
-0.003204
0.000910
0.003131
0.003641
0.001274
-0.001165
-0.005752
-0.010012
-0.008555
-0.005607
-0.004624
-0.004041
-0.006626
-0.006662
-0.008446
-0.010667
-0.009720
-0.005861
-0.002366
-0.002512
-0.003459
-0.002184
-0.003277
-0.004478
-0.006990
-0.007427
-0.010740
-0.011067
-0.006589
-0.000728
-0.000837
-0.005060
-0.001747
0.002512
0.002002
-0.000109
-0.004587
-0.013070
-0.017803
-0.009575
-0.001930
0.001056
0.003167
0.000582
-0.005643
-0.012123
-0.012669
-0.008628
-0.003240
0.000255
-0.003823
-0.006917
-0.006662
-0.006043
-0.006553
-0.008701
-0.010230
-0.010266
-0.008810
-0.008483
-0.008737
-0.006262
-0.004114
-0.004478
-0.006335
-0.005424
-0.001966
-0.001675
-0.004660
-0.006881
-0.008847
-0.008992
-0.008737
-0.008737
-0.007754
-0.007754
-0.006881
-0.003859
-0.002658
-0.001274
0.002221
0.005534
0.003713
-0.000983
-0.004842
-0.007172
-0.007208
-0.006480
-0.005825
-0.003531
-0.003277
-0.002621
-0.001784
-0.001493
-0.000619
-0.001019
-0.002221
-0.006189
-0.010012
-0.008373
-0.003786
0.000655
0.004915
0.008082
0.010157
0.010995
0.006189
-0.001056
-0.005206
-0.006517
-0.006917
-0.004296
0.000000
0.006480
0.010849
0.010084
0.007754
0.004442
-0.000182
-0.004806
-0.003750
-0.000692
0.005461
0.010631
0.012305
0.012742
0.013397
0.014053
0.011650
0.007463
0.006371
0.004878
0.005497
0.008228
0.013652
0.018385
0.019477
0.017657
0.013470
0.013143
0.016310
0.015727
0.013361
0.008446
0.005716
0.008592
0.010885
0.013215
0.014635
0.014817
0.015837
0.018057
0.020970
0.022499
0.021188
0.017038
0.013689
0.012669
0.011796
0.012087
0.010958
0.007026
0.004915
0.005424
0.006371
0.006080
0.004624
0.005133
0.005716
0.007099
0.008883
0.009065
0.004442
-0.000655
-0.001602
-0.000073
-0.000765
-0.000801
0.000728
0.004769
0.008737
0.007937
0.006298
0.006080
0.005570
0.003095
0.001675
0.001056
-0.001092
-0.002039
-0.001165
0.002439
0.003895
0.003349
0.004114
0.000910
-0.001201
-0.000146
0.000692
0.000546
0.000692
0.001966
0.002039
0.001857
0.000146
0.000036
0.002075
0.003604
0.004077
0.004260
0.001784
-0.002184
-0.004296
-0.003823
-0.002294
-0.000546
-0.002476
-0.004660
-0.002476
0.004114
0.007864
0.004187
-0.002184
-0.004915
-0.002512
0.001311
0.001311
-0.001019
-0.004077
-0.005570
-0.008665
-0.002257
0.018713
0.018057
0.004223
0.001056
-0.001165
-0.009393
-0.005789
-0.000692
-0.002876
-0.004733
0.000619
0.007099
0.004332
0.001019
0.001019
0.001820
-0.001638
-0.006189
-0.006662
-0.002767
0.004187
0.004442
0.003095
0.006153
0.007536
0.000728
-0.004988
-0.000437
-0.000036
-0.010412
-0.012451
-0.010230
-0.014817
-0.012997
-0.004187
0.000000
0.000619
0.002585
0.004624
0.002694
0.000765
-0.000328
-0.003058
-0.003823
-0.004332
-0.005461
-0.003095
0.000073
0.001092
-0.003167
-0.008228
-0.009101
-0.009247
-0.007536
-0.002803
0.004660
0.008009
0.007645
0.005825
0.003313
-0.005352
-0.006553
0.003459
0.005206
0.002512
0.001820
0.000801
0.001201
-0.001019
-0.005570
-0.006517
-0.005752
-0.004405
-0.003641
0.000109
0.006080
0.008628
0.007318
0.006772
0.005971
0.002985
0.000765
0.000000
-0.000801
0.000109
-0.000291
-0.001383
-0.000291
0.002912
0.006080
0.006844
0.007791
0.009466
0.009356
0.010995
0.011286
0.008191
0.007645
0.009101
0.010703
0.008737
0.004187
0.000619
0.002039
0.005424
0.008119
0.008701
0.005934
0.005461
0.007245
0.010740
0.012196
0.011577
0.011541
0.010740
0.010048
0.008483
0.006589
0.006189
0.006844
0.009138
0.011286
0.012706
0.013579
0.011686
0.008483
0.006335
0.005388
0.004150
0.003495
0.006080
0.007172
0.008701
0.011031
0.009247
0.005861
0.005497
0.005097
0.003422
0.001493
-0.000109
0.001019
0.002294
0.001019
-0.000582
0.006225
0.019150
0.019332
0.013179
0.008519
0.002548
0.004624
0.000400
-0.005861
-0.002184
0.004514
0.007900
0.005861
0.005679
0.005388
-0.000437
-0.002876
-0.001129
0.001056
0.001675
0.000328
-0.001784
-0.005352
-0.006298
-0.005497
-0.006662
-0.008483
-0.008301
-0.007827
-0.002221
0.002912
0.003459
0.002621
0.001857
-0.003095
-0.017693
-0.029052
-0.011941
0.019878
0.041903
0.035933
0.006553
-0.017256
-0.026176
-0.025120
-0.015436
-0.000255
0.012305
0.016747
0.014672
0.010303
0.003022
-0.010121
-0.019732
-0.019150
-0.009138
0.003022
0.008446
0.006371
0.001638
-0.003641
-0.005716
-0.005424
-0.001711
0.000182
-0.000582
-0.002585
-0.001930
0.000910
0.002039
0.001056
0.000400
0.001529
0.003167
0.003459
0.002876
0.003240
0.001602
0.000692
0.001893
0.003131
0.001201
-0.000182
-0.002403
-0.002184
0.001893
0.007682
0.008810
0.002840
-0.002694
-0.008046
-0.011614
-0.010449
-0.009247
-0.006553
-0.005279
-0.007463
-0.012779
-0.017803
-0.016892
-0.012706
-0.002075
0.013616
0.019077
0.011723
0.005570
-0.000218
-0.007136
-0.007500
-0.001165
0.003495
0.007318
0.007208
0.000510
-0.009648
-0.015218
-0.014744
-0.010485
-0.009648
-0.010048
-0.005679
-0.000073
0.004660
0.007245
0.008191
0.007208
0.002257
-0.003677
-0.004405
-0.000874
0.003167
0.004878
0.001493
-0.006662
-0.011431
-0.009720
-0.003823
-0.002075
-0.003349
0.000837
-0.000218
-0.002730
-0.001857
-0.003459
-0.005934
-0.007609
-0.010230
-0.008992
-0.000874
0.007572
0.007063
0.002366
-0.000546
-0.004696
-0.008483
-0.009793
-0.009029
-0.001165
0.007827
0.010703
0.009101
0.004114
0.001456
-0.000291
-0.002840
-0.003604
-0.001383
0.001930
0.004260
0.003932
0.003167
0.003058
0.001456
-0.004405
-0.005861
-0.001274
0.003131
0.003641
0.000255
-0.000655
-0.001493
-0.000073
0.005570
0.004988
0.000000
0.000801
0.002585
-0.001893
-0.008228
-0.009575
-0.007718
-0.004951
-0.000218
0.002257
0.001675
0.001711
0.001747
0.000473
0.001092
0.003349
0.005570
0.005206
0.002039
-0.001930
-0.007390
-0.010922
-0.009720
-0.004369
0.000109
0.001747
-0.000400
-0.000947
0.001420
0.005934
0.009611
0.009720
0.007973
0.004951
0.001383
-0.000765
-0.001347
-0.002148
-0.005971
-0.007937
-0.003713
-0.002002
-0.001820
-0.003386
-0.004696
-0.001493
0.005388
0.014744
0.022754
0.027923
0.028251
0.020751
0.017912
0.012779
0.009320
0.011504
0.009247
0.000728
-0.013980
-0.023882
-0.027596
-0.021043
-0.016164
-0.017111
-0.030035
-0.042085
-0.045034
-0.039355
-0.027996
-0.013179
-0.002002
0.001747
-0.000146
-0.002257
-0.000437
0.003277
0.006662
0.008774
0.009211
0.006553
0.003131
-0.004150
-0.006699
-0.008373
-0.008337
-0.000109
0.006589
0.009757
0.006699
0.005752
0.002912
-0.001966
-0.001930
0.001930
0.003240
0.000874
-0.002949
-0.005388
-0.009065
-0.010776
-0.011650
-0.012779
-0.017184
-0.017948
-0.010012
0.004988
0.015946
0.018895
0.009320
-0.009429
-0.018931
-0.026795
-0.026140
-0.020169
-0.016528
-0.020351
-0.027195
-0.018531
0.005825
0.024610
0.033202
0.028215
0.011978
-0.027341
-0.065931
-0.075688
-0.048966
-0.012342
0.024538
0.048165
0.036879
0.005279
-0.018167
-0.030071
-0.027741
-0.014016
-0.002621
0.003859
0.008555
0.004223
-0.007390
-0.011504
-0.010521
-0.001420
0.014490
0.017002
0.006043
-0.002403
-0.008373
-0.010922
-0.005024
-0.002803
-0.008264
-0.016565
-0.020460
-0.011832
0.003277
0.013907
0.012997
0.008737
-0.002184
-0.020169
-0.031418
-0.031564
-0.025885
-0.016019
-0.002184
0.008737
0.014708
0.014744
0.004806
-0.014672
-0.031236
-0.038845
-0.033930
-0.020933
-0.007536
0.000473
0.003422
0.002184
-0.004187
-0.008665
-0.009284
-0.002840
0.005461
0.011359
0.011359
0.005279
-0.003495
-0.012087
-0.018167
-0.020970
-0.016820
-0.010485
-0.006371
-0.005607
-0.009065
-0.012742
-0.012779
-0.012669
-0.012851
-0.011868
-0.007136
-0.002949
-0.001420
-0.001274
-0.005133
-0.009502
-0.013397
-0.017438
-0.020715
-0.019295
-0.013288
-0.005971
-0.003313
-0.006517
-0.008810
-0.008519
-0.009356
-0.008410
-0.007245
-0.007063
-0.005898
-0.004514
-0.004587
-0.006116
-0.011177
-0.014198
-0.012669
-0.010885
-0.008810
-0.002221
0.002294
-0.000364
-0.004005
-0.009247
-0.011759
-0.010776
-0.009174
-0.009502
-0.009247
-0.007827
-0.004077
-0.002585
-0.005315
-0.009211
-0.012014
-0.011395
-0.009247
-0.007463
-0.005315
-0.002621
-0.002694
-0.004405
-0.004369
-0.003750
-0.005643
-0.007245
-0.008956
-0.009793
-0.009757
-0.004624
-0.001056
0.001529
0.001092
-0.002148
-0.008373
-0.010594
-0.009648
-0.009029
-0.007536
-0.004041
-0.002658
-0.002876
-0.006043
-0.008410
-0.006626
-0.004478
-0.006335
-0.013070
-0.016747
-0.012888
-0.007172
-0.002985
-0.001638
0.001857
0.004187
0.003131
-0.007682
-0.019004
-0.022244
-0.014016
-0.002112
0.006189
0.009757
0.009866
0.005861
-0.001129
-0.007645
-0.013434
-0.016456
-0.011686
-0.002184
0.002985
0.004296
0.003895
-0.002221
-0.008046
-0.010339
-0.012888
-0.014271
-0.011686
-0.009538
-0.008592
-0.005060
-0.003022
-0.002294
-0.001857
-0.004332
-0.006881
-0.008847
-0.009902
-0.010048
-0.011868
-0.012451
-0.007791
0.006881
0.017366
0.013943
0.002803
-0.010631
-0.016638
-0.012961
-0.009575
-0.009065
-0.008919
-0.002439
0.005861
0.007827
0.004150
-0.002439
-0.006917
-0.005024
-0.002002
0.001347
0.001456
0.001930
0.005898
0.007463
0.006881
0.005497
0.005789
0.005716
0.005679
0.005861
0.005206
0.003167
0.000692
0.001638
0.001784
0.001565
0.000910
-0.000473
-0.000692
0.001165
0.002548
0.006553
0.009429
0.011431
0.014490
0.016273
0.014271
0.012706
0.009211
0.000728
-0.006043
-0.007864
-0.008665
-0.005898
0.009793
0.025703
0.026540
0.015837
0.005424
0.000983
0.003313
0.006189
0.007754
0.011213
0.016019
0.021480
0.019987
0.013652
0.006699
0.000400
0.000510
0.006371
0.009757
0.011504
0.012232
0.013215
0.012706
0.007718
0.001747
0.002840
0.005424
0.006116
0.004478
0.004551
0.010885
0.019477
0.021734
0.012087
0.000364
-0.002148
0.001129
-0.000291
-0.003131
-0.002002
0.001747
0.007900
0.010740
0.008628
0.006225
0.003786
0.000655
0.000510
0.001893
0.001201
-0.002257
-0.003095
-0.000692
0.002002
0.003313
0.001966
-0.001347
-0.004915
-0.006043
-0.007500
-0.007354
-0.006589
-0.005497
-0.003386
-0.000619
0.002730
0.003313
0.000473
-0.003823
-0.005570
-0.006262
-0.007900
-0.011504
-0.014599
-0.015218
-0.010740
-0.006225
-0.004915
-0.005570
-0.006189
-0.004951
-0.004769
-0.006116
-0.009211
-0.014417
-0.015072
-0.008883
-0.002476
-0.001165
-0.000582
-0.001857
-0.001784
0.001747
0.006517
0.010012
0.010485
0.005789
0.001165
-0.003677
-0.006371
-0.007609
-0.007609
-0.008592
-0.004587
-0.005461
-0.012014
-0.008373
0.008992
0.020679
0.020023
0.015108
0.008847
0.000146
-0.006007
-0.011941
-0.011359
-0.003167
0.003058
0.004769
0.008519
0.009065
0.007208
0.004369
-0.000036
-0.003095
-0.003022
0.001056
0.002767
0.003495
0.003167
0.002294
0.000655
0.001711
0.001493
0.003131
-0.000146
-0.004041
-0.002184
0.002439
0.004187
-0.002985
-0.001711
0.000400
0.002439
0.004951
0.001565
-0.000473
0.003422
0.003641
0.000983
-0.001201
-0.003386
-0.000582
0.000619
-0.001675
-0.001456
-0.002658
-0.001857
-0.001274
-0.006262
-0.007718
-0.006080
-0.006517
-0.006225
-0.017875
-0.020169
0.000655
0.015582
0.025011
0.024975
0.007536
-0.014162
-0.025521
-0.022754
0.000765
0.021006
0.027851
0.014271
-0.003786
-0.009939
-0.016929
-0.021225
-0.008264
0.003568
0.006007
0.002184
-0.000182
-0.002730
-0.002476
0.002585
0.002366
0.001493
0.001493
-0.000837
-0.006298
-0.009611
-0.012087
-0.018895
-0.019550
-0.011614
-0.000255
0.011504
0.010449
-0.009320
-0.018057
-0.010230
-0.002112
0.006225
0.003604
-0.007390
-0.010995
-0.009975
-0.004150
-0.002184
-0.003386
-0.003713
-0.012596
-0.022572
-0.016128
-0.000947
0.007099
0.002403
-0.004077
-0.004988
-0.005679
-0.002548
0.000692
-0.001347
-0.000765
-0.000692
-0.005643
-0.004951
-0.001383
-0.000291
-0.001420
-0.001274
-0.004369
-0.003823
0.003495
0.004187
0.000801
0.000910
0.000109
-0.001165
-0.001420
-0.000947
-0.001857
-0.003131
-0.003167
-0.005570
-0.004915
-0.000546
0.002112
0.002403
0.001711
0.001529
-0.001092
-0.002803
-0.002439
-0.004150
-0.004369
-0.005570
-0.006808
-0.006881
-0.005461
-0.003131
-0.001456
0.000582
0.002366
0.003422
0.002002
0.000728
0.000582
-0.000692
-0.003750
-0.006699
-0.006153
-0.004514
-0.003459
-0.003277
-0.001675
-0.002330
-0.001529
0.005534
0.010376
0.012123
0.007754
0.002330
0.003240
0.003713
-0.000765
-0.003750
-0.003859
-0.001165
-0.000619
0.001056
0.006407
0.003095
-0.001238
-0.001238
-0.000255
0.003713
0.007427
0.008919
0.005898
-0.000765
-0.003058
-0.002257
-0.001602
-0.001165
0.000874
0.002840
0.004187
0.004878
0.003677
0.000582
-0.000182
0.000437
0.002585
0.004551
0.002767
0.001347
0.003095
0.003786
0.001675
0.001675
0.003131
0.003204
0.004041
0.005352
0.006480
0.008847
0.005534
0.001238
0.004187
0.010194
0.011031
0.008737
0.002366
-0.001383
-0.000983
0.002840
0.003204
0.000073
-0.004733
-0.009902
-0.009284
-0.005388
-0.000473
0.001638
0.004587
0.002294
0.000109
0.006080
0.009320
0.007900
0.007245
0.009538
0.007682
0.003095
0.002221
0.002512
0.001274
-0.001420
-0.001565
-0.000874
-0.002221
0.000728
0.005716
0.009793
0.007718
0.001420
0.003204
0.005097
0.001383
0.002803
0.007136
0.010376
0.008992
0.001165
-0.000874
-0.001602
-0.005170
-0.003131
0.001493
0.004005
0.003895
0.004878
0.009575
0.008592
0.002985
-0.002658
-0.007572
-0.007791
-0.001565
0.007281
0.011832
0.010776
0.003750
-0.004260
-0.009575
-0.006262
-0.000364
0.004660
0.012851
0.014089
0.008009
0.001893
-0.003604
-0.005716
-0.002585
0.002658
0.008082
0.009502
0.009793
0.007390
0.002912
-0.002039
-0.003932
-0.000910
0.001456
0.004842
0.006444
0.004696
0.002694
-0.001165
-0.003131
-0.003495
-0.002039
-0.000910
-0.001311
0.000364
0.002330
0.002840
0.002221
0.000437
-0.001274
-0.001966
0.000801
0.002294
0.001201
0.000328
0.000473
0.000619
0.000546
0.000692
0.000728
-0.000546
-0.000510
0.000000
0.002002
0.002184
0.002803
0.002803
0.003313
0.002512
0.001383
0.003713
0.002039
0.000000
0.000000
0.000655
0.000582
-0.001966
-0.001602
-0.000109
0.000109
-0.000582
0.001019
0.003277
0.005170
0.007463
0.005752
0.004478
0.002585
-0.002148
-0.005170
-0.006007
-0.004332
-0.001274
0.003277
0.005388
0.002840
-0.001274
-0.002148
0.002658
0.008119
0.009793
0.006116
0.001747
-0.001383
-0.002257
0.000255
0.001129
-0.000947
-0.004187
-0.006007
-0.002694
0.003349
0.005607
0.005352
0.004332
0.004369
0.001602
-0.005206
-0.010449
-0.004769
0.002221
0.002949
-0.001274
-0.003277
-0.003786
-0.006917
-0.008919
-0.007572
-0.004114
-0.003568
-0.003968
0.000619
0.006662
0.012342
0.016128
0.014490
0.008847
0.002876
-0.000874
-0.001784
0.000073
0.002257
0.002403
-0.001311
-0.004187
-0.004624
-0.003641
0.004041
0.011759
0.010048
-0.000765
-0.014271
-0.017329
-0.005679
0.005716
0.006371
0.005170
0.003641
-0.000400
-0.000546
-0.001383
-0.000947
0.003604
0.011177
0.015473
0.012524
0.005934
-0.005752
-0.017803
-0.019040
-0.008774
0.009793
0.023700
0.020497
0.006225
-0.006699
-0.017912
-0.028834
-0.033348
-0.027268
-0.012160
0.009720
0.036843
0.050386
0.045325
0.024902
-0.001238
-0.026212
-0.036333
-0.023992
-0.003641
0.013871
0.029962
0.042595
0.039027
0.021662
0.000146
-0.027814
-0.056975
-0.069426
-0.061563
-0.036879
-0.004223
0.030508
0.057157
0.069499
0.059961
0.029416
-0.004005
-0.030654
-0.052716
-0.059851
-0.051150
-0.033202
-0.010849
0.008009
0.021589
0.026795
0.025957
0.015691
0.003495
-0.005388
-0.013470
-0.018531
-0.019004
-0.016091
-0.008628
-0.001893
0.002002
0.006298
0.008665
0.006153
-0.001711
-0.011614
-0.016856
-0.017511
-0.014817
-0.016783
-0.019586
-0.010412
0.001238
0.004405
-0.001019
-0.006735
-0.002075
0.001711
0.000582
-0.000692
-0.003895
-0.010485
-0.020497
-0.024283
-0.021771
-0.019368
-0.014708
-0.007318
0.006662
0.022135
0.025812
0.012851
-0.006772
-0.024064
-0.033785
-0.034622
-0.023336
-0.008665
0.000765
0.002476
0.002803
0.002039
-0.005097
-0.011286
-0.011140
-0.004988
-0.000291
-0.000036
-0.004514
-0.010303
-0.015982
-0.018640
-0.016601
-0.013325
-0.009648
-0.005279
-0.001675
-0.001129
-0.001820
-0.001238
-0.004041
-0.011031
-0.014126
-0.013070
-0.011796
-0.012888
-0.012160
-0.009902
-0.004514
0.001165
-0.000837
-0.006407
-0.006772
-0.005315
-0.005206
-0.004150
-0.004114
-0.007099
-0.010958
-0.012524
-0.011468
-0.012596
-0.013470
-0.010958
-0.004478
0.000364
0.000947
0.000801
-0.000910
-0.003641
-0.006116
-0.006626
-0.006189
-0.006844
-0.009065
-0.010157
-0.008337
-0.006444
-0.005825
-0.000947
0.002257
0.002330
-0.000983
-0.006881
-0.009975
-0.011104
-0.011322
-0.009065
-0.005206
-0.001347
0.003131
0.005352
0.001565
-0.006517
-0.011614
-0.013652
-0.013579
-0.008555
-0.001129
0.002585
0.002876
0.003095
0.000728
-0.002548
-0.006881
-0.011686
-0.012706
-0.010485
-0.007245
-0.003531
-0.001966
-0.001820
0.000765
-0.002912
-0.011978
-0.009029
-0.003131
0.000146
-0.000036
-0.001274
-0.002985
-0.001602
-0.000801
-0.001930
-0.005825
-0.005133
-0.005060
-0.007609
-0.006517
-0.004478
-0.003313
-0.001747
0.001420
0.000182
-0.002366
-0.001638
-0.004114
-0.008337
-0.008264
-0.008410
-0.006153
-0.002985
-0.004405
-0.004806
0.000510
0.004260
0.006954
0.001820
-0.006371
-0.003386
0.002221
-0.001019
-0.006189
-0.007208
-0.005024
-0.000910
-0.000947
-0.004369
-0.006007
-0.003313
-0.002294
-0.002512
-0.002403
-0.003823
-0.003313
-0.000218
0.001784
0.001857
0.000109
-0.001893
-0.002184
-0.003386
-0.005825
-0.007390
-0.006407
-0.004878
-0.004005
-0.001711
0.000000
0.000983
-0.000473
-0.002730
-0.003459
-0.003604
-0.005424
-0.005206
-0.002840
-0.001638
0.001675
0.003495
0.002658
0.002366
0.002512
0.002294
0.001311
0.000983
0.002257
0.004005
0.006335
0.005789
0.002694
-0.001274
-0.002840
-0.000947
0.004660
0.011140
0.009939
0.004332
0.001820
0.000364
-0.000400
-0.002403
-0.003604
0.000874
0.004514
0.003386
0.003422
0.003895
0.001602
-0.000619
-0.002002
0.001347
0.006080
0.009174
0.008847
0.010412
0.010485
0.008919
0.006990
0.002767
0.002039
0.004915
0.006298
0.008446
0.010303
0.010266
0.007718
0.004005
0.001493
0.000801
0.001711
0.003641
0.004915
0.008301
0.011723
0.011431
0.010012
0.010303
0.009502
0.009320
0.010813
0.012924
0.010995
0.008082
0.007099
0.005242
0.004988
0.005024
0.004223
0.004478
0.005607
0.006954
0.010303
0.011504
0.010849
0.012269
0.010703
0.008119
0.005825
0.002548
0.000182
0.000947
0.006189
0.009393
0.010776
0.010048
0.006553
0.003713
0.002075
0.001529
0.000146
0.002694
-0.002621
-0.001129
-0.001893
-0.007245
-0.004260
-0.000619
0.000765
0.000947
0.003349
0.007390
0.011723
0.008373
-0.001456
-0.005825
-0.001274
0.006007
0.010121
0.012524
0.009902
-0.002985
-0.011504
-0.008155
-0.003786
0.000655
0.003859
0.007718
0.011577
0.008009
0.000692
-0.005097
-0.002912
0.006699
0.011614
0.003531
-0.010631
-0.017621
-0.012123
-0.003459
0.001201
-0.000728
-0.002876
-0.000947
0.000947
0.004296
0.004806
0.003604
0.000983
-0.002257
-0.002694
-0.001565
0.000109
0.003859
0.004041
0.002585
0.003604
0.004077
0.000291
-0.011031
-0.010339
0.000437
0.006262
0.004696
-0.001420
-0.010703
-0.005861
0.005825
0.010157
-0.001311
-0.010084
-0.005643
0.000619
0.003131
0.000910
-0.004551
-0.002840
0.004842
0.011140
0.011286
0.005934
-0.000837
-0.010157
-0.010303
-0.003240
0.000655
0.002439
0.001493
-0.000874
-0.000473
0.002767
0.003022
0.001311
0.000546
-0.001711
-0.003750
-0.001820
0.000546
0.000546
0.001420
0.002330
-0.000655
-0.002621
-0.004988
-0.007026
-0.005206
-0.002257
0.000291
-0.002002
-0.006517
-0.006007
-0.003895
-0.002366
-0.001675
0.002548
0.004660
0.005060
0.005133
0.006225
0.008082
0.005206
0.000437
-0.001274
-0.004733
-0.003932
0.003277
0.002403
-0.001675
-0.001019
-0.001930
-0.001420
0.003349
0.007318
0.008046
0.006917
0.008191
0.009138
0.007208
0.004442
-0.001238
-0.003641
-0.002767
0.000473
0.003459
0.002294
0.002257
0.000983
0.000291
0.002221
0.005242
0.006735
0.004442
0.001201
0.000473
0.003240
0.006699
0.008446
0.006772
0.005789
0.002949
0.001056
-0.000582
-0.001602
-0.000910
-0.000109
0.000073
0.000000
0.001092
0.004696
0.006080
0.006225
0.007682
0.009393
0.008774
0.005534
0.000291
-0.000218
0.000255
-0.002148
-0.002184
0.000510
0.002949
0.004296
0.004332
0.003531
0.004187
0.005534
0.005206
0.003495
0.003713
0.003641
0.002075
-0.000218
-0.003750
-0.006844
-0.006116
-0.003167
-0.000218
0.002403
0.005497
0.009029
0.010813
0.011759
0.010849
0.006589
0.001493
-0.002184
-0.004296
-0.004551
-0.000328
0.003095
0.003531
0.004187
0.002985
0.001711
0.001893
0.002148
0.001602
0.001966
0.002148
0.002112
0.002221
0.003713
0.005570
0.004624
0.002476
0.000109
-0.000437
0.000837
0.003095
0.005789
0.005934
0.005060
0.004478
0.003859
0.002476
0.000801
0.000000
-0.000619
-0.001383
-0.002039
-0.001857
0.000328
0.003277
0.003968
0.003386
0.003786
0.003131
0.000400
-0.002221
-0.003313
-0.002257
0.001784
0.006116
0.008301
0.006553
0.003167
0.004806
0.006589
0.004296
-0.002184
-0.007609
-0.008992
-0.008009
-0.003859
-0.002366
0.000000
0.002330
0.005279
0.007754
0.006772
0.003968
0.003859
0.003240
0.001383
0.000947
0.001857
0.002403
0.002221
0.001238
-0.001930
-0.003750
-0.002949
-0.003313
-0.003277
-0.003240
-0.002075
-0.000182
0.002476
0.002840
0.003786
0.003786
0.000910
-0.000364
0.002767
0.002585
0.001201
0.002002
0.002585
0.002184
0.004988
0.008737
0.008919
0.004478
-0.001383
-0.002294
-0.001493
-0.000400
0.001311
0.002184
0.002730
0.005315
0.009211
0.010740
0.008446
0.006371
0.001638
-0.002949
-0.005861
-0.004806
0.000947
0.005643
0.008046
0.011978
0.015509
0.016383
0.010303
-0.000291
-0.007754
-0.011067
-0.011686
-0.006699
-0.000036
0.002985
0.006153
0.009720
0.011686
0.010521
0.006407
0.000473
-0.002330
-0.003422
0.000801
0.008483
0.010194
0.003641
-0.001238
-0.002184
-0.001857
-0.001274
-0.000910
-0.000109
0.000073
0.000910
0.000291
0.001092
0.003531
0.003968
0.003750
0.001274
0.001092
0.000947
0.002694
0.004442
0.004951
0.006371
0.003204
0.001019
-0.000182
-0.002403
-0.001456
0.001056
0.000947
0.000291
-0.000655
0.000619
0.000983
-0.001274
-0.004660
-0.001820
0.004260
0.006007
0.004041
0.003022
-0.002002
-0.006371
-0.003568
0.001638
0.001893
-0.001820
-0.002512
0.000692
0.005206
0.007973
0.008555
0.006153
0.001311
-0.001056
-0.000619
0.000437
0.002257
0.004660
0.004842
0.005133
0.004369
0.001602
-0.000473
-0.003677
-0.005242
-0.003277
0.003823
0.010230
0.011104
0.009029
0.007172
0.004514
0.000582
-0.006808
-0.006298
0.000837
0.007354
0.008774
0.008191
0.003968
0.001383
-0.002876
-0.004296
-0.002730
0.000728
0.003095
0.002148
0.003932
0.006699
0.008555
0.005971
0.000473
-0.001747
-0.000218
0.002439
0.003641
0.002002
-0.000182
-0.001129
0.000000
0.003204
0.003459
0.004405
0.006189
0.007208
0.006153
-0.000837
-0.010813
-0.014417
-0.009174
0.007390
0.023300
0.031127
0.028906
0.023081
0.012524
-0.004769
-0.019696
-0.030909
-0.033057
-0.023081
-0.006699
0.011322
0.026140
0.034367
0.030617
0.017147
-0.006116
-0.031054
-0.042340
-0.033603
-0.017730
0.002476
0.020569
0.026868
0.024465
0.015764
0.002658
-0.009502
-0.016820
-0.015473
-0.003313
0.010157
0.012997
0.011213
0.007208
-0.001420
-0.010084
-0.015982
-0.017548
-0.018094
-0.013179
-0.003677
0.004405
0.008373
0.008628
0.006225
0.003895
0.001019
-0.001529
-0.005534
-0.008009
-0.007500
-0.005607
-0.001347
0.003823
0.006335
0.002803
0.000218
-0.005315
-0.009284
-0.011504
-0.013507
-0.014890
-0.017803
-0.008919
-0.003422
-0.005825
-0.004260
0.002658
0.004878
-0.001529
-0.000073
0.004077
0.000765
-0.006189
-0.008883
-0.011140
-0.014162
-0.014198
-0.005352
-0.005643
-0.009138
-0.005971
0.004951
0.005898
-0.001711
-0.005352
-0.006954
-0.017038
-0.025266
-0.020679
-0.019150
-0.026103
-0.019805
0.005097
0.023118
0.016929
0.003713
-0.001092
-0.008992
-0.025411
-0.030181
-0.023009
-0.016273
-0.008410
0.001893
0.011213
0.009356
0.001238
-0.005424
-0.009757
-0.009757
-0.007754
-0.013871
-0.019659
-0.015436
-0.004478
0.004514
0.008191
0.005534
-0.004260
-0.011067
-0.015436
-0.016674
-0.019732
-0.015363
-0.005388
0.002112
0.003422
-0.000036
-0.011650
-0.014053
-0.001784
0.006662
0.003932
-0.006189
-0.012851
-0.015837
-0.006917
0.003422
0.007390
0.009720
-0.011031
-0.047801
-0.060980
-0.055155
-0.033202
0.004951
0.036952
0.054791
0.051587
0.019550
-0.025411
-0.058395
-0.068807
-0.059451
-0.031309
-0.002184
0.017074
0.028870
0.031964
0.027450
0.012706
-0.012742
-0.039646
-0.055701
-0.051697
-0.032219
-0.005716
0.015254
0.026358
0.025557
0.009793
-0.004951
-0.012596
-0.019623
-0.029999
-0.030253
-0.026176
-0.022244
-0.007318
0.010631
0.019586
0.009065
-0.011177
-0.034076
-0.035350
-0.019113
-0.004077
0.004660
0.008810
0.006262
-0.003058
-0.011941
-0.016783
-0.019113
-0.019259
-0.015363
-0.005716
0.000983
0.001456
-0.002840
-0.009975
-0.016128
-0.017184
-0.014089
-0.009830
-0.007864
-0.006917
-0.006662
-0.007099
-0.011359
-0.015436
-0.016492
-0.012269
-0.004405
0.000255
-0.002075
-0.006772
-0.010521
-0.011177
-0.010922
-0.007609
-0.000874
0.001092
-0.001165
-0.000036
-0.002548
-0.013397
-0.022572
-0.022208
-0.014708
-0.011905
-0.009429
-0.006808
-0.006881
-0.006007
-0.002148
0.000328
-0.002840
-0.013325
-0.022062
-0.021043
-0.013652
-0.006844
-0.003058
-0.002330
-0.002767
-0.002476
-0.002112
-0.001675
-0.004187
-0.008410
-0.012706
-0.012961
-0.010084
-0.007427
-0.007500
-0.008519
-0.008737
-0.009356
-0.007827
-0.004806
-0.001602
0.000400
-0.001311
-0.007281
-0.011213
-0.010740
-0.010012
-0.011359
-0.013434
-0.011177
-0.007973
-0.004005
-0.003095
-0.005971
-0.007609
-0.005497
-0.001784
-0.000036
0.000582
0.001857
0.001092
-0.001347
-0.001784
-0.000073
0.000655
0.000655
0.000000
0.001201
0.000437
-0.002075
-0.002002
-0.003240
-0.005279
-0.004696
-0.002148
-0.001201
-0.002221
-0.003349
-0.004915
-0.005133
-0.004405
-0.003568
-0.002075
-0.000947
-0.000692
-0.001092
-0.003277
-0.005679
-0.005534
-0.002294
-0.000910
0.000473
0.003713
0.003568
0.000036
0.000109
0.001092
0.002002
0.000655
-0.002002
-0.002912
0.000328
0.000073
-0.001602
-0.002002
-0.003641
-0.002439
-0.000291
0.002039
0.004077
0.001966
-0.000109
-0.000109
0.001347
0.000000
0.001019
0.000582
0.003277
0.004551
0.001311
0.001092
0.003240
0.002257
-0.000073
-0.000983
0.005352
0.005971
-0.000546
-0.002548
0.001092
0.001383
0.000692
-0.001420
-0.002694
-0.002912
-0.000765
0.005060
0.006189
0.004296
-0.000728
-0.001383
-0.000400
-0.002221
-0.004005
-0.003459
-0.002075
-0.000619
-0.001092
0.000437
0.001638
0.001274
0.001675
0.000364
-0.001966
-0.002512
-0.000328
0.000983
0.003968
0.006444
0.006662
0.006116
0.002366
-0.002730
-0.003313
-0.000036
0.003095
0.006153
0.006262
0.004405
0.000146
-0.001747
0.000728
0.001966
0.002512
0.002949
0.003204
0.001820
-0.000291
-0.000837
-0.001129
-0.000765
-0.001092
-0.000765
0.000146
0.000510
0.001347
0.002184
0.004150
0.005024
0.004369
0.001675
0.000874
0.002439
0.003786
0.004223
0.002476
0.001456
0.002184
0.002257
0.003277
0.003495
0.002476
0.001529
0.003604
0.003459
0.002075
0.003968
0.007208
0.008009
0.007172
0.006808
0.004114
0.001383
-0.001565
-0.001201
0.005060
0.005971
0.007427
0.005279
0.006153
0.007827
0.007900
0.005024
0.003422
0.004114
0.003713
0.004769
0.004041
0.005279
0.006662
0.004187
0.002585
0.001857
0.002148
0.003386
0.004660
0.004041
0.002039
-0.000655
0.000255
0.004478
0.007718
0.010449
0.010266
0.004551
-0.001201
-0.005752
-0.004624
-0.000728
0.002694
0.005424
0.007208
0.007536
0.006808
0.003022
0.000000
-0.000728
0.000364
0.002876
0.007172
0.010667
0.011395
0.006990
0.002366
-0.000728
-0.003568
-0.003422
-0.000947
0.004478
0.006080
0.006371
0.008155
0.005971
0.003677
0.001056
-0.000146
0.002621
0.002294
0.001893
0.003568
0.006080
0.005789
0.002548
0.001966
0.002075
0.002148
0.002694
0.004041
0.002949
0.002840
0.002730
-0.000073
-0.001311
0.001092
0.003859
0.005752
0.005789
0.004478
0.003895
0.004988
0.007572
0.006808
0.002767
0.001165
0.002184
0.003750
0.006298
0.004842
0.001383
0.002257
0.006699
0.007718
0.004733
0.000874
0.000000
-0.001201
-0.000546
-0.000728
-0.002512
-0.003932
-0.001165
0.004733
0.008883
0.011868
0.012342
0.008119
0.003022
-0.000837
-0.002002
-0.001820
-0.000255
0.002585
0.005898
0.010412
0.009830
0.005861
0.006043
0.009393
0.011322
0.010194
0.007791
-0.001165
-0.007864
-0.006480
0.000692
0.006517
0.008373
0.010813
0.014890
0.019732
0.017985
0.007500
-0.001493
-0.005242
-0.006735
-0.006116
-0.002585
0.002148
0.004442
0.009866
0.018385
0.024392
0.023045
0.014490
0.002912
-0.006808
-0.010303
-0.009029
-0.004223
0.006735
0.017438
0.022317
0.022717
0.016674
0.006808
-0.001165
-0.002912
0.000328
0.003204
0.006444
0.009830
0.011359
0.010303
0.009284
0.009065
0.006662
0.001711
-0.001893
-0.001529
0.001383
0.004223
0.005206
0.007136
0.008046
0.006371
0.003604
0.001602
-0.000400
-0.001092
0.001784
0.004077
0.005388
0.006808
0.003859
-0.003313
-0.009830
-0.010194
-0.005497
0.001930
0.007864
0.008228
0.005789
0.000619
-0.003167
-0.006189
-0.008264
-0.005206
-0.002366
0.001165
0.003713
0.003641
0.001711
-0.000765
-0.003277
-0.004733
-0.004041
-0.002039
-0.000182
0.000291
0.000874
0.001165
0.001493
0.000000
-0.000655
-0.000619
-0.001311
-0.002803
-0.002876
-0.001747
-0.003204
-0.002112
0.002366
0.001274
-0.001711
-0.000728
0.002112
0.003277
0.004041
0.003131
-0.001092
-0.007099
-0.008956
-0.006990
-0.005679
-0.003568
0.000765
0.005352
0.005825
0.003058
0.001019
0.002548
0.003604
0.001238
-0.003022
-0.006662
-0.004150
-0.003204
0.000328
0.004915
0.005206
0.003058
0.000655
-0.001420
-0.003604
-0.001056
0.000291
-0.000364
-0.000255
0.001493
0.010558
0.011941
0.000218
-0.008483
-0.005388
0.003932
0.003859
-0.002221
-0.003131
0.000473
0.005206
0.005934
0.004696
0.001893
-0.003422
-0.003277
0.002512
0.003786
-0.001529
-0.004915
0.000218
0.007754
0.008228
0.004114
0.002148
0.003277
0.001857
-0.000182
-0.000947
-0.001820
0.000218
0.002730
0.005097
0.002985
0.002694
0.005752
0.007099
0.009320
-0.003277
-0.022717
-0.019113
0.004296
0.018895
0.024647
0.019878
-0.003095
-0.021370
-0.020242
-0.004478
0.010266
0.011941
0.006444
0.001238
-0.002148
-0.007172
-0.004405
0.001893
0.001966
-0.000109
0.000036
0.001056
-0.000109
-0.001383
-0.002257
-0.000328
0.001383
0.001165
0.003823
0.005607
0.000000
-0.001820
0.000655
0.002112
0.001129
0.001092
0.002294
-0.000291
-0.003058
-0.005534
-0.005752
-0.002512
-0.000146
0.002876
0.005534
0.006298
0.006990
0.005206
0.002002
-0.002476
-0.007354
-0.004187
-0.000546
0.001602
0.000218
-0.001165
0.000291
0.002840
0.002002
0.001420
-0.000182
-0.001675
-0.000073
0.002840
0.004624
0.007099
0.009393
0.009502
0.007572
0.002075
-0.005534
-0.004915
-0.001165
-0.001820
-0.002257
-0.003167
-0.002439
0.000619
0.004041
0.005206
0.003750
-0.000182
-0.002403
-0.000655
0.001565
-0.000692
-0.002730
-0.004878
-0.005060
-0.001347
0.002221
0.001383
-0.001311
-0.002148
0.001129
0.001347
-0.000109
-0.001784
-0.001529
-0.000692
0.001675
0.005060
0.003131
-0.001784
-0.004878
-0.003968
0.002439
0.007536
0.006772
0.004369
0.004624
0.005534
0.005024
0.003968
0.002949
0.002694
0.003349
0.005206
0.003641
0.001493
0.002002
0.004077
0.003604
0.002694
0.001238
0.005279
0.009648
0.006626
-0.001238
-0.007172
-0.017366
-0.023081
-0.017475
-0.005789
0.004951
0.013070
0.011759
0.000582
-0.009757
-0.010849
-0.001784
0.014926
0.031782
0.036661
0.023227
0.002985
-0.016237
-0.029780
-0.034076
-0.024647
-0.006772
0.006298
0.009502
0.008883
0.014053
0.011832
0.004660
-0.004005
-0.013652
-0.018895
-0.026868
-0.027632
-0.016710
0.001056
0.015764
0.018094
0.012596
0.008847
0.005607
0.001383
-0.007172
-0.013543
-0.016091
-0.016055
-0.008191
0.002621
0.008373
0.004369
-0.005060
-0.012305
-0.010776
-0.004551
-0.000036
0.001311
0.003386
0.002730
0.001201
0.000437
-0.002002
-0.004551
-0.006480
-0.008992
-0.016747
-0.024792
-0.028105
-0.022171
-0.009247
0.007318
0.016965
0.015436
0.009211
0.000400
-0.010449
-0.019113
-0.024246
-0.023482
-0.016201
-0.006007
0.001930
0.008082
0.010667
0.006116
-0.005133
-0.016747
-0.021480
-0.017584
-0.011468
-0.004988
-0.000801
-0.000765
-0.002039
-0.005534
-0.010667
-0.013397
-0.014380
-0.014490
-0.012779
-0.005315
0.004187
0.009720
0.010631
0.006626
0.001019
-0.009939
-0.021625
-0.026940
-0.024028
-0.015509
-0.006116
0.004150
0.010776
0.011941
0.011177
0.005461
-0.003641
-0.012196
-0.015363
-0.013834
-0.008483
-0.004077
-0.000073
0.004696
0.008555
0.009284
0.009138
0.010558
0.008337
0.001747
0.003422
0.009393
0.004405
-0.009284
-0.021079
-0.027450
-0.026795
-0.025739
-0.028906
-0.029962
-0.029343
-0.034258
-0.042413
-0.045325
-0.043068
-0.036806
-0.026904
-0.019477
-0.012706
-0.000619
0.008446
0.011614
0.013689
0.014126
0.009648
0.011468
0.015036
0.013470
0.010667
0.008483
0.008555
0.005607
-0.006225
-0.014890
-0.022026
-0.029307
-0.032474
-0.032001
-0.027923
-0.021552
-0.015509
-0.007390
0.000582
0.006480
0.005242
0.001383
0.000582
0.001165
0.001820
0.005934
0.007791
0.007645
0.004660
-0.003786
-0.015618
-0.023445
-0.021152
-0.013507
-0.003313
0.002039
-0.001456
-0.009065
-0.019186
-0.022499
-0.018968
-0.014126
-0.005716
0.002112
0.006626
0.005825
-0.000437
-0.008373
-0.014490
-0.019586
-0.022899
-0.023300
-0.019040
-0.011395
-0.003167
0.000364
0.001238
0.001311
0.001201
-0.000655
-0.007937
-0.009757
-0.006007
-0.005534
-0.009356
-0.009502
-0.009284
-0.007900
-0.005133
-0.008373
-0.011577
-0.010594
-0.011686
-0.011832
-0.008410
-0.003859
-0.003131
-0.003495
-0.004624
-0.004296
-0.001565
-0.003823
-0.007136
-0.006735
-0.005352
-0.003459
-0.001201
0.002949
0.000400
-0.001930
-0.003313
-0.005716
-0.006844
-0.009611
-0.012305
-0.013215
-0.013871
-0.012888
-0.012414
-0.009065
-0.007390
-0.005607
-0.001711
0.001274
0.004514
0.002694
0.001747
-0.000364
-0.003895
-0.006808
-0.011541
-0.011504
-0.008155
-0.000546
-0.001274
-0.003204
-0.002840
-0.001784
-0.003932
-0.009502
-0.009284
-0.006189
-0.003422
-0.003859
-0.003604
-0.003277
-0.003713
-0.003495
-0.000765
0.001711
0.000692
-0.003022
-0.004296
-0.002694
-0.000437
-0.001857
-0.003641
-0.000910
0.002403
0.004769
0.002876
-0.000765
-0.000983
-0.000655
-0.003713
-0.007136
-0.006444
-0.005534
-0.001784
0.005716
0.007172
0.002803
-0.001238
-0.002803
-0.003932
-0.004624
-0.005424
-0.003386
-0.002512
-0.002330
-0.001274
0.000146
0.000400
-0.003386
-0.006043
-0.005315
-0.004660
-0.005315
-0.003058
0.003167
0.007281
0.008519
0.006589
0.001165
-0.003349
-0.006225
-0.006371
-0.004369
-0.001201
0.003204
0.009138
0.011395
0.009356
0.004478
0.000619
-0.000983
-0.003313
-0.004005
-0.003932
-0.000546
0.003823
0.007318
0.008628
0.006444
0.003459
0.003386
0.003677
0.004915
0.005679
0.002767
-0.000182
-0.003531
-0.003677
-0.000801
0.003823
0.004332
0.004478
0.003823
0.002330
0.002002
0.002876
0.004187
0.004696
0.004878
0.004842
0.006189
0.005752
0.002876
-0.001420
-0.002840
0.000910
0.003386
0.000291
0.000146
0.002184
0.003058
0.002876
0.006298
0.008737
0.011832
0.010339
0.003786
-0.003058
-0.001638
0.001238
0.002658
0.000728
-0.002767
-0.006407
-0.007099
0.000437
0.008956
0.011723
0.012232
0.013033
0.005861
-0.004842
-0.010776
-0.013288
-0.012232
-0.007318
-0.000364
0.007354
0.010631
0.011832
0.012706
0.012378
0.008119
0.003095
0.001347
-0.000837
-0.001238
-0.000364
0.000947
-0.000328
-0.001311
-0.000765
0.001711
0.005934
0.011067
0.012779
0.009866
0.003677
0.000692
0.000510
0.002112
0.003968
0.002585
0.000546
0.000437
0.002803
0.004187
0.003459
0.003568
0.005060
0.003095
0.004260
0.009101
0.008264
0.001493
-0.002039
0.000546
0.002476
0.001565
0.004806
0.010922
0.011905
0.010740
0.009575
0.007609
0.006517
0.005679
0.004478
0.004696
0.003932
0.003022
0.003495
0.006335
0.006954
0.005315
0.005315
0.006371
0.005534
0.004150
0.004842
0.004114
0.002985
0.006262
0.012196
0.013543
0.010703
0.004733
-0.000218
0.003277
0.008919
0.008774
-0.002803
-0.013761
-0.013397
-0.004296
0.010449
0.015909
0.010412
0.002439
0.000619
0.004369
0.007609
0.008919
0.005570
0.002039
0.004150
0.008774
0.012160
0.011177
0.005934
0.001311
0.001238
0.003058
0.006225
0.008628
0.007754
0.005097
0.006116
0.008555
0.009065
0.006589
0.006553
0.008919
0.008337
0.006116
0.001893
0.001565
0.002803
0.004260
0.006225
0.006662
0.005789
0.004150
0.005242
0.007572
0.007172
0.005461
0.001201
-0.000765
0.002221
0.006043
0.008592
0.007063
0.003131
0.000400
-0.000947
-0.000765
0.000073
0.000655
0.000582
0.002767
0.004988
0.003240
0.000109
-0.002985
-0.001274
0.007536
0.008155
0.003823
-0.003932
-0.010485
-0.004624
-0.003859
-0.001274
0.002730
0.008774
0.010521
0.001311
-0.008155
-0.007427
0.009611
0.019586
0.017366
0.008410
-0.010194
-0.014162
-0.006662
0.004696
0.009902
0.001820
-0.003022
-0.006735
-0.005934
0.000582
0.006225
0.012487
0.019950
0.012779
0.002257
-0.008009
-0.006954
-0.000728
-0.001383
0.003531
0.010885
0.004988
-0.005133
-0.007572
-0.007099
-0.004624
-0.004150
-0.001820
0.001456
0.003713
0.008555
0.009538
0.007427
0.009356
0.007208
0.000582
-0.006917
-0.007318
-0.008373
-0.009393
-0.006407
-0.001056
0.005315
0.008847
0.007390
0.000473
-0.006262
-0.006808
-0.003349
-0.001092
0.000437
-0.001165
-0.005861
-0.008628
-0.007354
-0.003167
-0.002403
-0.003204
-0.004660
-0.001529
0.005315
0.009684
0.006626
0.001893
-0.002476
-0.006116
-0.003167
0.002694
0.007463
0.005242
0.002767
0.004369
0.008046
0.006808
-0.001529
-0.008228
-0.005825
0.000510
0.006335
0.005534
-0.000073
-0.004988
-0.005716
-0.002476
-0.000837
-0.000765
0.001238
0.004150
0.005861
0.002949
0.001019
0.001019
0.002221
0.002912
0.007390
0.011140
0.009575
0.004369
0.002439
0.004624
0.006772
0.008847
0.007354
0.000983
-0.002658
-0.006153
-0.009393
-0.008009
-0.003022
0.003131
0.005461
0.002876
0.000510
0.001784
0.000146
-0.003641
-0.001565
0.000400
-0.003677
-0.007900
-0.008737
-0.010922
-0.010084
-0.004660
0.000983
0.001638
-0.000073
-0.001893
-0.002221
-0.002403
-0.001857
-0.003277
-0.004260
-0.006043
-0.006917
-0.004041
-0.000182
-0.000218
-0.000655
0.001420
0.003022
0.003422
0.003240
0.001602
-0.002803
-0.006735
-0.009866
-0.009029
-0.004624
0.000765
0.001019
-0.000692
-0.000073
0.001711
0.002912
0.003750
0.004260
0.002002
-0.000437
-0.003823
-0.006407
-0.008737
-0.011067
-0.014781
-0.011067
-0.005133
-0.001274
0.002621
0.003750
0.003349
0.003932
0.001747
0.003495
0.009393
0.010922
0.003895
-0.006954
-0.012706
-0.011031
-0.003204
0.002112
0.002658
-0.001893
-0.004296
-0.001930
0.004041
0.005206
0.002548
-0.001456
-0.008119
-0.015545
-0.016383
-0.008883
-0.001311
0.002221
0.003932
0.001456
-0.007937
-0.010740
-0.003495
0.001129
-0.000109
0.001019
0.003095
0.006589
0.012633
0.014490
0.008592
0.005716
0.000947
-0.014016
-0.029780
-0.035205
-0.028979
-0.017548
-0.006371
0.008774
0.022280
0.023627
0.015946
0.006699
-0.003568
-0.010121
-0.015545
-0.018640
-0.017147
-0.009320
-0.002694
0.002585
0.005497
0.006772
0.004660
-0.001165
-0.004296
-0.005497
-0.010740
-0.016601
-0.016383
-0.007973
-0.000874
0.000073
-0.000947
-0.003713
-0.005024
-0.005643
-0.004187
-0.001747
0.000328
-0.000255
-0.002949
-0.004842
-0.008737
-0.014599
-0.020205
-0.015181
-0.005461
0.004660
0.012924
0.010958
0.005388
-0.001602
-0.009720
-0.016528
-0.016965
-0.010157
-0.002949
0.000000
0.000582
-0.001966
-0.005097
-0.011067
-0.015254
-0.013179
-0.008155
-0.003459
-0.003677
-0.006589
-0.007791
-0.007463
-0.007390
-0.007099
-0.005570
-0.004041
-0.003095
-0.002803
-0.003022
-0.002912
-0.001966
-0.000619
-0.004587
-0.007572
-0.008737
-0.009429
-0.008919
-0.008046
-0.005060
-0.003641
-0.002949
-0.003058
-0.003422
-0.004114
-0.003495
-0.002949
-0.003531
-0.004005
-0.002949
-0.002439
-0.003422
-0.006335
-0.007500
-0.004187
-0.000582
-0.000473
-0.000874
0.000437
-0.002257
-0.008337
-0.012342
-0.008519
-0.002294
-0.000801
-0.002221
-0.000728
-0.000983
-0.000182
-0.002767
-0.004988
-0.003932
-0.000619
0.002148
0.000473
-0.002476
-0.008810
-0.012378
-0.009793
-0.007463
-0.004878
-0.000765
0.002694
0.005752
0.003895
0.002257
-0.001820
-0.006007
-0.010412
-0.012851
-0.009538
-0.006808
-0.005024
0.000291
0.002621
0.002294
0.000655
-0.002621
-0.008373
-0.009902
-0.007136
-0.005242
-0.004260
-0.005934
-0.003968
-0.002949
-0.003641
-0.006808
-0.009538
-0.007063
-0.002658
0.001420
0.006116
0.011796
0.018130
0.022098
0.023118
0.021298
0.017038
0.009174
-0.001602
-0.010157
-0.013179
-0.015145
-0.017475
-0.019623
-0.020679
-0.020533
-0.017511
-0.011213
-0.002294
0.006298
0.015800
0.021625
0.024610
0.023300
0.020278
0.016747
0.008774
-0.001711
-0.012232
-0.017730
-0.018968
-0.018603
-0.017766
-0.015800
-0.013070
-0.011431
-0.011541
-0.007645
-0.000218
0.007973
0.014854
0.019368
0.020315
0.018567
0.010776
0.000182
-0.009029
-0.015291
-0.017147
-0.017293
-0.015837
-0.010157
-0.008264
-0.006371
-0.003277
0.000983
0.005679
0.008628
0.009320
0.008665
0.005570
0.002876
0.000473
-0.000109
-0.002112
-0.005461
-0.010412
-0.013689
-0.016201
-0.017366
-0.014162
-0.009284
-0.004915
0.000837
0.006043
0.008956
0.011104
0.011504
0.007172
-0.001165
-0.010194
-0.015655
-0.018895
-0.018057
-0.015764
-0.012087
-0.006116
0.001383
0.007900
0.010594
0.010048
0.008191
0.004478
0.000218
-0.003422
-0.007136
-0.010849
-0.013907
-0.013507
-0.012305
-0.011286
-0.009757
-0.008810
-0.005279
-0.002585
0.000000
0.005570
0.009575
0.006517
-0.001129
-0.008665
-0.012888
-0.014890
-0.014016
-0.008992
-0.003604
0.000328
0.003349
0.005315
0.004878
-0.000036
-0.005242
-0.012924
-0.019004
-0.018167
-0.009466
0.003859
0.015655
0.017074
0.003604
-0.014744
-0.024064
-0.024865
-0.020169
-0.012160
-0.004150
-0.002075
-0.006917
-0.007063
-0.007318
-0.007609
-0.005825
-0.006954
-0.008228
-0.003240
0.003968
0.000473
-0.005497
-0.008519
-0.010449
-0.013943
-0.011868
-0.005607
0.002621
0.006735
0.006480
0.002949
-0.001820
-0.006189
-0.007026
-0.007609
-0.009065
-0.012487
-0.016638
-0.015473
-0.010594
-0.005825
-0.002148
-0.001747
-0.001857
-0.001019
0.001565
0.000874
0.000510
0.000073
-0.004442
-0.006699
-0.008956
-0.008883
-0.003604
-0.000692
-0.004005
-0.009284
-0.010631
-0.007973
-0.004842
-0.001857
-0.000582
-0.003531
-0.005497
-0.006371
-0.006080
-0.003349
0.000000
-0.004478
-0.000218
0.004223
-0.001930
-0.002221
-0.006589
-0.008628
-0.003932
-0.001201
-0.002366
-0.000255
-0.000765
-0.003022
-0.003968
-0.002912
-0.003022
-0.004915
-0.004988
-0.001274
0.001129
0.000291
-0.001857
0.001201
0.002403
0.001456
-0.000874
-0.002694
-0.001129
-0.001456
-0.001930
-0.001165
-0.001420
-0.002002
-0.001893
-0.001347
-0.000582
0.000874
0.001529
0.002912
0.003677
0.001311
-0.000036
0.000801
0.001311
0.005352
0.005206
0.000364
0.001857
0.002840
-0.001201
-0.003277
-0.002840
-0.002075
0.002148
0.006990
0.006480
0.004842
0.003750
0.004332
0.003277
0.000510
-0.001820
0.001201
0.005352
0.004369
0.002476
0.001238
0.000218
0.000364
0.005097
0.010157
0.008046
0.003823
0.002366
0.003022
0.003240
0.003131
0.003422
0.003859
0.005206
0.006371
0.006517
0.005898
0.004842
0.004005
0.002330
0.001383
0.004369
0.006735
0.006262
0.005570
0.005133
0.003932
0.003422
0.004296
0.004260
0.004842
0.005825
0.006553
0.005024
0.004041
0.002730
0.003313
0.005279
0.005971
0.003968
0.003568
0.003823
0.004005
0.003641
0.002876
0.001820
0.002585
0.004005
0.005279
0.002476
-0.002439
-0.002330
0.003459
0.006954
0.004733
0.003859
0.005133
0.005825
0.006262
0.007572
0.008774
0.005716
0.000874
0.000582
0.002476
0.004005
0.005279
0.004806
-0.000546
-0.007063
-0.006954
-0.003204
0.001784
0.003459
-0.001456
-0.000728
0.008410
0.008410
-0.002767
-0.012232
-0.005570
0.001820
-0.001675
-0.004005
-0.001602
0.005060
0.007063
0.006517
0.011177
0.017220
0.008701
-0.010412
-0.028979
-0.035168
-0.018531
0.012451
0.033894
0.033821
0.022208
0.015618
0.009101
-0.001529
-0.013871
-0.025047
-0.029234
-0.019077
0.001238
0.018167
0.021298
0.013579
0.007536
0.005461
0.000801
-0.006407
-0.009575
-0.010667
-0.011249
-0.010485
-0.006881
-0.001311
0.006298
0.013980
0.014235
0.008410
-0.000510
-0.008009
-0.013980
-0.015036
-0.007572
0.002075
0.008919
0.010157
0.007791
0.001820
-0.006043
-0.012961
-0.015400
-0.012123
-0.003495
0.005825
0.012779
0.012196
0.005461
-0.002476
-0.008992
-0.009466
-0.006954
-0.003095
-0.000328
0.000692
0.001456
0.000692
-0.000437
-0.003895
-0.004696
-0.004878
-0.009866
-0.008883
-0.004660
-0.001747
0.003459
0.007609
0.006335
0.002403
-0.005024
-0.010740
-0.009939
-0.004442
-0.001493
-0.001201
-0.000947
-0.000801
0.000255
0.000073
-0.002439
-0.002403
-0.003604
-0.003641
-0.001711
-0.000582
-0.000291
-0.000728
0.000218
0.001383
0.001092
-0.001056
-0.007682
-0.012924
-0.010012
-0.006772
-0.003204
0.001747
0.002694
0.002548
0.002694
0.003349
0.003823
0.001165
-0.001201
-0.003750
-0.005934
-0.007900
-0.007609
-0.006189
-0.003459
-0.000400
0.003750
0.007172
0.010121
0.009466
0.003204
-0.004660
-0.010048
-0.012378
-0.012633
-0.009939
-0.002002
0.007099
0.011104
0.007026
0.002039
-0.001966
-0.008119
-0.012087
-0.012487
-0.006371
0.002002
0.006407
0.006772
0.003058
-0.004696
-0.010667
-0.011577
-0.009211
-0.005352
-0.000582
0.002403
0.002002
-0.001747
-0.002075
-0.001383
-0.004369
-0.007463
-0.009211
-0.008264
-0.004988
-0.002330
0.000582
0.002330
0.005971
0.007427
0.004660
0.002548
-0.001711
-0.007791
-0.012779
-0.013215
-0.007136
-0.003095
0.000000
0.001711
0.004114
0.007026
0.004587
-0.001019
-0.007827
-0.017111
-0.019514
-0.015837
-0.007390
0.004769
0.008628
0.004878
0.007536
0.004296
-0.005534
-0.014817
-0.019186
-0.016856
-0.008519
0.004551
0.011796
0.008919
-0.000983
-0.013179
-0.016055
-0.005898
0.003604
0.006480
0.003313
-0.002548
-0.009502
-0.014926
-0.014708
-0.007937
0.000291
0.005424
0.008737
0.009611
0.004223
-0.006844
-0.017948
-0.021480
-0.017548
-0.005752
0.008592
0.016929
0.018276
0.009466
-0.004442
-0.018785
-0.027304
-0.029198
-0.022572
-0.008883
0.004369
0.016237
0.020642
0.012706
0.000437
-0.011978
-0.019696
-0.020169
-0.018567
-0.011614
-0.004296
0.003531
0.009429
0.008883
0.002949
-0.007718
-0.016055
-0.020824
-0.019805
-0.012487
-0.003677
0.006626
0.011067
0.012232
0.005097
-0.005133
-0.013434
-0.018130
-0.008483
0.000182
0.006407
0.010922
-0.000473
-0.010521
-0.014781
-0.018931
-0.012706
-0.009538
-0.006007
-0.001602
-0.003531
-0.005534
-0.007609
-0.009538
-0.007026
-0.003313
-0.001747
-0.002184
-0.006480
-0.006407
-0.007063
-0.008009
-0.007864
-0.007208
-0.004806
-0.000728
-0.001347
-0.006553
-0.007318
-0.008774
-0.010012
-0.004587
-0.000473
-0.004296
-0.009975
-0.010194
-0.013106
-0.013288
-0.010376
-0.006808
-0.006517
-0.007318
-0.008337
-0.010194
-0.010266
-0.006480
-0.005461
-0.005424
-0.003495
-0.003058
-0.001784
0.000510
0.001201
0.000109
-0.002876
-0.006225
-0.006444
-0.005352
-0.003713
-0.004951
-0.008301
-0.010194
-0.009793
-0.006662
-0.000510
0.003495
0.000728
-0.003240
-0.005170
-0.005170
-0.003859
-0.001747
-0.000473
0.000546
0.000874
-0.000255
-0.002512
-0.004769
-0.003932
-0.003459
-0.003713
-0.003859
-0.004005
-0.004551
-0.003641
-0.000582
0.002476
0.002767
0.000983
-0.001529
-0.004223
-0.004988
-0.003895
-0.001456
0.001893
0.002548
0.000655
0.000947
0.001056
0.000874
0.002330
0.003277
0.000073
-0.001930
-0.001966
-0.001201
-0.000874
0.000655
0.002039
0.001638
0.000364
-0.001675
-0.000146
0.003313
0.005133
0.004187
0.003204
0.001711
0.000619
0.000473
0.000218
-0.001347
-0.002840
-0.004405
-0.005315
-0.005315
-0.001675
0.003204
0.006189
0.006407
0.005352
0.004041
0.001274
0.001493
0.003495
0.004041
0.003677
0.004260
0.004369
0.001602
0.000291
0.000546
-0.000765
-0.001420
-0.000947
0.000255
0.000910
0.002621
0.005497
0.008119
0.008737
0.004624
-0.001347
-0.001638
-0.000182
-0.000692
0.000910
0.004951
0.007063
0.010339
0.010121
0.002876
-0.002694
-0.000655
0.002294
-0.001675
-0.000801
0.002257
0.002912
0.003823
0.004041
-0.000619
-0.002184
0.000218
0.001092
0.004005
0.004260
0.002330
-0.001201
-0.001747
0.002330
0.006407
0.008046
0.009029
0.011322
0.012706
0.007827
0.001201
-0.002512
-0.004478
-0.004878
-0.002767
0.001784
0.005060
0.005060
0.006116
0.009065
0.009101
0.005534
0.004660
0.006480
0.005352
0.002294
-0.002039
-0.006517
-0.009975
-0.012414
-0.009138
0.004878
0.021552
0.031528
0.026176
0.008337
-0.011177
-0.023118
-0.025229
-0.017693
-0.000619
0.018822
0.029380
0.028287
0.016565
0.003677
-0.005716
-0.009247
-0.008009
-0.000400
0.006662
0.008082
0.007754
0.005861
0.001456
-0.003386
-0.007718
-0.010813
-0.009648
-0.004842
0.002148
0.006808
0.009429
0.009939
0.007973
0.003349
-0.000109
-0.002075
-0.003386
-0.002694
-0.000947
0.002257
0.003604
0.002876
-0.000473
-0.002039
-0.001602
-0.003022
-0.002366
-0.001966
-0.000728
-0.000546
0.000109
0.000983
0.000947
-0.002439
-0.007281
-0.006444
-0.001019
0.002002
0.004187
0.004878
0.001820
-0.001857
-0.003277
-0.002876
-0.001129
0.002039
0.004005
0.004951
0.004041
0.003058
0.001747
0.001019
0.000364
-0.000073
-0.001565
-0.001092
0.000983
0.003495
0.003495
-0.000073
-0.003713
-0.006517
-0.008919
-0.008483
-0.004514
0.000255
0.003204
0.003204
0.001274
0.000910
0.001019
0.000837
0.002221
0.004842
0.005570
0.003422
0.002876
0.002403
0.002330
0.000983
-0.001092
-0.000765
-0.000546
-0.000218
0.001019
0.000619
0.000437
0.001019
0.001274
0.000400
0.000874
0.001529
0.002075
0.004806
0.006298
0.005170
0.002585
0.000291
-0.001493
-0.001274
-0.000910
0.000437
0.005279
0.007354
0.005060
0.001056
0.000073
-0.000109
0.000546
0.001711
0.002184
0.003277
0.003604
0.001711
0.000182
0.000983
0.004587
0.006043
0.005315
0.004005
0.002912
0.001420
0.000947
0.003859
0.006480
0.006662
0.005242
0.004150
0.005279
0.002985
-0.006262
-0.009939
0.001129
0.011723
0.009648
0.007063
0.007427
0.005461
0.002148
0.001238
0.002257
0.001201
0.001019
0.000655
0.001201
0.004442
0.004806
0.003932
0.003531
0.002585
0.000255
-0.001420
0.001274
0.004223
0.007208
0.006662
0.002949
-0.000619
-0.002694
-0.004478
-0.004806
-0.003095
-0.001420
0.000728
0.005170
0.006772
0.001893
-0.002039
0.000218
-0.000728
-0.001129
0.002876
0.004005
0.003204
0.002512
0.002221
0.004077
0.004150
0.008046
0.007864
0.006444
0.003167
0.001274
0.004842
0.000983
0.001092
0.003932
0.000801
0.000655
-0.000765
-0.001420
-0.001019
0.000146
0.001201
0.000983
0.000255
-0.001675
-0.003422
-0.002476
-0.003531
-0.000947
0.001711
0.003750
0.006189
0.008264
0.006225
0.002039
0.000000
0.000291
0.000328
0.002112
0.004405
0.003895
0.002803
0.000910
0.001383
0.001930
0.003495
0.003713
0.002039
0.001893
-0.000837
-0.003713
-0.001820
-0.001238
-0.000874
0.002366
0.002694
0.000801
-0.000255
0.002621
0.006043
0.007063
0.006262
0.004114
0.001966
0.002039
0.002548
0.004514
0.004296
0.001820
0.001420
0.002330
0.001857
0.000692
-0.000109
0.001274
0.000000
-0.003240
-0.002694
-0.001493
0.000109
0.002912
0.002985
0.001711
0.002949
0.004332
0.006080
0.008082
0.006662
0.004878
0.004332
0.003786
0.003786
0.002439
0.001056
-0.000036
0.000255
0.001456
0.003568
0.006626
0.007973
0.006262
0.002039
-0.002148
-0.003968
-0.004041
-0.001238
0.002585
0.006407
0.008446
0.009320
0.010558
0.010121
0.007026
0.001857
-0.002075
-0.003277
-0.003641
-0.000655
0.002621
0.005242
0.007900
0.010303
0.010740
0.009174
0.004915
0.000619
0.000728
0.002476
0.002221
0.000655
-0.000510
-0.000437
0.001019
0.003604
0.006553
0.008628
0.006371
0.001056
-0.001565
0.000328
0.004005
0.007172
0.006043
0.003204
0.000437
-0.002039
-0.007572
-0.010412
-0.002694
0.011759
0.021006
0.015218
0.003240
-0.004114
-0.002803
0.000000
0.003058
0.007536
0.012160
0.010922
0.004660
0.001056
-0.001456
-0.003422
-0.003095
-0.000837
0.002184
0.006298
0.012596
0.016929
0.017038
0.012633
0.006225
0.001165
-0.003095
-0.003968
-0.004769
-0.000255
0.007099
0.009757
0.011322
0.009138
0.010958
0.011978
0.007427
0.006954
0.004223
0.000146
-0.005825
-0.016091
-0.018858
-0.006517
0.011140
0.021043
0.017621
0.008774
0.001747
-0.002803
-0.000255
0.003349
0.004405
0.004296
0.003750
0.004260
0.006844
0.007536
0.010012
0.007682
0.002585
-0.001456
-0.003677
-0.002148
-0.001019
0.000510
-0.002439
-0.005497
-0.004296
-0.005097
-0.003713
-0.002330
0.001129
0.009029
0.011286
0.009902
0.008119
0.002403
-0.000473
-0.000801
-0.001857
-0.001456
0.001311
0.000874
0.000218
-0.000218
-0.002621
-0.001019
0.001747
0.002730
0.002949
0.002294
0.000765
-0.001602
-0.001347
-0.001602
-0.000619
-0.001638
-0.001675
-0.000109
0.000218
-0.000728
-0.000765
0.000728
0.000619
-0.000073
0.001238
0.001238
-0.002002
-0.004332
-0.002912
-0.002039
-0.000765
0.001675
0.003313
0.004696
0.004442
0.003604
0.003167
0.002257
-0.000692
-0.003386
-0.002439
-0.000582
0.000109
0.001966
0.003713
0.004332
0.005643
0.006772
0.005242
0.003204
0.001165
0.000291
-0.001747
-0.006189
-0.005898
-0.003022
0.000073
0.000255
0.002075
0.004296
0.003058
0.000073
-0.001711
-0.001565
-0.002439
-0.001383
0.003167
0.005789
0.003786
0.001675
0.001129
0.001383
0.000400
-0.000400
0.003604
0.006517
0.004296
0.002949
0.001347
-0.001274
-0.003022
-0.003095
-0.000582
0.000728
0.004223
0.005315
0.003568
0.001274
0.001201
0.003932
0.004624
0.000910
-0.002658
-0.002730
-0.004951
-0.004951
-0.002330
-0.002585
-0.002476
0.001493
0.003240
0.004624
0.007973
0.005861
0.000182
-0.003932
-0.006735
-0.004587
-0.000400
0.003167
0.006480
0.007536
0.002949
-0.002403
-0.003386
0.000837
0.008155
0.013798
0.014817
0.009575
0.001857
-0.003313
-0.007281
-0.008665
-0.005497
-0.002294
0.004478
0.012269
0.015036
0.012196
0.005461
-0.002075
-0.005789
-0.005242
-0.001056
0.001420
0.001565
0.001565
0.000728
0.000073
-0.001238
0.000255
0.001311
0.000109
-0.000473
0.000437
0.001711
0.002840
0.002985
0.004405
0.004223
0.004442
0.003750
0.002366
0.002002
0.001747
0.001274
0.001420
0.002694
0.003313
0.001383
0.000036
0.000328
0.001602
0.003058
0.002730
0.000837
-0.001056
-0.000728
0.000619
0.002366
0.005133
0.006116
0.004150
0.002403
0.000146
-0.000437
0.001784
0.003277
0.003313
0.001529
0.002148
0.001238
-0.000947
0.002439
0.005934
0.006480
0.004478
0.003240
0.002621
0.001311
0.002184
0.004478
0.004951
0.005388
0.004114
0.003277
0.002366
0.003968
0.003568
0.001019
-0.001311
-0.000255
0.002949
0.003277
0.002294
0.000582
0.000109
0.002403
0.003459
0.004187
0.002803
0.003641
0.007536
0.006772
0.004077
0.002803
0.004223
0.005861
0.005752
0.005315
0.004951
0.004769
0.005898
0.007427
0.007572
0.006444
0.006225
0.004951
0.000582
-0.002694
-0.002876
-0.002658
0.001129
0.007900
0.011868
0.010012
0.004878
0.002439
0.000983
0.000109
0.000036
0.002330
0.004769
0.005024
0.003386
0.002403
0.002039
0.002658
0.002803
0.004405
0.007682
0.009211
0.007172
0.005534
0.004442
0.001565
-0.000910
0.001638
0.008046
0.011905
0.008737
0.004478
0.001456
-0.002585
-0.003277
-0.000655
0.002621
0.003968
0.004878
0.005097
0.001238
-0.002075
-0.000109
0.003058
0.004405
0.005643
0.006990
0.005789
0.002439
-0.000146
0.000291
0.001420
-0.000619
-0.002184
-0.001638
0.000400
0.003204
0.004369
0.002476
0.000655
0.002221
0.005170
0.005861
0.005352
0.004041
0.003677
0.004041
0.003095
0.002184
0.001201
0.002985
0.004150
0.003750
0.002621
0.001930
0.001347
0.000801
0.001857
0.002257
0.002912
0.003058
0.003422
0.004624
0.006990
0.009138
0.007827
0.004223
0.000510
-0.000801
-0.000582
0.000146
0.004260
0.008119
0.007609
0.003713
-0.000655
-0.001165
0.002512
0.007318
0.008191
0.005497
0.002767
-0.001238
-0.000218
0.003968
0.006917
0.007973
0.006699
0.004260
0.001711
-0.000437
0.000364
0.004260
0.006808
0.007208
0.006517
0.006699
0.005643
0.003459
0.001347
0.001893
0.003277
0.005097
0.004878
0.002803
0.001092
0.001784
0.004806
0.004296
0.004187
0.006262
0.007536
0.007427
0.006589
0.004988
0.002767
0.000619
-0.001165
0.000437
0.002912
0.001820
0.003022
0.001529
0.001675
0.002876
0.004478
0.004260
0.001857
0.001857
0.001711
0.001056
0.001638
0.003095
0.005060
0.008046
0.011468
0.012851
0.010266
0.009320
0.008555
0.008119
0.007572
0.006116
0.005024
0.006007
0.009648
0.009393
0.008483
0.005279
0.004005
0.003786
0.000364
-0.002112
-0.004114
-0.002184
-0.000291
0.005898
0.010230
0.010048
0.007645
0.003859
0.001092
0.001311
0.004696
0.008082
0.009502
0.009138
0.006735
0.002876
0.002148
0.003058
0.004878
0.006735
0.007281
0.005716
0.003786
0.001383
-0.000801
-0.000146
0.001893
0.003677
0.005024
0.004806
0.001675
-0.001456
-0.004915
-0.006954
-0.006844
-0.004369
-0.000400
0.003750
0.007172
0.009356
0.010631
0.009502
0.009284
0.009684
0.011686
0.013252
0.012269
0.009138
0.006189
0.003713
0.001056
-0.002039
-0.001238
-0.002912
-0.004878
-0.002512
-0.002403
-0.001711
0.000728
0.000400
0.000801
0.002694
0.006007
0.009174
0.012087
0.012160
0.010376
0.009284
0.007536
0.005170
0.001893
-0.002585
-0.003240
-0.003240
-0.004660
-0.006371
-0.007682
-0.007208
-0.004405
0.001711
0.006080
0.006189
0.004114
0.000801
-0.001383
-0.002112
-0.000473
-0.000291
-0.000655
-0.003058
-0.003677
-0.003022
-0.001493
0.000291
0.002002
0.003823
0.005570
0.005971
0.003277
0.001274
0.001784
0.000437
-0.001711
-0.003932
-0.005206
-0.006043
-0.004988
-0.000874
0.003204
0.006335
0.005497
0.001274
-0.002585
-0.004915
-0.004405
-0.003277
-0.001711
-0.000546
-0.000437
-0.002148
-0.002912
-0.003677
-0.004842
-0.001930
0.000765
0.002912
0.004988
0.005424
0.006371
0.004514
0.002840
0.000910
0.000109
0.000218
0.000328
0.002184
0.001056
-0.001857
-0.003058
-0.004624
-0.006007
-0.006444
-0.004005
-0.000765
0.000437
0.001784
0.003022
0.003895
0.003386
0.002694
0.002366
0.002512
0.002112
0.001784
0.002366
0.002767
0.002039
0.001966
0.001274
-0.000400
0.000000
0.001456
0.003167
0.003786
0.003786
0.003422
0.002294
0.000655
0.000291
-0.001383
-0.000801
0.002330
0.003167
0.001747
0.002439
0.003240
0.003022
0.003349
0.003058
0.003277
0.003895
0.002985
0.000947
0.000655
0.000910
0.002767
0.002476
0.002403
0.003313
0.004077
0.002985
0.003531
0.004369
0.002803
0.004260
0.006954
0.005861
0.003750
0.000983
-0.002730
-0.003568
-0.000437
0.003786
0.006735
0.006990
0.002221
-0.000182
-0.000073
-0.002039
-0.001274
0.002912
0.008701
0.012160
0.009975
0.007354
0.005352
0.004005
0.005060
0.007281
0.005133
-0.002694
-0.008446
-0.006480
0.000765
0.006589
0.007900
0.004769
-0.001675
-0.007754
-0.006735
-0.000874
-0.000655
0.000983
0.008956
0.008956
0.005461
0.006772
0.004150
0.000218
0.001638
0.001675
-0.000874
-0.000364
0.000619
0.001456
0.002949
0.003167
0.001638
0.000910
0.001019
0.002476
0.004405
0.005170
0.007026
0.006881
0.004332
0.002330
0.001456
-0.000582
-0.003459
-0.004077
-0.002876
-0.001784
0.001565
0.002840
0.003786
0.002548
0.000036
0.000728
0.003641
0.006844
0.007536
0.002912
-0.001420
-0.005607
-0.005934
-0.001857
0.000947
0.002585
0.003604
0.003677
0.003531
0.007827
0.008483
0.005279
0.003058
0.000947
0.000837
0.002330
0.003604
0.001383
-0.002148
-0.003750
-0.005934
-0.005789
-0.002512
0.001347
0.002730
0.004806
0.007864
0.005388
-0.001019
-0.006917
-0.006189
-0.001493
0.004478
0.011978
0.014380
0.014453
0.012378
0.009975
0.003932
-0.006808
-0.016019
-0.024683
-0.029452
-0.026431
-0.012669
0.010048
0.033239
0.048092
0.047546
0.029744
-0.000218
-0.027086
-0.041357
-0.037462
-0.018603
0.002985
0.020278
0.032474
0.034731
0.020751
0.002330
-0.008191
-0.012451
-0.013361
-0.008992
-0.001784
0.005024
0.007973
0.009320
0.009393
0.004150
-0.000400
0.000291
0.001019
0.002476
0.006662
0.008155
0.005898
0.002403
-0.003349
-0.003968
-0.001565
0.001784
0.002876
0.004769
0.008301
0.008992
0.009211
0.006881
0.001493
-0.004442
-0.006517
-0.005643
-0.005242
-0.004660
-0.004005
-0.004369
-0.005060
0.000510
0.001311
-0.001311
-0.002294
-0.008701
-0.004223
-0.002658
-0.003313
0.005315
0.009648
0.013543
0.016273
0.005752
-0.008701
-0.020315
-0.021844
-0.017256
-0.010703
0.002548
0.010449
0.014490
0.012342
0.004551
-0.001092
-0.009502
-0.020351
-0.025302
-0.013980
0.005388
0.014417
0.008191
-0.007718
-0.014453
-0.005825
0.003786
0.002912
-0.001930
-0.007390
-0.012087
-0.020569
-0.020424
-0.012269
-0.001930
0.012269
0.014926
0.007172
-0.000692
-0.004187
-0.004442
-0.006189
-0.004988
-0.003713
-0.004405
-0.007063
-0.006553
-0.005898
-0.001092
-0.000765
-0.001165
-0.002294
-0.000364
0.001274
-0.000582
-0.001857
-0.006772
-0.012997
-0.014089
-0.009247
-0.002294
-0.001529
-0.004187
-0.006298
-0.005206
-0.000546
0.000255
0.000364
-0.004806
-0.007682
-0.006116
-0.006007
-0.007026
-0.004369
-0.004041
-0.005643
-0.006735
-0.004696
-0.002366
0.000182
0.000291
-0.002439
-0.001784
-0.000947
-0.007791
-0.008119
-0.003277
-0.006262
-0.004478
-0.002658
-0.008337
-0.008592
-0.006262
-0.005971
-0.004514
-0.002876
-0.001129
0.000036
-0.000364
-0.005643
-0.006480
-0.002694
-0.000218
0.000910
0.001274
0.000765
0.001129
0.001165
0.001493
0.003895
0.005497
0.006298
0.003204
0.001930
0.001019
-0.002039
-0.003022
0.000182
0.001602
0.000364
-0.003713
-0.002039
0.001638
0.001347
0.001675
0.001747
0.000182
0.000146
0.001347
0.003313
0.004077
0.005097
0.003823
0.002621
0.003786
0.005607
0.005133
0.004915
0.005060
0.003531
0.002621
0.001711
-0.000692
-0.000655
0.001456
0.003495
0.003641
0.006699
0.006954
0.004951
0.001347
-0.004332
-0.004878
-0.005789
-0.006881
-0.004951
0.000437
0.001930
0.001383
-0.001056
-0.003531
-0.002294
-0.002512
-0.001638
-0.001238
0.001930
0.012378
0.006589
0.009757
0.004223
-0.009211
-0.006444
-0.008373
-0.006808
0.000036
0.005607
0.005898
0.004696
0.004551
0.004551
0.000837
-0.006007
-0.011213
-0.009065
-0.003750
0.003022
0.006735
0.008301
0.011249
0.008883
0.001420
-0.000146
0.000364
-0.000073
0.001056
0.001383
0.001529
0.001675
-0.000291
-0.003495
-0.005097
-0.005242
-0.003240
-0.000728
0.000510
0.004296
0.009211
0.008228
0.003641
-0.001456
-0.004442
-0.004405
0.000910
0.006662
0.008956
0.009466
0.005971
0.000255
-0.005570
-0.008119
-0.007136
-0.003240
0.000692
0.002767
0.003313
0.004296
0.002876
0.001056
-0.000036
0.000546
0.001675
0.003459
0.007136
0.008701
0.007136
0.003022
-0.002730
-0.007900
-0.010922
-0.009466
-0.003131
0.002949
0.007390
0.008956
0.008082
0.005825
0.001930
-0.000328
0.000218
-0.000510
-0.001857
-0.001056
-0.000510
0.000437
0.002658
0.000619
-0.001638
0.000947
0.002002
0.001820
0.003823
0.001456
-0.001019
-0.000400
-0.000255
0.001638
0.003058
-0.000837
-0.000910
0.000510
-0.004551
-0.005789
-0.000400
-0.001165
-0.002694
0.003859
0.006626
0.002257
-0.000073
0.003713
0.006444
0.003204
-0.002476
-0.003568
-0.002912
-0.003604
-0.000983
0.004077
0.005133
0.003604
0.003167
0.002767
-0.000510
-0.004478
-0.004332
0.000692
0.004587
0.004041
0.003422
0.003859
0.003932
0.001930
0.001165
-0.000765
-0.001129
0.001711
0.002803
0.003058
0.003604
0.004150
0.004332
0.003095
0.003422
0.003167
0.000255
-0.003240
-0.004187
-0.000655
0.006662
0.009793
0.008483
0.005424
0.003204
0.006480
0.010740
0.009174
-0.000291
-0.009793
-0.011031
-0.005170
0.003459
0.008483
0.008519
0.003568
0.000619
0.000328
-0.000255
0.001602
0.006153
0.009393
0.007754
0.004260
-0.000328
-0.000255
0.001420
0.004624
0.007390
0.006735
0.005424
0.003058
0.002912
0.004878
0.006335
0.005424
0.002985
0.001420
0.001092
0.000473
0.002039
0.004442
0.007208
0.006371
0.005097
0.003895
0.002912
0.002658
0.002985
0.004733
0.004696
0.003968
0.004769
0.004405
0.000692
-0.001565
-0.000400
0.002621
0.006262
0.007245
0.005934
0.003932
-0.000109
-0.002621
-0.002112
0.001602
0.004150
0.006662
0.005825
0.002148
0.003968
0.005643
0.003641
0.004296
0.006699
0.004551
0.002366
0.002476
0.002075
0.001711
0.003459
0.004660
0.005497
0.006808
0.009029
0.009575
0.006553
0.003677
0.003495
0.004624
0.006189
0.008592
0.008519
0.006116
0.004696
0.002039
0.000765
0.000000
0.002476
0.005861
0.007354
0.007827
0.009138
0.007754
0.005097
0.001092
-0.002221
-0.001420
-0.001456
-0.000182
0.003131
0.004842
0.002658
0.000947
0.002658
0.003713
0.005060
0.006626
0.007099
0.005971
0.006407
0.007791
0.008483
0.009284
0.008155
0.006881
0.005315
0.005570
0.006589
0.006371
0.005825
0.003131
-0.004332
-0.008519
-0.011395
-0.012050
-0.008774
-0.003349
0.000874
0.002840
0.005024
0.009138
0.011614
0.009065
0.007245
0.006735
0.006699
0.007172
0.005934
0.002658
0.000582
0.001129
0.000655
-0.001092
-0.000218
-0.000400
-0.001784
-0.001129
-0.000146
-0.002366
-0.004114
-0.004332
-0.003386
0.000510
0.001311
-0.001565
-0.003095
0.000510
0.003604
0.004842
0.006225
0.005242
0.003677
0.004260
0.004587
0.005242
0.003022
0.000218
0.002366
0.007208
0.009466
0.008555
0.008410
0.006881
0.006772
0.007682
0.007427
0.007063
0.004332
0.000546
-0.003968
-0.004332
-0.001347
0.000983
0.003422
0.004587
0.002184
-0.001274
-0.002294
-0.001347
0.000255
0.002039
0.000437
-0.002476
-0.004260
-0.002330
0.002148
0.003531
0.001493
-0.001311
-0.001493
-0.001930
-0.000910
0.002439
0.004332
0.004332
0.002148
-0.000255
-0.001857
-0.001529
-0.000073
0.002621
0.004442
0.004660
0.006335
0.006080
0.005170
0.001529
-0.000947
-0.000364
-0.000765
-0.001383
-0.000218
0.002039
0.002876
0.002985
0.004405
0.004806
0.005133
0.003349
0.000328
-0.000328
-0.000655
0.000546
0.000692
0.000801
0.000036
-0.001747
-0.001493
-0.001347
-0.000328
0.000983
0.005534
0.007427
0.006480
0.004988
0.003568
0.001857
0.000000
-0.001638
-0.001820
-0.001529
0.002949
0.004077
0.003240
0.002803
0.001966
0.000000
0.000619
0.002184
0.006662
0.009356
0.008592
0.007099
0.005315
0.001347
-0.004005
-0.003131
0.001675
0.006517
0.007136
0.004951
0.001602
0.000765
-0.000364
-0.001129
0.001565
0.002767
0.000692
-0.001456
0.000765
0.003932
0.005206
0.003713
0.001602
0.002112
0.001311
-0.002075
-0.003859
-0.003131
-0.000655
-0.002257
-0.002840
-0.001820
0.001092
0.004988
0.007026
0.007172
0.007463
0.006553
0.004551
0.002075
0.002548
0.003131
0.003167
0.002257
0.001711
-0.000364
-0.003204
-0.004587
-0.005825
-0.002658
0.004260
0.012888
0.017839
0.019186
0.019659
0.012050
-0.001711
-0.016128
-0.024574
-0.022936
-0.010303
0.004624
0.013980
0.016601
0.021334
0.025193
0.019878
0.001893
-0.027086
-0.042704
-0.034731
-0.008883
0.014417
0.022026
0.016601
0.000510
-0.013980
-0.023664
-0.026868
-0.015108
-0.000073
0.018494
0.033930
0.039501
0.034185
0.017111
-0.006407
-0.029562
-0.042522
-0.046782
-0.042595
-0.024647
-0.000036
0.027013
0.045762
0.052061
0.047801
0.024428
-0.005752
-0.028324
-0.038408
-0.033894
-0.019004
-0.004587
-0.002912
-0.010594
-0.019514
-0.018167
-0.001383
0.019259
0.032365
0.030253
0.012633
-0.011431
-0.033930
-0.045471
-0.045362
-0.035678
-0.019914
-0.001747
0.016273
0.028069
0.028433
0.021152
0.005279
-0.011322
-0.024792
-0.030727
-0.028615
-0.023118
-0.011322
-0.003167
0.004878
0.008046
0.010194
0.011577
0.007318
0.004842
0.000619
-0.009830
-0.018421
-0.021043
-0.020278
-0.016456
-0.006553
0.006444
0.013507
0.015946
0.012633
0.001165
-0.009975
-0.019696
-0.025375
-0.020242
-0.010230
0.003167
0.010412
0.010230
0.005352
-0.007208
-0.017475
-0.018421
-0.011941
-0.005060
-0.003568
-0.002148
-0.002075
-0.002876
-0.004587
-0.010376
-0.016164
-0.015982
-0.014744
-0.010266
-0.007245
-0.005461
-0.004332
-0.003058
-0.002002
0.000291
-0.000947
-0.004077
-0.007245
-0.008774
-0.007281
-0.007500
-0.006954
-0.005024
-0.005716
-0.007682
-0.009320
-0.008956
-0.009538
-0.007937
-0.004514
-0.005607
-0.007609
-0.007682
-0.009538
-0.008992
-0.007463
-0.008555
-0.010121
-0.009065
-0.005024
-0.003859
-0.006116
-0.004296
-0.001747
-0.000801
0.001274
0.002075
0.002184
-0.002512
-0.008119
-0.009975
-0.010230
-0.008046
-0.008410
-0.009101
-0.009684
-0.009065
-0.004405
0.001311
0.002366
-0.000692
-0.004769
-0.008046
-0.010303
-0.012451
-0.012924
-0.011104
-0.007827
-0.003932
-0.004187
-0.001711
-0.001966
-0.008919
-0.006153
-0.003895
-0.000510
0.004005
0.002767
-0.001019
0.000582
-0.003677
-0.005097
-0.005497
-0.010048
-0.006844
-0.002512
-0.004005
-0.006444
-0.006735
-0.009466
-0.010121
-0.003095
0.001274
0.002840
0.000728
-0.005060
-0.003568
-0.003313
-0.010521
-0.014926
-0.013361
-0.008628
-0.002330
0.004988
0.005024
0.005097
0.006699
0.006335
0.002694
-0.001019
-0.004150
-0.010776
-0.015072
-0.014235
-0.010485
-0.005716
-0.000182
0.003859
0.008046
0.010849
0.011431
0.006553
-0.002184
-0.005097
-0.005461
-0.009902
-0.010703
-0.002330
0.001347
0.004442
0.006225
0.001602
0.000437
0.001129
-0.000619
-0.001820
0.000328
-0.000801
-0.000801
0.005898
0.013507
0.014562
0.012087
0.006043
-0.003968
-0.010813
-0.015254
-0.014016
-0.007900
-0.002803
0.002039
0.007463
0.010849
0.010230
0.010813
0.012050
0.010157
0.007645
0.004041
-0.000146
-0.004842
-0.009575
-0.014490
-0.012596
-0.007572
-0.006735
-0.005971
-0.004514
-0.002985
0.001274
0.007572
0.016492
0.019040
0.014235
0.011177
0.008701
0.004660
-0.000692
-0.003859
-0.004405
-0.002694
-0.002585
0.000910
0.007609
0.011213
0.010412
0.006553
0.001311
-0.000473
-0.000146
-0.001930
-0.002294
0.000546
0.002985
0.001602
-0.000728
-0.002730
-0.005242
-0.005789
-0.002294
0.000510
-0.000655
-0.000255
0.001129
0.002439
0.002403
0.001820
0.000837
-0.001165
-0.002840
-0.005607
-0.007099
-0.005461
-0.001420
0.003459
0.005060
0.004733
-0.000473
-0.006335
-0.008483
-0.007682
-0.006735
-0.007172
-0.007427
-0.005170
-0.002403
0.000765
0.004514
0.000874
-0.004187
-0.005279
-0.005497
-0.004806
-0.001456
-0.000910
-0.002184
-0.000619
-0.001238
-0.002840
-0.005861
-0.008155
-0.007900
-0.004041
-0.001711
-0.003240
-0.004478
-0.005861
-0.004041
0.000437
0.002767
0.002330
-0.002002
-0.002949
-0.004369
-0.004405
-0.000218
0.001201
0.000328
0.001129
0.000510
-0.000837
-0.000619
0.001347
0.002330
0.003277
0.002439
0.001092
0.001456
0.004041
0.007609
0.008992
0.003058
-0.006298
-0.011577
-0.008592
-0.001092
0.006189
0.011941
0.013361
0.010230
0.007827
0.006153
0.004478
0.000473
-0.003277
-0.005424
-0.005643
-0.003095
0.000655
0.003713
0.005789
0.008046
0.009902
0.009720
0.008446
0.005279
0.001675
-0.001129
-0.002512
-0.002512
0.000582
0.003786
0.005825
0.007463
0.007318
0.003786
-0.000036
-0.003604
-0.006662
-0.004878
0.005388
0.017111
0.023009
0.016273
0.004842
-0.001893
-0.004114
-0.003604
-0.007063
-0.009902
-0.005097
0.001893
0.007609
0.010558
0.008883
0.002730
-0.003277
-0.005133
-0.001966
0.001638
0.004878
0.005752
0.003495
0.000546
0.000036
0.000510
0.001930
0.004077
0.005170
0.004260
0.001456
0.002366
0.002658
-0.001638
-0.005461
-0.005424
-0.003786
0.001092
0.007718
0.010412
0.006225
0.000328
-0.001784
-0.000036
0.001675
0.001820
0.001201
0.001711
0.003895
0.005789
0.003786
0.002330
0.002840
0.000728
-0.001019
-0.000109
-0.000619
-0.002148
-0.002148
-0.000983
0.000910
-0.000655
-0.000255
0.003167
0.005752
0.005279
0.002548
0.004114
0.007318
0.005461
0.002985
0.001311
-0.000437
-0.003277
-0.007026
-0.008737
-0.006444
-0.001930
0.002767
0.006808
0.004951
0.002294
0.001747
0.003713
0.006589
0.004551
0.003786
0.002876
0.000947
0.000582
0.001893
0.003204
0.003968
0.004442
0.005060
0.005279
0.002730
0.000473
0.000874
0.001930
0.002767
0.002221
0.001165
-0.001493
-0.002330
0.000291
0.001893
0.004842
0.006371
0.005789
0.004260
0.001493
0.001638
0.002039
0.002112
-0.000291
-0.001966
-0.000109
0.001565
0.001092
0.001347
0.003204
0.003204
0.002548
0.002476
0.004514
0.004114
0.000983
-0.001820
-0.003313
-0.002039
0.001857
0.003240
0.001857
0.000364
0.003641
0.006553
0.006335
0.006116
0.006225
0.007973
0.005934
0.001638
-0.000983
0.001820
0.003859
0.005789
0.005170
0.001675
-0.000546
-0.001274
-0.002148
-0.000655
0.002949
0.004514
0.003240
0.002075
0.000837
-0.000692
-0.000218
0.002112
0.002876
0.000837
0.000983
0.003058
0.004733
0.003641
0.003240
0.004150
0.003677
0.000874
-0.002039
-0.002039
0.000510
0.003240
0.004296
0.005898
0.007208
0.006553
0.004624
0.003058
0.003204
0.003531
0.002330
0.000692
0.000837
0.002512
0.004951
0.005534
0.005097
0.004733
0.003167
0.000728
0.000619
0.002039
0.004260
0.005716
0.005497
0.002803
0.000218
-0.001165
-0.001930
0.001056
0.005971
0.008301
0.006699
0.003859
0.000510
-0.000036
0.002985
0.005716
0.006407
0.005133
0.005279
0.004951
0.004733
0.006844
0.006808
0.005315
0.005097
0.005971
0.005971
0.005497
0.004332
0.002403
-0.000218
-0.004624
-0.003895
0.002621
0.008628
0.008883
0.003713
0.001092
0.002002
0.003750
0.004988
0.004514
0.005607
0.005388
0.002803
-0.001456
-0.003495
-0.000947
0.002803
0.005607
0.003677
0.004660
0.004077
0.000947
0.000291
0.000728
0.005279
0.012706
0.020242
0.023227
0.018458
0.004223
-0.010266
-0.017111
-0.010449
0.001565
0.005024
0.009174
0.017438
0.019477
0.013980
0.005097
-0.009211
-0.019914
-0.020133
-0.011614
0.000692
0.010849
0.014562
0.010740
0.005024
-0.003968
-0.012160
-0.016710
-0.015473
-0.007718
0.001565
0.005971
0.002148
-0.001201
0.004769
0.009393
0.006553
-0.000182
-0.006589
-0.009648
-0.009429
-0.005024
0.000000
0.001420
0.004696
0.011941
0.017875
0.016528
0.006517
-0.008301
-0.021880
-0.028761
-0.028142
-0.016601
-0.001201
0.012669
0.026504
0.026868
0.015909
0.001493
-0.016164
-0.018130
-0.013179
-0.011541
-0.010740
-0.010303
-0.003968
0.004332
0.010703
0.012706
0.005242
-0.012014
-0.032001
-0.038408
-0.022499
0.005133
0.033057
0.041940
0.031528
0.006080
-0.027487
-0.052825
-0.056903
-0.034731
0.003823
0.036333
0.050204
0.040920
0.009502
-0.025266
-0.046236
-0.051078
-0.043214
-0.020315
0.010740
0.032474
0.036806
0.025739
0.001311
-0.023955
-0.041612
-0.044707
-0.028215
-0.005352
0.011614
0.020497
0.021989
0.009902
-0.006589
-0.018822
-0.025448
-0.025812
-0.017184
-0.002330
0.009648
0.011941
0.009429
0.005060
-0.003495
-0.012342
-0.018094
-0.020679
-0.020606
-0.012560
-0.000728
0.006844
0.008847
0.004769
-0.002148
-0.011541
-0.019659
-0.021334
-0.012269
-0.000728
0.006335
0.005752
0.001383
-0.004806
-0.011796
-0.018785
-0.019805
-0.014089
-0.009138
-0.005934
-0.003459
-0.004405
-0.007136
-0.007609
-0.006480
-0.007318
-0.007973
-0.008847
-0.008810
-0.006954
-0.007099
-0.008810
-0.009757
-0.009174
-0.008119
-0.008228
-0.008337
-0.008483
-0.009174
-0.010230
-0.008519
-0.010048
-0.010558
-0.006444
-0.003859
-0.001966
-0.000364
-0.000692
-0.002985
-0.007354
-0.010230
-0.009757
-0.008774
-0.008046
-0.009611
-0.006917
-0.003240
-0.001274
-0.001820
-0.002585
-0.004260
-0.005679
-0.006553
-0.006626
-0.006808
-0.006335
-0.005388
-0.003932
-0.002366
-0.001129
-0.001820
-0.003677
-0.006990
-0.008228
-0.006407
-0.003786
-0.001311
-0.000619
-0.003167
-0.008737
-0.011213
-0.006662
-0.000218
0.002366
-0.000765
-0.004806
-0.007463
-0.006043
-0.002985
-0.000947
0.000473
0.000291
-0.000728
-0.005789
-0.009757
-0.003968
0.001383
0.002985
0.000109
-0.002257
-0.000692
-0.000400
-0.001565
-0.002512
-0.004260
-0.005352
-0.004187
0.002730
0.007645
0.008155
0.008410
0.007172
0.001602
-0.004405
-0.006844
-0.011322
-0.011213
-0.003604
-0.001347
-0.002148
-0.003422
-0.005352
-0.004842
-0.000182
0.001930
0.000400
0.001602
0.001784
0.002221
0.000255
0.000801
0.002366
0.000546
0.002730
0.005570
0.003459
0.000874
0.002694
0.007900
0.010084
0.011177
0.009902
0.004296
-0.003823
-0.011213
-0.015545
-0.012669
-0.011249
-0.011650
-0.007281
0.004915
0.021043
0.031309
0.025885
0.009575
-0.004696
-0.013507
-0.017002
-0.016710
-0.011941
-0.001602
0.006371
0.011905
0.018603
0.019841
0.014672
-0.000328
-0.016747
-0.022026
-0.015291
-0.002257
0.009502
0.016965
0.015363
0.007864
0.000510
-0.004842
-0.008337
-0.006298
-0.000655
0.003568
0.000146
-0.005133
-0.002585
0.001711
0.002949
0.002221
-0.000510
-0.005424
-0.010230
-0.010012
-0.006335
-0.002949
-0.001274
0.000036
0.001930
0.003204
0.004878
0.005352
0.004405
0.001493
-0.002439
-0.004223
-0.005497
-0.005534
-0.005315
-0.009939
-0.004587
0.003422
0.003568
0.003058
0.007026
0.005934
-0.000437
-0.004005
-0.006844
-0.007973
-0.004696
0.001820
0.008337
0.007572
-0.001092
-0.008665
-0.011978
-0.013179
-0.008992
-0.000692
0.005206
0.006735
0.003677
0.000765
-0.001092
-0.001820
-0.002803
-0.002585
0.002476
0.001857
0.002294
0.002730
0.000109
-0.002112
-0.004951
-0.003422
-0.002912
-0.006735
-0.004369
-0.000400
0.002585
0.006844
0.009029
0.007754
0.003932
-0.001129
-0.002294
-0.001784
-0.000437
-0.001675
-0.010740
-0.016856
-0.017621
-0.009247
0.004187
0.009065
0.011322
0.012269
0.006881
-0.000109
-0.004842
-0.005570
-0.008810
-0.010449
-0.002767
0.003750
0.001675
-0.004514
-0.003604
0.002621
0.006153
0.005716
0.000692
-0.003604
-0.005825
-0.005497
-0.002366
0.003058
0.004077
0.000510
0.000400
-0.000655
-0.003167
-0.002294
-0.000510
-0.003568
-0.003677
0.003022
0.004332
0.000000
-0.000947
-0.002002
-0.001711
0.002294
0.006153
0.007208
0.004005
0.000765
0.000000
0.000291
0.001092
0.000400
0.000182
0.001347
0.002658
0.003823
0.002184
0.000073
-0.000510
0.000510
0.001893
0.003022
0.003786
0.002148
0.002366
0.002476
0.001274
0.000146
-0.000437
0.000146
0.001311
0.004332
0.005206
0.004114
0.001092
0.001056
0.001456
0.000182
0.000728
0.001820
0.003022
0.005679
0.004514
0.004442
0.005534
0.004077
-0.001602
-0.005024
-0.004150
-0.000874
0.001493
0.002476
0.001638
0.000146
0.000437
-0.000328
-0.001201
-0.001565
-0.000546
-0.000328
0.000146
0.001930
0.003386
0.005024
0.004405
0.002912
0.002075
0.003495
0.002039
-0.001347
-0.001820
-0.000874
0.000000
0.000073
0.000728
0.002912
0.005097
0.006517
0.006626
0.005861
0.004114
0.001966
0.000619
0.000473
0.002476
0.003131
0.003313
0.004951
0.004915
0.004587
0.004514
0.005133
0.005825
0.004223
-0.000510
-0.005497
-0.006699
-0.002330
0.002912
0.004842
0.004296
0.003204
0.002330
0.003095
0.004551
0.004405
0.002221
0.000728
0.001820
0.003167
0.003568
-0.000146
-0.001893
-0.003422
-0.002075
0.002876
0.006007
0.008301
0.011104
0.010885
0.008555
0.003859
-0.002803
-0.009939
-0.012779
-0.009138
-0.002912
0.007609
0.016783
0.017657
0.009211
-0.002294
-0.008119
-0.007900
-0.003422
0.000692
0.001092
-0.003277
-0.003641
0.001311
0.005461
0.009538
0.009575
0.005861
0.004696
0.000619
-0.004842
-0.005388
-0.002876
-0.001893
-0.001165
0.001238
0.002621
0.002548
0.004005
0.004041
0.001820
0.000146
0.001602
0.003022
0.001347
-0.001565
0.000765
0.005060
0.004769
0.002585
0.000983
0.001347
0.001383
0.001165
0.002112
0.002548
0.005170
0.006990
0.007099
0.008592
0.006007
0.000146
-0.003968
-0.003968
-0.004442
-0.003750
-0.003277
-0.002257
-0.000947
-0.001529
-0.001857
-0.002512
-0.001747
-0.002585
-0.000801
-0.000146
-0.000364
0.002730
0.005352
0.004114
0.002403
0.001493
0.003459
0.006225
0.007973
0.005825
0.002366
-0.001857
-0.006225
-0.007645
-0.005861
-0.004005
0.003568
0.008155
0.005461
0.002694
0.001857
0.002876
0.001675
-0.002730
-0.006844
-0.007572
-0.005279
-0.001638
0.004369
0.009065
0.010449
0.009065
0.004878
0.001129
-0.002694
-0.004660
-0.002949
0.001165
0.006881
0.005643
0.002366
-0.000073
-0.001784
-0.000473
0.001201
0.003095
0.004514
0.004806
0.005060
0.007718
0.006954
0.003531
-0.000146
-0.000619
0.000218
0.000036
-0.001129
-0.002512
-0.003058
-0.002257
0.000000
0.004442
0.006444
0.006043
0.003713
0.003495
0.003968
0.001565
-0.000874
-0.000837
0.000036
0.002330
0.002694
0.003240
0.004332
0.003240
0.004624
0.005097
0.008810
0.006772
0.005060
0.005607
0.007136
0.002730
0.002949
0.001857
0.000546
-0.001893
-0.004150
-0.004951
-0.003422
-0.000801
0.000801
0.000837
0.000910
0.006189
0.008373
0.004624
-0.000510
-0.000291
0.001638
0.004442
0.005898
0.008701
0.011140
0.008956
0.004260
-0.000073
-0.004296
-0.005133
-0.005716
-0.005861
-0.000947
0.005643
0.009902
0.010849
0.009793
0.007500
0.001420
-0.003167
-0.005170
-0.005679
-0.007318
-0.006116
-0.003277
-0.000073
0.002694
0.004332
0.005716
0.006189
0.006080
0.007318
0.006881
0.005716
0.003786
-0.002112
-0.006407
-0.005206
-0.003167
0.000182
0.002039
0.002039
0.001238
0.000582
0.002257
0.001129
-0.001347
-0.001493
-0.000073
0.000910
-0.000510
-0.002221
-0.004551
-0.004878
-0.001565
0.001820
0.003386
0.002548
0.002803
0.004405
0.003568
0.001019
-0.000328
-0.002767
-0.003531
0.001638
0.007536
0.008628
0.007354
0.006080
0.004369
0.003167
0.002621
0.003204
0.002330
0.007645
0.013361
0.014781
0.010230
0.001930
-0.003604
-0.005060
-0.002075
0.002585
0.002949
0.002294
0.003568
0.007099
0.008737
0.007827
0.008373
0.007609
0.004915
0.003167
0.004696
0.006444
0.008191
0.009793
0.008155
0.006844
0.003750
0.002294
0.002730
0.004041
0.006080
0.007682
0.007609
0.006954
0.006735
0.007354
0.006153
0.005898
0.005461
0.000837
-0.004696
-0.005534
-0.004041
-0.004405
-0.004551
-0.003568
-0.002476
0.002439
0.007718
0.009975
0.009866
0.005497
0.000000
-0.002949
-0.003786
-0.002294
-0.000655
0.003313
0.008373
0.006080
0.005388
0.003713
-0.003968
-0.006080
-0.001711
-0.000874
-0.004551
-0.001129
0.001638
0.002257
0.003859
0.005097
0.000801
-0.003349
-0.002767
-0.001274
-0.001165
0.002876
0.007063
0.007645
0.006262
0.002476
-0.003859
-0.006699
-0.003313
0.001711
0.005461
0.006589
0.005679
0.003677
-0.000546
-0.003641
-0.004369
-0.005206
-0.000473
0.004660
0.003568
0.004332
0.005461
0.001966
-0.000036
-0.000765
-0.003568
-0.003713
-0.001092
0.000619
0.003422
0.006262
0.004405
0.000400
-0.001347
-0.001565
-0.000364
0.002184
0.003932
0.001893
0.000182
0.000146
-0.000291
-0.000546
0.002257
0.006225
0.007791
0.006007
0.003459
-0.000146
-0.004369
-0.005679
-0.002512
0.002876
0.006043
0.005170
0.002403
-0.000146
-0.002585
-0.002148
0.000182
0.003095
0.004988
0.006007
0.006589
0.005497
0.001311
-0.002512
-0.004260
-0.005716
-0.003823
0.001602
0.006153
0.004842
0.000692
-0.000728
-0.002730
-0.000619
0.006772
0.013798
0.010449
-0.000146
-0.004806
-0.000109
0.005279
0.006480
0.001019
-0.000619
0.005534
0.008155
0.008446
0.007354
0.001456
-0.001638
-0.001311
-0.001420
0.000036
0.004587
0.008992
0.010121
0.006517
0.001311
-0.000473
0.001565
0.003531
0.007354
0.009138
0.006990
0.003058
0.004296
0.011468
0.009975
0.005170
0.001529
-0.001456
-0.000728
0.005643
0.008228
0.003823
0.004442
0.006262
0.007390
0.007026
0.004077
0.003240
0.006335
0.005716
0.004551
0.007245
0.009939
0.007754
0.005570
0.008009
0.007937
0.004514
0.002694
0.004041
0.006189
0.008373
0.005206
0.005242
0.007500
0.006043
0.005534
0.004551
0.002294
0.004296
0.007973
0.011941
0.019222
0.017074
0.004478
-0.001311
-0.002330
-0.003968
-0.001747
0.000437
-0.001129
-0.001420
0.004587
0.016055
0.024829
0.026904
0.020023
0.006043
-0.008155
-0.017184
-0.017002
-0.010703
0.000255
0.010594
0.017948
0.020315
0.014162
0.003677
-0.005315
-0.010048
-0.009939
-0.008592
-0.005242
0.000255
0.008956
0.014635
0.012050
0.003604
-0.002512
-0.007718
-0.010703
-0.009065
-0.003386
-0.000655
-0.000073
0.002985
0.002112
0.000947
0.003459
0.002876
-0.000437
-0.003459
-0.005060
-0.005242
-0.006335
-0.004624
-0.002221
-0.001274
-0.000400
-0.000510
0.002075
0.001383
-0.001092
-0.002840
-0.002585
-0.002767
-0.000947
0.000146
-0.000910
-0.002840
-0.004988
-0.005279
0.000000
0.001056
0.001311
0.006407
0.007827
-0.007099
-0.018968
-0.011905
-0.002876
0.008301
0.014235
0.010631
-0.006189
-0.013361
-0.005679
0.006080
0.007208
-0.004478
-0.010194
-0.006262
-0.000036
0.002294
0.000910
0.000510
-0.002621
-0.003895
-0.002476
0.001638
0.004405
0.002585
-0.001238
-0.003895
-0.003313
-0.002840
-0.001857
-0.001201
-0.001056
0.000910
0.003058
0.001165
-0.003750
-0.006626
-0.006153
-0.003277
0.000983
0.002366
0.001056
-0.000765
0.001420
0.005315
0.004769
-0.001056
-0.006772
-0.005934
-0.001602
0.003240
0.007682
0.007099
0.001857
-0.004150
-0.006043
-0.002621
0.000801
0.004624
0.005861
-0.000837
-0.007645
-0.004587
0.002294
0.003895
0.001493
0.000328
0.002912
0.004806
0.001311
-0.002512
-0.003713
-0.002366
-0.000036
0.001857
0.003058
0.001529
-0.000146
-0.000364
-0.000146
0.001711
0.002658
0.002548
0.003058
0.002621
0.001420
0.000291
-0.001019
-0.001893
-0.002221
0.000182
0.004405
0.006844
0.005789
0.004150
0.001820
0.000655
0.000546
0.000619
0.000546
-0.000218
0.000364
0.001747
0.002221
0.002039
0.001893
0.001529
0.000437
0.000837
0.002257
0.002184
0.002439
0.003786
0.005060
0.004915
0.004624
0.004077
0.002985
0.001966
0.001129
0.000582
0.000510
0.000765
0.002658
0.002876
0.003240
0.004041
0.002949
0.002439
0.001820
0.000655
0.001456
0.002730
0.003240
0.004077
0.004114
0.003968
0.004260
0.004624
0.003859
0.003349
0.003131
0.002039
0.002257
0.003604
0.004369
0.005424
0.004988
0.004951
0.003968
0.002439
-0.000218
-0.001019
0.000291
0.001675
0.003750
0.005497
0.004551
0.003932
0.003568
0.003713
0.003823
0.004878
0.003604
0.000910
-0.000510
-0.002512
-0.002330
-0.000400
0.002330
0.004442
0.004878
0.004624
0.004405
0.003968
0.001930
-0.000146
-0.003095
-0.003495
-0.000182
0.003750
0.007318
0.008737
0.008774
0.008264
0.007026
0.004077
0.000765
-0.001274
-0.005060
-0.004405
-0.002403
0.001893
0.004077
0.005170
0.004915
0.000655
-0.002585
-0.004369
-0.006917
-0.005934
-0.001493
0.004478
0.010849
0.014672
0.015946
0.012669
0.008082
-0.001857
-0.008737
-0.010157
-0.007136
-0.000801
0.004587
0.006153
0.003677
0.000328
-0.002112
-0.003204
-0.002221
0.000255
0.003531
0.007864
0.009393
0.008483
0.006407
0.003750
0.001857
0.002585
0.003677
0.003058
0.001056
0.003750
0.007026
0.004769
0.000000
-0.002221
-0.000582
-0.001857
0.000000
0.003531
0.002439
-0.001238
0.000182
0.001784
0.003459
0.006808
0.008883
0.007172
0.006189
0.005861
0.002548
0.000437
-0.000400
-0.000728
0.001857
0.006116
0.006626
0.004187
0.003167
0.002039
0.001820
0.002075
0.001820
0.002184
0.001383
0.001857
0.002148
0.002112
0.002585
0.002548
0.003349
0.003895
0.004077
0.003495
0.002476
0.003495
0.004806
0.004551
0.003277
0.003204
0.002585
0.003277
0.005279
0.006153
0.006553
0.005315
0.004332
0.004005
0.004332
0.004988
0.005024
0.004587
0.004223
0.004514
0.006116
0.005716
0.003313
0.001966
0.002403
0.002585
0.002476
0.004077
0.005679
0.006589
0.005388
0.004114
0.004187
0.004660
0.005133
0.004915
0.004514
0.002985
0.001165
0.002112
0.003968
0.005388
0.007136
0.007172
0.006335
0.003459
0.001930
0.000655
0.002002
0.003349
0.003531
0.004223
0.004660
0.005861
0.007645
0.008119
0.007245
0.005133
0.003313
0.002476
0.002949
0.004260
0.005060
0.006262
0.006626
0.008082
0.008701
0.007318
0.006589
0.005898
0.005789
0.004696
0.003786
0.003495
0.002366
0.001638
0.001966
0.001747
0.001383
0.005388
0.006626
0.002548
0.001966
0.007026
0.008519
0.009284
0.008628
0.007900
0.008228
0.005789
0.003058
0.000582
-0.002257
-0.005789
-0.008555
-0.007500
-0.004806
0.000000
0.005570
0.008992
0.010631
0.008191
0.004806
0.002148
0.000728
0.002330
0.004988
0.007245
0.008082
0.007827
0.006225
0.004405
0.003750
0.002512
-0.000619
-0.000109
0.001456
0.002767
0.004005
0.003277
0.004260
0.004988
0.002221
-0.000218
-0.000328
0.001602
0.002366
0.003531
0.004514
0.003131
0.002221
0.001347
0.000473
0.000473
0.000692
0.001019
0.002184
0.003895
0.006080
0.006808
0.007572
0.007245
0.007427
0.008373
0.005971
-0.000546
-0.005024
-0.003204
0.000291
0.002403
0.004041
0.001347
0.004223
0.013288
0.010266
0.001638
-0.003313
-0.006153
-0.001930
0.004806
0.004915
0.003823
0.003422
0.006007
0.005861
0.004551
0.002039
-0.001747
-0.001493
0.001493
0.004442
0.005315
0.003895
0.004223
0.001930
0.000765
0.002512
0.003531
0.001383
-0.000473
0.002184
0.005934
0.007572
0.006589
0.003713
0.003313
0.003131
0.002257
0.003167
0.005097
0.003895
0.001930
0.002730
0.003968
0.005461
0.005279
0.002112
-0.003968
-0.012269
-0.015764
-0.011177
0.001201
0.014453
0.020642
0.016783
0.006517
-0.001966
-0.004951
-0.002767
0.004696
0.010558
0.011868
0.007718
0.004041
0.001820
0.001019
0.003677
0.006480
0.006116
0.005097
0.008264
0.010558
0.008046
0.005825
0.002221
-0.001019
0.001638
0.000546
-0.000983
0.001675
0.002694
0.002949
0.004005
0.006553
0.007354
0.004696
0.002585
0.002221
0.000655
-0.000182
0.002257
0.006225
0.006480
-0.000510
-0.006153
-0.004478
0.001529
0.007354
0.007208
0.004296
0.002876
0.002039
0.001638
0.000874
0.002403
0.002949
0.004005
0.005607
0.007318
0.008701
0.009065
0.007208
0.002694
0.000473
0.000619
0.004478
0.009902
0.009502
0.007973
0.009830
0.008628
0.009429
0.003495
-0.004296
-0.008592
-0.013980
-0.011468
-0.002949
0.002985
0.005170
0.001092
-0.002184
0.004369
0.008519
0.008009
0.002803
-0.003131
-0.004041
0.000364
0.002439
0.000655
-0.001420
-0.002694
-0.001747
-0.000328
0.003277
0.008810
0.012014
0.012451
0.010303
0.005861
0.004077
0.003422
0.001784
0.001529
0.002439
0.002512
0.002002
0.000947
0.001092
0.001129
0.001784
0.000473
0.000146
0.002403
0.000582
-0.000182
0.002184
0.007281
0.008009
0.001529
-0.003167
-0.002221
0.002767
0.007864
0.010012
0.005206
-0.006262
-0.013579
-0.015800
-0.008155
0.007682
0.024792
0.035459
0.031200
0.012487
-0.010012
-0.021880
-0.021115
-0.010631
0.002075
0.011213
0.014854
0.009684
0.001893
-0.002949
-0.006116
-0.005570
-0.003823
-0.000510
0.003349
0.006116
0.008337
0.007026
0.003750
-0.001383
-0.003750
-0.003713
-0.001638
-0.000837
0.001092
0.004733
0.007208
0.008446
0.007827
0.005242
0.001602
-0.001602
-0.002694
-0.001747
-0.000765
0.000692
0.001675
0.002403
0.001165
-0.000874
-0.000328
0.002803
0.004442
0.003095
0.003422
0.004660
0.004332
0.001529
-0.000109
-0.000291
-0.001602
-0.001056
-0.000073
0.000437
0.000692
0.000765
0.001529
0.001493
0.001056
0.001311
0.002002
0.002039
0.001347
-0.000328
-0.003422
-0.005643
-0.004150
0.000000
0.003531
0.000910
-0.003786
-0.001893
0.004478
0.007354
0.006007
0.003022
0.001675
0.002002
0.002694
0.000437
-0.002985
-0.002949
-0.001747
-0.002439
-0.003932
-0.001711
0.001347
0.002439
0.003750
0.005097
0.005789
0.006080
0.005607
0.002876
0.001274
0.000073
-0.000765
-0.000546
0.000400
-0.000146
0.000255
0.001019
0.002221
0.001493
0.000291
-0.000765
-0.000400
0.002221
0.006116
0.005643
0.004733
0.004478
0.002985
0.000328
0.000218
0.000983
-0.004150
-0.004260
-0.003277
0.002585
0.007900
0.006626
0.010012
0.004878
0.001529
-0.002075
-0.002985
0.002585
0.001274
0.003240
0.000582
-0.001966
-0.001747
-0.001165
0.000400
-0.004260
-0.007827
-0.004769
0.002767
0.006407
0.007536
0.014198
0.011686
0.003277
-0.003313
-0.011213
-0.011213
-0.005133
-0.000837
0.000328
0.002803
0.014271
0.023664
0.022244
0.004041
-0.016820
-0.031491
-0.023227
-0.004842
0.008191
0.012014
0.013106
0.012414
0.007900
0.001129
-0.004332
-0.006553
-0.008628
-0.005934
0.001274
0.005570
0.003895
0.002548
0.000837
0.000000
-0.002075
-0.008446
-0.013397
-0.010594
-0.000400
0.009101
0.012524
0.008883
0.003786
0.001311
-0.002585
-0.006699
-0.008009
-0.006480
-0.004332
-0.001238
0.000947
0.000437
0.002112
0.000218
-0.001893
-0.001602
-0.001019
0.000218
0.001129
0.002330
0.002803
0.002767
0.004296
0.003277
0.001602
-0.000473
0.000874
0.004114
0.003422
0.000582
-0.001638
-0.000910
-0.002112
-0.002949
-0.001311
-0.000073
0.000510
0.000291
0.001747
0.004405
0.005060
0.004660
0.006007
0.007390
0.006844
0.004442
0.002002
0.000218
-0.001966
-0.003204
-0.000182
0.001129
0.000146
0.001383
0.002694
0.002912
0.003786
0.003531
0.001857
0.001493
-0.000146
0.000874
0.003313
0.002658
0.001056
0.002694
0.002439
-0.000473
-0.002039
-0.000801
0.001019
0.001747
0.000655
0.000947
0.002512
0.005424
0.005315
0.004624
0.002985
0.001675
0.001311
0.000510
-0.000837
-0.001201
-0.000036
0.001493
0.002184
0.000874
0.001129
0.003022
0.002876
0.003859
0.005497
0.006844
0.005388
0.003204
0.003641
0.004696
0.003095
0.000291
-0.000837
-0.000255
0.002184
0.004878
0.004514
0.002512
0.002803
0.005242
0.005607
0.005861
0.005971
0.002184
0.001565
0.002330
0.003604
0.004369
0.006298
0.007682
0.005716
0.003313
0.003022
0.002184
0.003167
0.004260
0.005170
0.005607
0.004733
0.002476
0.002221
0.003568
0.004514
0.006225
0.004988
0.003240
0.001201
0.001893
0.006116
0.006553
0.006007
0.004842
0.003204
0.001238
-0.002366
-0.002221
0.000000
-0.001347
0.000655
0.003204
0.002949
0.002949
0.006844
0.011468
0.010266
0.006189
0.004514
0.003641
0.003313
0.002658
0.004041
0.005024
0.003823
0.002002
0.002803
0.004988
0.004988
0.003531
0.003386
0.003859
0.004041
0.003895
0.004150
0.004223
0.005097
0.005570
0.006153
0.006407
0.005643
0.005971
0.004405
0.002184
0.001347
0.001784
0.002803
0.003058
0.005752
0.007754
0.004915
0.001165
0.000328
0.005607
0.007572
0.004988
0.001602
-0.004005
-0.000983
0.008701
0.011868
0.007937
0.002294
-0.000109
-0.001201
0.001420
0.004150
0.004077
0.004041
0.005024
0.005643
0.005315
0.005097
0.003022
0.003786
0.001383
-0.003968
-0.000073
0.002112
0.005097
0.005424
0.004332
0.005388
0.003968
0.004587
0.005461
0.004478
0.005170
0.003349
0.001129
0.002658
0.004951
0.007645
0.008155
0.005643
0.000837
0.000473
0.001383
0.000364
0.002767
0.004114
0.004878
0.006371
0.007245
0.005861
0.003750
0.004005
0.003604
0.004187
0.005133
0.004769
0.005315
0.005934
0.005679
0.006225
0.007281
0.006589
0.005024
0.003568
0.003895
0.003932
0.005279
0.005424
0.005861
0.007572
0.007063
0.004733
0.002439
0.002403
0.003131
0.004369
0.005607
0.006735
0.006189
0.005352
0.004660
0.005315
0.005461
0.005971
0.005133
0.004442
0.006662
0.007937
0.005898
0.006881
0.010012
0.012815
0.010266
0.003750
0.001711
0.003677
0.008701
0.011504
0.007245
-0.001529
-0.006444
-0.002184
0.010048
0.020861
0.019878
0.009866
0.000837
-0.002621
0.000146
0.003677
0.006589
0.007718
0.006808
0.004806
0.004114
0.006080
0.007718
0.007682
0.003240
-0.000510
-0.001347
-0.000182
0.002476
0.006335
0.009320
0.008555
0.006298
0.003204
0.001019
0.001930
0.003750
0.003786
0.002148
0.000109
-0.000983
0.000255
0.003095
0.003167
0.003786
0.004077
0.004114
0.003313
0.002476
0.002476
0.003240
0.002585
0.000983
0.001274
0.003313
0.003895
0.003531
0.003240
0.004806
0.005716
0.003859
0.001747
-0.000619
-0.001129
0.001420
0.004696
0.006662
0.005934
0.003459
0.001493
0.000983
0.002658
0.003713
0.005570
0.006444
0.005825
0.004769
0.005206
0.005097
0.004551
0.003968
0.003204
0.002585
0.002876
0.004514
0.007208
0.008810
0.008810
0.006990
0.004951
0.003968
0.001347
0.001784
0.002002
0.000801
0.000328
0.001857
0.004696
0.006808
0.009393
0.010194
0.010121
0.008592
0.006262
0.003786
0.002075
0.000473
-0.002294
-0.002767
-0.001201
0.000947
0.004223
0.006407
0.006589
0.005206
0.003422
0.003677
0.003422
0.004150
0.004915
0.004878
0.003932
0.003641
0.005170
0.006335
0.006298
0.005716
0.004442
0.002112
0.000000
0.000582
0.001820
0.003131
0.003859
0.003859
0.004769
0.005825
0.006335
0.005752
0.006153
0.005279
0.003131
0.001966
0.002476
0.003313
0.004187
0.004551
0.004478
0.003204
0.003240
0.003932
0.003750
0.001930
0.000837
0.001930
0.003968
0.006589
0.006262
0.005825
0.005170
0.004660
0.004114
0.003058
0.001820
0.000910
0.001274
0.003313
0.004405
0.005534
0.005898
0.005352
0.004478
0.003422
0.000400
-0.000619
-0.000182
0.000728
0.003531
0.006444
0.006189
0.006335
0.006335
0.004660
0.001638
0.002148
0.003968
0.004587
0.005825
0.007026
0.006262
0.003823
0.003095
0.003859
0.002403
0.002767
0.004296
0.003677
0.002694
0.003058
0.004005
0.004442
0.004587
0.005097
0.005752
0.006298
0.005024
0.003459
0.003095
0.002803
0.002039
0.004187
0.006444
0.005861
0.004733
0.003786
0.003459
0.004296
0.005170
0.005534
0.004478
0.003240
0.004150
0.005607
0.006480
0.005752
0.004915
0.004223
0.004332
0.004806
0.005060
0.005388
0.006007
0.006080
0.004187
0.003313
0.003568
0.002585
0.002330
0.003495
0.003531
0.002548
0.000728
0.000692
0.003495
0.005971
0.005242
0.004733
0.005607
0.006517
0.005643
0.005607
0.004514
0.002949
0.002366
0.002148
0.003167
0.003204
0.001857
0.001383
0.001930
0.002294
0.003313
0.004478
0.003968
0.002148
0.001565
0.000728
0.001201
0.003313
0.005424
0.007973
0.008665
0.008483
0.006298
0.002912
0.001311
0.001857
0.003095
0.004514
0.004005
0.002694
0.002548
0.000947
0.001347
0.004442
0.007500
0.009575
0.008009
0.006335
0.005315
0.003531
-0.000255
-0.000728
0.002512
0.003641
0.002548
0.003240
0.004733
0.005424
0.005315
0.005497
0.004514
0.000983
-0.002221
-0.001383
0.004187
0.008737
0.009939
0.009393
0.007572
0.003131
-0.003568
-0.006153
-0.002803
0.001420
0.004296
0.007500
0.011431
0.011577
0.007791
0.002512
-0.000692
-0.001966
-0.000218
0.003422
0.006335
0.007536
0.005242
0.003095
0.001056
0.000692
0.002221
0.004442
0.005898
0.006626
0.004077
0.002585
0.003422
0.003495
0.001930
0.001129
0.002221
0.003022
0.003313
0.006589
0.008119
0.008009
0.007791
0.006298
0.001383
-0.003968
-0.009575
-0.011868
-0.009247
-0.004041
0.003641
0.011504
0.016674
0.019987
0.020642
0.013361
-0.000655
-0.015072
-0.022026
-0.025011
-0.019768
-0.007463
0.010339
0.028397
0.039136
0.034950
0.016273
-0.006480
-0.021188
-0.020096
-0.001638
0.016747
0.018640
0.011541
0.004150
0.006881
0.018931
0.027304
0.012961
-0.013543
-0.032256
-0.037607
-0.030253
-0.016565
-0.012524
-0.009320
-0.003568
0.012633
0.036297
0.039646
0.016164
-0.014235
-0.030435
-0.023773
-0.005497
0.008774
0.012305
0.010703
0.004769
-0.006262
-0.016528
-0.020606
-0.021006
-0.019586
-0.017803
-0.019332
-0.024610
-0.021370
-0.012742
-0.003895
0.003568
0.005607
0.000182
-0.004733
-0.010558
-0.011832
-0.007682
0.000036
0.004842
0.007172
0.006335
0.006990
0.010339
0.011541
0.004915
-0.001675
-0.003968
-0.003240
-0.000510
0.001565
0.002840
0.002548
-0.000692
-0.006007
-0.003823
-0.001311
0.000437
0.000983
0.001493
-0.001711
-0.004150
-0.005497
-0.007354
-0.008119
-0.006990
-0.009138
-0.011286
-0.008337
-0.009101
-0.010266
-0.004077
-0.005789
-0.006626
-0.002767
-0.003495
-0.006262
-0.007463
-0.009975
-0.010485
-0.009830
-0.009211
-0.004405
-0.001092
-0.003131
-0.005752
-0.007208
-0.008628
-0.009393
-0.008373
-0.005424
-0.002112
-0.001930
-0.000182
0.004077
0.006699
0.007572
0.007536
0.007827
0.004951
-0.000109
-0.003313
-0.005315
-0.006517
-0.003713
-0.001092
0.001165
-0.001420
-0.005971
-0.007682
-0.007208
-0.004624
-0.002112
-0.000837
-0.002840
-0.002366
-0.000546
-0.001092
-0.000510
-0.002730
-0.006444
-0.007281
-0.007208
-0.005461
-0.002112
-0.002075
-0.001820
-0.001820
-0.001638
-0.002985
-0.003386
-0.000910
-0.000328
-0.002730
-0.005279
-0.006881
-0.006371
-0.003604
0.002548
0.006589
0.006735
0.005861
0.002876
0.000182
0.001092
0.003386
0.005170
0.004405
0.003859
0.001165
-0.002148
-0.005497
-0.007390
-0.007609
-0.006444
-0.004260
-0.001201
0.001383
0.003204
0.004842
0.004915
0.002294
0.000400
-0.000437
0.000728
0.002585
0.006043
0.007754
0.008519
0.005497
-0.005679
-0.011614
-0.015436
-0.013106
-0.003932
0.005716
0.011759
0.011723
0.005534
-0.002002
-0.007791
-0.008810
-0.004260
0.000328
0.004878
0.008046
0.010194
0.009611
0.003641
-0.001019
-0.004187
-0.008628
-0.009939
-0.007136
-0.003422
0.002949
0.006444
0.006189
0.005242
0.001529
-0.002257
-0.003313
-0.001347
0.001675
0.003058
0.001383
-0.000218
-0.000947
0.000000
0.000619
0.001129
0.002548
0.002039
-0.000291
-0.001238
-0.001456
-0.000510
0.002585
0.003459
0.002366
0.000837
-0.000692
-0.001383
-0.002767
-0.002330
0.000728
0.004878
0.006808
0.007463
0.005388
0.001456
-0.001238
-0.000400
0.002148
0.002585
0.003823
0.003713
0.002767
0.000400
-0.002694
-0.004405
-0.003531
-0.000146
0.003022
0.005424
0.005497
0.007754
0.008082
0.004988
0.002985
0.004114
0.006589
0.003313
-0.002439
-0.003459
0.001092
0.001019
-0.004150
-0.004951
0.000765
0.006589
0.007682
0.007063
0.006116
0.004514
0.002621
0.000510
-0.000983
-0.001056
0.000510
0.004077
0.008665
0.010303
0.007208
0.005024
0.003968
0.002476
-0.001092
-0.005716
-0.006480
-0.004806
-0.001274
0.004587
0.007500
0.006116
0.003895
0.004187
0.006189
0.007718
0.008009
0.006407
0.002730
-0.002148
-0.005060
-0.003531
0.000073
0.002803
0.005315
0.007026
0.008701
0.007609
0.002439
-0.000510
0.001456
0.003932
0.003677
0.003240
0.003750
0.003859
0.003641
0.004296
0.005934
0.004696
0.004806
0.007609
0.006662
0.002439
0.000947
0.001420
-0.000692
-0.002658
-0.004260
-0.005461
-0.001711
0.004769
0.008410
0.010995
0.012160
0.010995
0.008483
0.004988
0.002803
-0.000182
-0.002876
-0.002658
0.001274
0.006772
0.009029
0.008883
0.008228
0.005861
0.002257
0.000073
-0.001129
-0.000728
0.001019
0.004624
0.007281
0.007827
0.006735
0.005133
0.004915
0.003422
0.002221
0.003750
0.006371
0.008628
0.010521
0.008592
0.005497
0.002912
-0.001420
-0.004150
-0.001347
0.001893
0.004369
0.008046
0.010266
0.012342
0.011650
0.007827
0.004260
0.002075
-0.003568
0.001311
0.010740
0.010266
0.002184
-0.001675
0.000874
0.000182
-0.001784
0.004405
0.011213
0.009466
0.004915
0.006407
0.007754
0.006371
0.007463
0.007682
0.007354
0.006444
0.005534
0.003240
0.003058
0.004369
0.003095
0.000400
0.003495
0.001456
-0.000328
0.002512
0.005461
0.005315
0.004114
0.002840
0.002184
0.002112
0.005679
0.008264
0.007682
0.005898
0.004260
0.003240
0.004077
0.004915
0.002985
0.000400
0.001056
0.003859
0.004660
0.003713
0.003641
0.004187
0.003131
0.003531
0.006080
0.005242
0.004077
0.005424
0.003349
0.001565
0.000655
0.001019
0.001565
0.002148
0.004405
0.006917
0.007463
0.005752
0.004733
0.002803
0.001274
0.002767
0.004187
0.006225
0.008119
0.004405
0.000473
-0.003095
-0.003823
-0.001493
0.004187
0.012524
0.017184
0.017511
0.008992
-0.002585
-0.007791
-0.007864
-0.007208
-0.001529
0.003277
0.004988
0.009502
0.011468
0.007281
0.002803
-0.001456
-0.005825
-0.005643
-0.000218
0.004296
0.005716
0.002002
-0.000364
0.002694
0.004369
0.004041
0.006954
0.008847
0.007136
0.003750
0.002330
0.001747
0.001747
-0.000983
-0.002512
0.000692
0.004369
0.005315
0.003750
0.002039
-0.000182
0.000218
0.004005
0.005716
0.004842
0.003349
0.003531
0.001019
-0.002840
-0.001602
0.001201
0.003568
0.002767
0.001165
0.000582
0.001383
0.005097
0.006626
0.003568
0.001529
0.001784
0.001092
0.002148
0.005133
0.008337
0.006589
0.002476
0.000510
0.001129
0.003531
0.007099
0.007937
0.005679
0.001529
-0.003167
-0.004478
-0.002039
0.001056
0.005170
0.005097
0.004077
0.003349
0.004478
0.003240
0.001238
-0.000146
0.001711
0.005170
0.006298
0.006080
0.003022
-0.000073
-0.000218
0.002002
0.004114
0.004187
0.003240
0.005024
0.005461
0.004951
0.004915
0.002002
-0.000692
0.000728
0.003058
0.003568
0.005279
0.005279
0.002767
0.003167
0.005315
0.005607
0.003531
0.002148
0.001602
0.001602
0.003277
0.004077
0.003386
0.002985
0.003095
0.003386
0.002548
0.002366
0.004187
0.005752
0.002912
0.002439
0.008483
0.009611
0.009029
0.013070
0.008592
0.000073
-0.005861
-0.005424
-0.002330
0.002476
0.007827
0.007645
0.004915
0.005789
0.008737
0.008155
0.001966
-0.003349
-0.005461
-0.002184
0.003641
0.006225
0.003349
0.001529
0.001893
0.002002
0.003968
0.006517
0.006007
0.002949
0.002476
0.004369
0.003131
0.001456
-0.000400
-0.001784
-0.001784
-0.000146
-0.001820
-0.005607
-0.002730
0.002075
0.002366
0.000728
0.000437
0.002585
0.005388
0.007245
0.006917
0.003495
0.000291
-0.002257
-0.001201
0.001129
0.003677
0.006917
0.007572
0.006407
0.000837
-0.004988
-0.005024
0.000582
0.006407
0.011213
0.005097
-0.001129
-0.003786
-0.003459
-0.001311
-0.001602
-0.006699
-0.006626
-0.000728
-0.001311
0.003968
0.013871
0.002658
-0.008446
-0.007281
0.001092
0.006153
0.006990
0.005315
0.005352
0.002876
-0.000036
-0.001602
-0.001201
-0.001383
0.002148
0.006589
0.006153
0.004005
0.001493
0.002075
0.002439
0.001820
0.001675
-0.000510
-0.001747
0.000182
0.003531
0.003859
-0.000291
-0.003677
-0.001930
-0.000291
0.000801
0.000910
0.001784
0.002148
0.000036
-0.000255
0.001019
0.001493
0.002403
0.005060
0.004442
0.001274
-0.000328
0.002621
0.004696
0.004806
0.003713
0.000000
-0.001966
-0.001529
-0.002803
-0.005752
-0.005024
-0.000364
0.002002
0.004114
0.004733
0.004187
0.006153
0.007864
0.007864
0.006735
0.002803
-0.000582
-0.003167
0.000364
0.006662
0.004806
-0.000328
-0.003386
-0.003095
-0.001456
-0.001529
0.000874
0.004296
0.008555
0.011723
0.012560
0.010194
-0.002039
-0.013033
-0.016310
-0.007572
0.006298
0.014599
0.020205
0.018931
0.012414
0.000036
-0.016820
-0.024101
-0.018640
-0.006917
0.007099
0.022208
0.029270
0.021480
0.006626
-0.008737
-0.015145
-0.014417
-0.006480
0.002476
0.004587
0.006954
0.005934
0.003422
0.000546
-0.001711
-0.000218
-0.001056
-0.001529
-0.001565
-0.000619
0.002221
0.002403
0.002548
-0.000400
-0.003131
-0.001675
-0.000765
0.000582
0.002840
0.000582
-0.002658
0.000291
0.001529
0.002439
0.001238
-0.001565
-0.001711
-0.003568
-0.001493
0.000692
0.001092
0.001638
0.001347
0.003167
0.000655
-0.000437
0.002221
0.002257
-0.000910
-0.004660
-0.003750
-0.001056
-0.000182
0.000801
0.002876
0.002366
-0.000619
-0.002039
-0.001966
0.000400
0.004005
0.000036
-0.003058
-0.004187
-0.004114
0.003823
0.010194
0.013616
0.010849
-0.001493
-0.009429
-0.011723
-0.012414
-0.000218
0.008264
0.009757
0.010667
0.005752
0.000947
-0.004114
-0.009211
-0.006589
-0.000655
0.002949
0.002694
0.002767
0.006153
0.006444
0.002548
-0.002039
-0.005170
-0.005133
-0.000109
0.008191
0.009902
0.007900
0.007791
0.004114
0.000473
0.001602
0.001383
0.001092
0.001165
-0.005424
-0.007099
-0.005643
-0.007281
-0.003459
0.006589
0.012087
0.005170
-0.000473
-0.001347
-0.004915
-0.009101
-0.006954
-0.000146
0.002476
0.000036
-0.001893
-0.000801
0.002985
0.006662
0.008883
0.009029
0.008628
0.004296
-0.000582
-0.003968
-0.002439
0.000036
0.000400
-0.001456
-0.001347
0.000109
0.003313
0.005170
0.005242
0.007318
0.009902
0.009466
0.008483
0.006881
0.004514
0.003641
0.007208
0.011395
0.010922
0.006444
0.002112
-0.003277
-0.011796
-0.019368
-0.017548
-0.004187
0.013798
0.027669
0.029489
0.022608
0.009793
-0.004005
-0.012706
-0.013761
-0.011504
-0.009174
-0.004514
0.001711
0.007354
0.013070
0.015691
0.013252
0.008155
0.006335
0.007063
0.008264
0.006225
0.001201
0.002876
0.002039
-0.007245
-0.005206
0.003095
0.002548
-0.010048
-0.014198
-0.006881
0.000947
0.007864
0.009247
0.005279
0.002039
0.004696
0.006043
0.001019
-0.001784
-0.003677
-0.004514
-0.000801
0.002767
0.003313
0.003240
0.005934
0.002730
-0.002039
-0.002002
-0.003277
-0.007427
-0.004988
0.001857
0.007208
0.010631
0.009029
0.000400
-0.006262
-0.006517
-0.006225
-0.005752
-0.002403
0.002039
0.005934
0.009611
0.010703
0.006371
-0.000218
-0.003095
-0.004878
-0.007864
-0.005934
0.000655
0.007572
0.012123
0.012342
0.007754
0.001638
-0.001493
-0.005607
-0.008847
-0.005861
-0.003022
-0.002002
-0.000692
0.000510
0.007754
0.013652
0.011395
0.007245
0.004624
0.001383
-0.005315
-0.009502
-0.014817
-0.017293
-0.012742
-0.002949
0.007136
0.012087
0.013288
0.009793
0.002658
-0.004369
-0.006772
-0.005934
-0.005570
-0.002439
0.000400
0.001675
0.002621
0.001857
0.000073
-0.000255
-0.001056
-0.002330
-0.001129
-0.001638
-0.001711
-0.000218
0.001201
0.001747
0.001129
-0.001238
-0.002039
-0.001383
-0.002730
-0.004878
0.006116
0.010521
0.006808
0.007390
0.000728
-0.008519
-0.009648
-0.008810
-0.005097
-0.003058
0.001238
0.007645
0.006517
-0.003459
-0.000182
0.002621
-0.001019
-0.001274
-0.000218
0.002476
-0.001056
-0.007318
-0.009939
-0.003859
0.004551
0.009793
0.009939
0.008992
0.004442
0.000400
-0.003095
-0.006043
-0.002803
0.000910
0.004405
0.008373
0.008665
0.006407
0.007864
0.015764
0.020133
0.009684
-0.008992
-0.022208
-0.026140
-0.017948
0.000437
0.019295
0.026686
0.021698
0.012888
0.004587
-0.004660
-0.012232
-0.013397
-0.007463
0.003240
0.012596
0.019878
0.019659
0.010740
0.000255
-0.007281
-0.008119
-0.001820
0.005934
0.009793
0.010266
0.008883
0.004733
0.001347
-0.001529
-0.002330
0.001638
0.005825
0.004660
0.001201
-0.004442
-0.003932
-0.004951
-0.002476
0.001456
0.004842
0.002112
-0.005534
-0.014599
-0.012269
-0.004806
0.000546
0.000765
-0.002439
-0.002621
0.002294
0.005861
0.003349
-0.005934
-0.011322
-0.011650
-0.012851
-0.014417
-0.010594
0.001092
0.015691
0.019186
0.015108
0.010631
0.001747
-0.007500
-0.010885
-0.012414
-0.012924
-0.013798
-0.012815
-0.010922
-0.007937
-0.001966
0.001784
0.000437
0.001565
0.004150
0.003204
-0.000546
0.000036
-0.002949
-0.008301
-0.010958
-0.013070
-0.011395
-0.009757
-0.009065
-0.003277
0.002439
0.003204
0.001857
0.000983
0.001675
0.002912
0.002002
-0.001747
-0.007390
-0.011541
-0.010485
-0.006335
-0.005534
-0.004514
-0.001238
0.001420
0.000473
0.004223
0.008228
0.004296
-0.002512
-0.006189
-0.010339
-0.011504
-0.008009
-0.003204
-0.002912
-0.000874
0.003641
0.001529
-0.006517
-0.012924
-0.007900
0.007463
0.022972
0.024792
0.012524
-0.001784
-0.015473
-0.027159
-0.028834
-0.018531
-0.006153
0.005060
0.016710
0.019805
0.010485
0.002221
-0.012633
-0.028142
-0.027013
-0.014016
-0.002294
0.008082
0.014708
0.012596
0.007245
0.000218
-0.007281
-0.010813
-0.009793
-0.005570
-0.003022
-0.000364
0.006153
0.006335
0.003713
0.000473
-0.004296
-0.004478
-0.002949
-0.002294
0.000546
0.004296
0.005643
0.004041
-0.001092
-0.005097
-0.004332
0.000109
0.000874
-0.002840
-0.004915
-0.000473
0.002476
0.001602
0.000910
0.003167
0.003313
-0.000692
-0.005242
-0.006881
-0.005934
-0.006116
-0.005352
-0.002439
0.001129
0.000546
0.001675
-0.000182
-0.002403
-0.005461
-0.008446
-0.009284
-0.007900
-0.004296
-0.002512
-0.003641
-0.003968
-0.002912
-0.001675
0.000983
0.001747
-0.001784
-0.005424
-0.005534
-0.003859
-0.002585
0.000073
0.003459
0.004951
0.004405
-0.000218
-0.008009
-0.013143
-0.011868
-0.006407
-0.003167
0.001675
0.005060
0.004587
-0.000400
-0.006917
-0.009793
-0.007245
-0.003022
-0.000510
-0.001347
-0.000692
0.001675
0.002184
0.000218
-0.002548
-0.004769
-0.005206
-0.003750
-0.000947
0.002039
0.002803
0.001347
0.001165
-0.000255
-0.003313
-0.004369
-0.004260
-0.004260
-0.003095
-0.000983
0.000291
0.001966
0.002548
-0.000328
-0.002876
-0.000874
-0.000546
-0.000146
-0.000837
-0.004150
-0.003859
0.000874
0.005206
0.004551
-0.002658
-0.008155
-0.007864
-0.003568
-0.002840
-0.002403
0.001420
0.004733
0.005534
0.005424
0.002840
-0.001857
-0.004077
-0.006553
-0.005825
-0.002840
0.000874
0.000874
-0.001201
-0.002985
-0.002075
0.003531
0.007281
0.005388
0.001201
-0.002476
-0.004114
-0.003495
-0.001311
-0.001784
-0.004332
-0.004369
-0.000109
0.008883
0.014854
0.012378
0.005607
-0.002403
-0.009466
-0.011140
-0.006407
-0.001383
0.001893
0.004587
0.005497
0.003859
0.000036
-0.003167
-0.004806
-0.002257
0.001966
0.004187
0.004514
0.004478
0.002439
0.000073
-0.000655
0.000437
0.001347
0.004296
0.006043
0.006480
0.004660
0.001820
-0.000801
-0.000473
0.003459
0.006080
0.005170
0.003859
0.004696
0.005789
0.003604
0.001274
-0.000473
-0.001019
-0.000255
0.000364
-0.000255
-0.001165
-0.002658
-0.007390
-0.009065
-0.005315
-0.000255
0.003823
0.005024
0.002658
0.000910
0.000146
-0.000910
-0.000837
0.001019
0.004187
0.004442
0.003313
0.005461
0.008191
0.011177
0.012305
0.010230
0.006699
0.003968
0.002403
0.001019
-0.000437
-0.002148
0.000218
0.004806
0.008483
0.009247
0.009101
0.004624
-0.001274
-0.003058
0.003495
0.006954
0.005388
0.006444
0.006954
0.004114
0.002876
0.000947
-0.002148
-0.002148
0.000400
0.005352
0.007172
0.002949
-0.000182
0.000182
0.001420
-0.000437
-0.000801
0.001383
0.001238
0.001056
0.000328
0.003313
0.004369
0.004842
0.005206
0.004187
0.005024
0.005643
0.007208
0.007172
0.004150
0.002002
0.000910
0.002294
0.003713
0.003750
0.003167
0.002658
0.001347
0.001966
0.003568
0.003641
0.002876
0.002221
0.001893
0.001165
0.002985
0.007645
0.009029
0.008191
0.006189
0.004624
0.006553
0.002002
0.001165
0.003240
0.002840
0.005388
0.005643
0.005097
0.004077
0.000328
-0.001529
-0.000328
0.000510
0.003677
0.005133
0.004260
0.002075
0.001711
0.003677
0.005424
0.007500
0.009029
0.008519
0.006189
0.004005
0.000692
-0.003568
-0.001019
0.000582
0.000255
0.002803
0.005716
0.004878
0.004077
0.004842
0.004951
0.004041
0.006371
0.008410
0.008337
0.006371
0.004150
0.003058
0.003495
0.004041
0.004369
0.004077
0.000983
-0.000510
0.001711
0.006153
0.007208
0.005315
0.004551
0.005570
0.004988
0.002548
0.000655
0.001493
0.000582
-0.001165
0.001274
0.005898
0.008191
0.007536
0.006990
0.008810
0.010995
0.010449
0.008191
0.003968
-0.002294
-0.004915
-0.007900
-0.010449
-0.010667
-0.006844
0.000182
0.007427
0.012924
0.016055
0.017256
0.016383
0.015218
0.015291
0.015254
0.011067
0.006043
0.001711
-0.001092
-0.001238
0.002803
0.007536
0.008847
0.004005
-0.004114
-0.011213
-0.015982
-0.015145
-0.005352
0.006917
0.015873
0.019514
0.016820
0.006954
-0.002548
-0.007245
-0.008847
-0.005934
-0.000291
0.005497
0.008737
0.007973
0.004005
-0.001383
-0.003495
-0.002876
-0.001930
0.001311
0.003859
0.002985
0.000655
-0.000364
0.000218
0.002476
0.002912
0.002439
-0.000182
0.000801
0.003277
0.002912
0.004696
0.002184
0.001274
0.003823
0.002840
0.003823
0.004296
-0.000146
-0.001056
0.000947
0.000619
0.003604
0.006080
0.004696
0.001711
-0.002148
-0.004223
-0.003131
-0.001456
0.003750
0.009029
0.010303
0.009065
0.004187
0.002439
0.001201
0.000437
0.001238
0.000947
0.000000
-0.000146
0.000655
0.001238
0.004150
0.005497
0.005934
0.008264
0.008191
0.005716
0.004442
0.002767
0.001056
0.000109
0.001638
0.003823
0.002658
0.002184
0.003095
0.003895
0.003641
0.002694
0.003459
0.003750
0.000765
0.000255
-0.004077
-0.007136
0.005643
0.010121
0.005607
0.009138
0.010339
0.003349
0.000983
0.005352
0.006444
0.000874
-0.000765
0.004587
0.005679
0.004478
0.004150
0.002366
-0.002512
-0.004150
-0.003859
-0.000255
0.003823
0.005388
0.004150
0.000000
0.004624
0.008592
0.004514
0.002221
0.004077
0.003604
0.001602
0.001493
0.000655
-0.000582
0.001129
0.002476
0.001784
0.002512
0.003932
0.002621
0.000728
0.000619
0.001129
0.001201
0.001857
0.003713
0.004223
0.002949
0.003167
0.002803
0.000947
0.000983
0.000582
-0.001638
-0.001529
-0.000546
-0.001711
-0.002039
-0.001857
-0.000947
-0.000655
-0.001165
-0.000036
-0.000801
-0.002184
-0.000182
0.001129
0.001711
0.003750
0.004041
0.002767
0.002949
0.002221
0.000837
0.001311
-0.000473
-0.003859
-0.004150
0.003677
0.010849
0.010230
0.007609
0.003531
-0.000073
-0.000983
-0.002730
-0.002658
0.000473
0.006517
0.011650
0.013215
0.011941
0.008009
0.004842
0.003531
0.001602
0.002257
0.003568
0.005971
0.008228
0.007791
0.006116
0.003277
0.001747
0.003968
0.007754
0.009830
0.007973
0.003240
-0.000218
0.002221
0.008737
0.012414
0.014490
0.015618
0.010885
0.008410
0.007827
0.006007
0.003240
0.003932
0.005315
0.007572
0.011067
0.011286
0.007536
0.006553
0.007208
0.006990
0.008665
0.011213
0.010995
0.009648
0.007500
0.006553
0.005206
0.001820
0.001092
0.003022
0.007645
0.014744
0.021152
0.020606
0.010121
-0.003022
-0.013834
-0.015145
-0.017256
-0.013252
0.003968
0.029780
0.057667
0.066587
0.048566
0.015837
-0.011504
-0.025339
-0.026940
-0.016201
-0.009320
-0.007609
0.001311
0.009720
0.016128
0.014562
0.010376
0.008519
0.009284
0.007536
0.001565
-0.006589
-0.012924
-0.015691
-0.006589
0.004405
0.013434
0.012342
-0.001201
-0.014235
-0.012779
-0.008956
-0.009757
-0.007718
-0.004442
-0.003859
-0.001129
0.006444
0.004405
-0.003386
-0.008701
-0.011031
-0.007754
-0.005934
-0.009793
-0.005242
-0.003932
-0.009065
-0.004696
0.000328
-0.002148
-0.007900
-0.011541
-0.009757
-0.001966
0.001201
0.001456
-0.000364
-0.003422
-0.006954
-0.005133
-0.005861
-0.006735
-0.004988
-0.004332
-0.002221
0.002184
0.005752
0.006480
0.003895
0.001456
-0.001201
-0.000218
-0.002658
-0.009247
-0.011468
-0.010121
-0.005024
-0.000255
0.003750
0.005206
0.002512
-0.000546
0.001274
0.003568
0.001456
-0.001019
-0.000182
0.002403
0.002294
0.001165
-0.006262
-0.015982
-0.015181
-0.003277
0.009757
0.012815
0.012232
0.008519
-0.003058
-0.010558
-0.015764
-0.017402
-0.008337
0.002294
0.012596
0.016929
0.008847
-0.001893
-0.008992
-0.010194
-0.005097
0.000582
-0.000218
-0.003204
-0.000947
0.002476
-0.004624
-0.008919
-0.003531
-0.001784
-0.002694
-0.001638
-0.003240
-0.004442
-0.008301
-0.009211
-0.004878
0.006335
0.010048
0.007536
0.007281
0.005497
0.000947
-0.004405
-0.010266
-0.009720
-0.005607
-0.001019
0.006517
0.011395
0.007463
-0.000036
-0.003604
-0.003386
-0.001347
0.002075
0.005861
0.004951
0.004150
0.004369
0.002585
0.000874
-0.000692
-0.002148
-0.005643
-0.004332
0.000510
0.002694
0.006954
0.009684
0.006990
0.002803
-0.000291
-0.002366
-0.003349
-0.003277
-0.004005
-0.005570
-0.002840
-0.001930
-0.001311
-0.001347
-0.000728
0.001165
0.001493
0.001201
0.000910
0.001820
0.003131
0.001420
-0.001383
-0.002621
-0.004077
-0.004041
-0.002548
0.000073
0.002330
0.002112
0.001784
0.002548
0.001820
0.000983
0.000546
-0.001201
-0.002621
-0.002039
-0.000765
-0.002112
-0.003204
-0.000728
0.003277
0.005206
0.004296
0.002439
0.002548
0.004988
0.004624
0.002803
0.002730
0.001930
-0.000109
-0.001092
-0.001274
-0.001711
-0.000728
0.002184
0.005097
0.003859
0.002184
0.003459
0.005133
0.004660
0.003641
0.003022
0.002621
0.001201
0.001711
0.004005
0.006043
0.006116
0.003531
0.000000
0.000510
-0.000510
-0.001129
-0.000728
-0.000218
-0.000582
0.001711
0.002148
0.001129
-0.000328
-0.002112
-0.003277
-0.002512
-0.000182
0.003641
0.006517
0.007463
0.008701
0.008337
0.005206
0.001820
0.001347
0.002148
0.002949
0.002949
0.000291
-0.001201
0.000437
0.000655
-0.000437
0.000983
0.002912
0.003968
0.005934
0.006335
0.004478
-0.000218
-0.004696
-0.005315
-0.004223
-0.000947
0.002840
0.002621
0.001893
0.003713
0.002803
0.001565
-0.000692
-0.001893
0.000291
0.003750
0.005315
0.005024
0.005825
0.008082
0.008665
0.007281
0.005206
0.004077
0.004624
0.004878
0.004005
0.003022
0.003277
0.002912
0.004478
0.006662
0.008628
0.008410
0.006189
0.003750
0.000255
-0.001456
0.000983
0.006007
0.006444
0.004696
0.004514
0.004733
0.005825
0.006298
0.003641
0.001675
0.002730
0.004806
0.005825
0.005424
0.002876
-0.001201
-0.001820
-0.000910
0.001711
0.003495
0.004114
0.006225
0.006298
0.004878
0.004405
0.004696
0.005170
0.005643
0.006189
0.004187
0.002002
-0.000291
0.000364
0.002476
0.004187
0.005716
0.005570
0.005679
0.005206
0.003713
0.003204
0.001129
0.000364
0.002403
0.004077
0.004696
0.004478
0.003932
0.003386
0.003058
0.002949
0.002876
0.003968
0.004842
0.003823
0.004077
0.004369
0.004478
0.004077
0.004005
0.004587
0.003459
0.001201
0.001056
0.002767
0.004150
0.005643
0.007718
0.008992
0.008737
0.005424
-0.000437
-0.005679
-0.003895
0.001493
0.005971
0.006589
0.003131
0.000073
-0.000437
0.002658
0.004150
0.003058
0.003277
0.000983
0.003604
0.006735
0.007318
0.007937
0.002476
0.001966
0.006335
0.006808
0.009538
0.004842
0.001893
0.000218
-0.004296
0.000255
0.004514
0.004951
0.006808
0.004915
0.003386
0.003167
0.006262
0.010230
0.011686
0.012050
0.010121
0.005716
0.001893
0.000036
0.000765
0.002912
0.006153
0.009393
0.009429
0.005679
-0.001347
-0.006954
-0.005388
-0.001129
0.002039
0.004005
0.005825
0.006881
0.005679
0.003604
0.003641
0.008009
0.011723
0.009720
0.003167
-0.000328
-0.001019
0.000655
0.004114
0.007609
0.010194
0.004660
-0.002330
-0.002949
-0.000218
0.000728
0.002002
0.006335
0.008919
0.005898
0.003022
0.003167
0.005242
0.007536
0.010849
0.013507
0.010667
0.003932
0.001638
0.001820
-0.000328
0.002112
0.003095
-0.001201
-0.003568
-0.002403
-0.002476
0.002985
0.014198
0.016965
0.012232
0.007390
-0.004296
-0.016091
-0.016419
-0.007973
0.001711
0.008883
0.011614
0.011504
0.008337
0.001383
-0.007063
-0.009611
-0.006298
-0.001675
0.002184
0.005097
0.006335
0.005024
0.001966
-0.002075
-0.003750
-0.001311
0.002002
0.004551
0.004951
0.003786
0.003058
0.002439
0.002257
0.002221
0.002148
0.001820
0.002476
0.001820
0.000510
0.001747
0.002621
0.002075
0.001602
0.002840
0.004005
0.003277
0.002585
0.002840
0.004369
0.004187
0.003422
0.003167
0.001893
0.003022
0.003968
0.005643
0.006881
0.006371
0.004660
0.003204
0.002148
0.001857
0.002694
0.003677
0.004150
0.004951
0.006589
0.008410
0.009138
0.008373
0.007354
0.006662
0.007136
0.007682
0.008956
0.010449
0.010922
0.009830
0.008483
0.005898
0.003422
0.003240
0.004005
0.004806
0.005570
0.005352
0.003459
0.002658
0.003349
0.004915
0.005279
0.004442
0.005242
0.005752
0.006371
0.006881
0.007026
0.006881
0.005789
0.004915
0.004696
0.004842
0.004551
0.004988
0.005497
0.004369
0.002949
0.001638
0.001347
0.002039
0.002803
0.001238
-0.000400
0.000146
0.002512
0.011067
0.011868
0.009029
0.011104
0.009502
0.001966
-0.000400
0.000218
-0.001529
-0.002876
0.000328
0.006517
0.003786
0.000291
0.002767
0.001857
-0.001420
-0.000437
0.001201
0.000983
0.004514
0.009866
0.009648
0.008264
0.008483
0.008228
0.004806
0.002002
-0.004296
-0.005679
-0.001565
0.001893
0.001420
0.003713
0.005971
0.008228
0.009575
0.008119
0.003641
0.000182
-0.000182
0.001602
0.004150
0.002730
0.000109
-0.001493
-0.001638
0.000218
0.000510
0.000692
0.001602
0.000510
0.000874
0.002221
0.002767
0.003750
0.004806
0.005206
0.004951
0.004332
0.002840
0.003240
0.003641
0.004369
0.004405
0.003713
0.002912
0.000473
0.000582
0.001711
0.003495
0.004769
0.005133
0.003422
0.000146
-0.000874
0.000400
0.001893
0.003604
0.005861
0.003713
-0.000801
-0.001019
0.000473
0.000473
0.000983
0.004624
0.006699
0.004114
0.002548
0.002476
0.000437
-0.002075
-0.003058
-0.004405
-0.002294
0.002330
0.004696
0.005133
0.004551
0.002366
0.002184
0.004041
0.004988
0.003277
0.002439
0.001930
0.000255
-0.001893
-0.003277
-0.002294
0.000546
0.005461
0.010084
0.011104
0.008628
0.004369
0.002730
0.002366
0.003204
0.002585
0.001493
0.004442
0.006335
0.005898
0.005934
0.005388
0.005060
0.005534
0.007099
0.008155
0.008191
0.009356
0.010740
0.009138
0.004624
0.000619
0.003386
0.008883
0.008992
0.006917
0.008992
0.012961
0.013943
0.012961
0.011031
0.012706
0.019878
0.024028
0.026067
0.023773
0.020569
0.016783
0.015727
0.010849
0.002694
-0.009284
-0.020023
-0.028251
-0.027960
-0.016965
0.000546
0.017038
0.022608
0.014308
-0.000400
-0.013288
-0.023737
-0.027304
-0.022863
-0.011832
-0.000473
0.012924
0.026795
0.034841
0.034913
0.026176
0.014308
0.000218
-0.011650
-0.019514
-0.019004
-0.014817
-0.009174
-0.001893
0.003604
0.006881
0.010048
0.009356
0.007536
0.004806
0.002366
0.002949
0.004005
0.008665
0.012888
0.012160
0.010194
0.006990
0.000182
-0.005315
-0.006808
-0.009975
-0.010776
-0.010449
-0.011832
-0.010339
-0.003750
-0.001274
-0.002403
-0.003386
-0.008046
-0.011905
-0.009975
-0.007245
-0.005971
-0.004405
-0.002548
-0.004114
-0.007645
-0.010266
-0.010740
-0.008628
-0.006917
-0.004405
-0.003459
-0.003786
-0.005060
-0.001165
0.002294
0.002184
0.002621
-0.000437
-0.004696
-0.010813
-0.016856
-0.012706
-0.004769
-0.001820
0.007500
0.008373
0.005060
0.005643
0.004223
0.001311
-0.000546
-0.001238
-0.001238
-0.001820
-0.003568
-0.005206
-0.005643
-0.007136
-0.008483
-0.008847
-0.007463
-0.005024
-0.003604
-0.002585
-0.000801
0.000291
0.001784
-0.000291
-0.002548
-0.000874
0.000728
0.001711
0.002439
0.001893
0.002439
0.000765
-0.002112
-0.003459
-0.005315
-0.008082
-0.007208
-0.006954
-0.006662
-0.006007
-0.005352
-0.002184
0.002184
0.002403
0.003386
0.006444
0.008665
0.007463
0.002548
-0.001383
-0.002403
-0.000765
-0.002148
-0.007500
-0.008519
-0.005060
-0.004296
-0.005461
-0.004842
-0.000582
0.003459
0.006189
0.007208
0.005461
0.004187
0.004077
0.004114
0.002730
0.001129
-0.001165
-0.003895
-0.004442
-0.006990
-0.008301
-0.004624
-0.000655
0.001274
0.001893
0.003167
0.002658
0.005679
0.004296
0.002330
0.003386
0.003859
0.002439
0.000255
-0.000437
0.001493
-0.000983
-0.002912
-0.002694
-0.001966
0.000364
0.001274
0.002075
0.002767
0.002221
0.002476
0.003641
0.003131
-0.000182
-0.001347
-0.000036
0.003022
0.001274
-0.002002
-0.002294
0.000182
0.002112
0.002767
0.004696
0.006189
0.005570
0.003750
0.001857
0.001456
0.001238
0.002585
0.001966
0.002585
0.002002
0.002803
0.003422
0.003167
0.003422
0.003750
0.002803
0.000765
0.000146
0.002330
0.004551
0.004660
0.003750
0.002949
0.001201
-0.000655
-0.000728
0.001456
0.003859
0.004223
0.004369
0.003968
0.002039
-0.000109
-0.000437
0.000073
0.000510
0.002184
0.002257
0.002803
0.003750
0.003859
0.004077
0.003604
0.002184
0.001201
0.001711
0.003422
0.006335
0.007136
0.004806
0.002184
0.003859
0.005242
0.003641
0.002876
0.001930
-0.000619
0.000983
0.005315
0.008301
0.008956
0.007136
0.002912
0.000510
0.001129
0.001602
-0.000073
-0.002912
-0.003786
-0.000546
0.006116
0.010194
0.009611
0.005534
0.001784
0.001201
0.001165
0.001493
0.002075
0.001602
0.000582
0.002585
0.004587
0.005497
0.005388
0.004332
0.003495
0.003386
0.002075
0.000619
0.001493
0.003604
0.006007
0.006444
0.005461
0.005643
0.005789
0.006007
0.005206
0.003677
0.004514
0.005242
0.004478
0.004296
0.007500
0.009065
0.005097
0.003859
0.005934
0.006225
0.003422
0.000473
0.001638
0.005388
0.007500
0.005716
0.002949
0.003823
0.007354
0.008628
0.006043
0.001092
-0.000983
-0.000364
0.001784
0.002730
0.003750
0.005170
0.004660
0.002221
0.000109
0.001201
0.004041
0.006480
0.007682
0.008883
0.009648
0.007791
0.003604
0.001092
-0.000073
0.001311
0.005643
0.008665
0.005388
0.002949
0.005570
0.004769
0.002876
0.003786
0.004806
0.005388
0.004587
0.001747
-0.002257
-0.005133
-0.006553
-0.006480
-0.001165
0.006990
0.014344
0.019514
0.023336
0.026977
0.029707
0.028215
0.025921
0.018640
0.003204
-0.010521
-0.017912
-0.018968
-0.014308
-0.008046
-0.000910
0.004514
0.007754
0.008119
0.007609
0.006371
0.003895
0.003240
0.006080
0.007427
0.007536
0.009138
0.009793
0.008519
0.004988
0.001638
-0.000510
-0.001456
-0.003495
-0.004405
-0.002512
-0.001274
0.001638
0.004405
0.005570
0.006007
0.006153
0.005643
0.003568
0.002876
0.001420
-0.001456
-0.004514
-0.004514
-0.003713
-0.002621
-0.000073
0.001565
0.004442
0.007900
0.009975
0.006990
0.002658
0.000146
-0.000837
-0.000328
0.000400
0.001056
0.002876
0.002294
0.000218
-0.000328
-0.001784
-0.002949
-0.004842
-0.011031
-0.011104
0.004660
0.013033
0.008191
0.006080
0.003568
0.001820
0.003823
0.003823
0.000109
-0.003604
-0.005643
-0.004223
-0.001784
-0.000036
-0.000109
0.000837
0.005024
0.010194
0.013325
0.014672
0.011978
0.005024
0.001311
-0.000910
-0.004696
-0.010776
-0.012888
0.002366
0.022717
0.028906
0.015545
-0.018203
-0.047983
-0.050459
-0.014963
0.038845
0.062036
0.042340
0.003204
-0.028906
-0.040884
-0.033712
-0.011395
0.010230
0.025011
0.024574
0.008519
-0.007645
-0.012560
-0.003167
0.006335
0.010958
0.004114
-0.013871
-0.027705
-0.026758
-0.015436
0.003277
0.015837
0.014635
0.007427
0.001966
0.000983
0.004114
0.008373
0.011504
0.010594
0.005607
-0.000582
-0.007463
-0.011431
-0.009429
-0.004223
-0.001129
-0.002949
-0.003204
-0.000947
0.001383
0.005315
0.009174
0.006954
0.001784
-0.002112
-0.005934
-0.006735
-0.003240
-0.001347
-0.001092
0.000073
-0.000728
-0.002257
-0.002112
0.003277
0.006043
0.003240
-0.000328
-0.001456
-0.000983
-0.001129
0.001056
0.004296
0.002803
-0.001383
-0.006262
-0.008155
-0.009720
-0.007063
-0.000619
0.003095
0.005315
0.005424
0.002767
-0.000692
-0.001784
-0.001529
-0.003932
-0.007245
-0.007900
-0.006844
-0.001201
0.003277
0.006262
0.004660
0.001019
-0.001019
-0.004077
-0.003022
0.001711
0.003895
0.002876
0.001966
0.003349
0.001311
-0.001602
0.000437
0.003823
0.001711
0.001565
0.006808
0.006371
0.001638
-0.000182
-0.003058
-0.006808
-0.008956
-0.002803
0.006844
0.000874
-0.007172
0.001893
0.011686
0.009174
0.006480
0.010048
0.002548
-0.011067
-0.012342
-0.004660
-0.000801
-0.003459
-0.000036
0.002366
-0.003459
-0.007172
-0.002730
0.000837
-0.000983
0.000837
0.004696
0.003932
0.001238
0.002330
0.002767
0.001420
-0.000582
-0.003240
-0.003422
-0.002075
-0.000400
0.002112
0.004077
0.004878
0.005497
0.002876
0.000364
-0.000692
-0.003386
-0.002330
0.001784
0.002621
0.002039
0.001529
0.000692
0.001347
0.003058
0.001165
-0.003641
-0.004405
0.000109
0.001420
-0.000874
0.000000
0.003677
0.003786
0.000255
-0.000218
0.003677
0.007536
0.004951
0.004988
0.011759
0.007827
-0.004878
-0.017038
-0.018094
-0.001784
0.012269
0.009757
0.008264
0.011322
0.006808
-0.002876
-0.004478
-0.001383
-0.004842
-0.004624
0.002075
0.012888
0.017548
0.008628
-0.000437
0.001092
0.008337
0.011067
0.001165
-0.011759
-0.017329
-0.012669
-0.000801
0.008737
0.012706
0.008665
0.000655
-0.002985
0.000910
0.002512
0.003895
0.003641
0.001857
0.001056
0.002039
0.003167
0.007063
0.007536
0.005716
-0.001238
-0.008737
-0.015291
-0.013033
0.001274
0.012706
0.012779
0.004951
-0.001930
-0.001456
0.000874
0.000582
0.000910
0.001456
0.000692
-0.002148
-0.003204
-0.002730
-0.001529
0.002730
0.005934
0.003313
0.001165
0.002330
0.001893
-0.000801
-0.005789
-0.010521
-0.008483
-0.001129
0.004733
0.011322
0.015909
0.011686
0.007609
0.000692
-0.005898
-0.009284
-0.011614
-0.009939
-0.004369
-0.001092
-0.001201
-0.003095
-0.001311
-0.000437
-0.001238
-0.002767
-0.005388
-0.006335
-0.002112
0.006626
0.007754
0.002439
-0.000655
-0.001930
0.000000
0.003386
0.004878
0.006407
0.005461
0.003240
-0.005133
-0.006808
-0.009611
-0.012669
-0.012232
-0.009138
-0.003459
0.002257
0.007208
0.005206
0.000036
0.000182
0.003240
0.004915
0.003240
-0.000947
-0.005097
-0.009429
-0.014490
-0.019332
-0.019150
-0.009939
0.001711
0.004624
0.000619
0.003167
0.005424
0.003386
0.003313
0.002876
0.000000
0.002803
0.002221
-0.020169
-0.027122
-0.002257
-0.002840
0.001602
0.015036
0.005898
-0.016783
-0.013325
0.007063
0.011031
-0.004624
-0.007390
0.001347
-0.001347
-0.012014
-0.006553
0.000655
-0.005060
-0.005825
0.003204
0.006735
-0.000328
-0.006007
-0.003131
-0.003022
-0.009320
-0.008410
-0.002039
0.005497
0.006298
0.004187
0.005825
0.000364
-0.004915
-0.006553
-0.004988
-0.006116
-0.007208
-0.007208
-0.008009
-0.010558
-0.011322
-0.006153
0.003495
0.006735
0.002694
0.002876
0.000473
-0.003386
-0.002949
-0.002112
-0.002912
-0.002512
0.000692
0.005934
0.010048
0.010776
0.010995
0.012779
0.014089
0.013361
0.016965
0.023081
0.026722
0.027996
0.021443
-0.002476
-0.032984
-0.060944
-0.074887
-0.066405
-0.051551
-0.036661
-0.022827
-0.012232
-0.007318
-0.004041
0.005497
0.015108
0.022717
0.027050
0.024756
0.017912
0.016201
0.019841
0.024246
0.027487
0.021916
0.008737
-0.005242
-0.017220
-0.027487
-0.037425
-0.046381
-0.053262
-0.053080
-0.046163
-0.030799
-0.012633
0.002294
0.011468
0.014744
0.014380
0.012961
0.014817
0.016892
0.017766
0.019222
0.019113
0.015618
0.013616
0.010631
0.005060
-0.001383
-0.006116
-0.010157
-0.010631
-0.008628
-0.008810
-0.009502
-0.008519
-0.003240
0.001893
0.005461
0.006262
0.004660
0.003131
0.000218
-0.002257
-0.002730
-0.002039
-0.003531
-0.005607
-0.005716
-0.005534
-0.008228
-0.009174
-0.008555
-0.010157
-0.010449
-0.009611
-0.006699
-0.003641
-0.002585
-0.002330
-0.003313
-0.004551
-0.005170
-0.005607
-0.004332
-0.003022
-0.002803
-0.003422
-0.003349
-0.002949
-0.003495
-0.003713
-0.004114
-0.005315
-0.004806
-0.004624
-0.004005
-0.002257
-0.000400
0.000910
0.003422
0.005060
0.004442
0.004696
0.005716
0.005133
0.003313
0.002366
0.000910
-0.002330
-0.005570
-0.008373
-0.010594
-0.012924
-0.013798
-0.014490
-0.012123
-0.008483
-0.005570
-0.003531
-0.001420
0.000983
0.002767
0.004150
0.002039
0.001092
0.000837
0.001565
0.002658
0.000291
-0.003459
-0.004296
-0.004696
-0.003422
-0.001893
-0.002730
-0.003823
-0.001274
-0.001638
-0.004951
-0.009393
-0.010121
-0.006553
-0.000874
0.004150
0.008373
0.007864
0.003823
0.001129
0.001383
0.002476
0.003531
0.004187
0.004733
0.002621
0.000146
-0.000619
-0.004988
-0.007900
-0.008264
-0.007354
-0.004369
-0.000874
0.001019
0.000364
0.000000
-0.000255
-0.000400
0.001602
0.004587
0.006662
0.006844
0.004988
0.002512
-0.000728
-0.002767
-0.003349
-0.003713
-0.004005
-0.004041
-0.004041
-0.003750
-0.004405
-0.002876
0.000000
0.002257
0.004260
0.005461
0.005133
0.004114
0.001347
0.000510
0.002294
0.003386
0.002985
0.003568
0.004332
0.002621
-0.001201
-0.003422
-0.006262
-0.008446
-0.007172
-0.004442
-0.002039
-0.000983
0.000036
0.002694
0.005060
0.005789
0.006262
0.004041
0.001056
-0.001165
-0.001347
0.000182
0.002658
0.005352
0.002403
0.000109
-0.000947
-0.002294
-0.005461
-0.008774
-0.011978
-0.012706
-0.010048
-0.005424
-0.001857
0.000473
0.002148
0.005461
0.007718
0.006808
0.004514
-0.000473
-0.005607
-0.008628
-0.006553
-0.002585
-0.001420
-0.000582
0.001930
0.001056
-0.001820
-0.002257
-0.000328
-0.000109
0.002148
0.004405
0.003750
0.001784
0.000255
0.000182
0.001019
0.001565
0.002476
0.004587
0.005934
0.003713
0.001420
0.004660
0.007390
0.006881
0.004187
0.000983
-0.001420
-0.006626
-0.008883
-0.001529
0.010084
0.020970
0.024501
0.019841
0.009866
0.005424
0.005825
0.004988
0.000473
-0.005024
-0.009211
-0.009538
-0.006990
0.000182
0.011031
0.020387
0.025193
0.026868
0.023664
0.018021
0.014490
0.009902
-0.000073
-0.002476
0.000983
0.006589
0.011868
0.014672
0.015436
0.013725
0.008228
0.009065
0.013798
0.012888
0.008628
0.007427
0.008919
0.009902
0.011868
0.014999
0.017438
0.018749
0.014490
0.009029
0.006954
0.006043
0.006917
0.010339
0.011359
0.006553
-0.000473
-0.003604
-0.003313
-0.002366
-0.003823
-0.004696
-0.004587
-0.005097
-0.003095
0.000109
-0.001493
-0.004514
-0.003604
-0.001019
-0.001711
-0.005424
-0.006043
-0.003641
-0.001529
-0.002694
-0.006225
-0.008628
-0.009830
-0.008264
-0.006444
-0.006844
-0.007609
-0.008701
-0.008628
-0.008337
-0.007026
-0.005315
-0.002439
0.000510
0.000291
-0.000473
0.000146
0.000983
-0.000291
-0.004041
-0.004260
-0.000546
0.001493
-0.000036
-0.001966
-0.004478
-0.005497
-0.007354
-0.009429
-0.005424
0.000073
0.001602
-0.000837
-0.001274
-0.001274
-0.003167
-0.004223
-0.003095
-0.000328
0.002658
0.001165
-0.000910
-0.000765
-0.001602
0.003167
0.008628
0.005242
-0.001056
-0.005679
-0.006808
-0.006735
-0.006116
-0.005461
0.002002
-0.000182
-0.010339
0.002512
0.015837
0.004587
-0.000910
0.005679
0.001383
-0.004296
-0.002621
-0.001129
0.000655
0.003750
0.000655
-0.005716
-0.006517
-0.005170
-0.004624
-0.002002
0.003895
0.007463
0.005097
0.004442
0.000328
-0.004733
-0.004187
0.002439
0.008228
0.012269
0.020788
0.004696
-0.040666
-0.060616
-0.036188
0.006298
0.043542
0.061235
0.043396
-0.015436
-0.066696
-0.057922
-0.005352
0.038044
0.054391
0.053590
0.037061
0.002949
-0.026140
-0.031382
-0.028542
-0.019186
0.000655
0.022353
0.029198
0.017111
0.002439
-0.003968
-0.004514
-0.007973
-0.009138
-0.001893
0.003823
0.006335
0.010521
0.008810
0.005024
0.004951
0.008301
0.008810
0.012997
0.012414
0.004187
-0.003277
-0.002730
0.000473
0.004223
0.008774
0.008665
0.004296
0.000000
0.003604
0.014417
0.020751
0.021989
0.016601
0.001820
-0.013907
-0.021006
-0.016710
-0.005607
0.007245
0.013943
0.014162
0.011468
0.004442
-0.003386
-0.008301
-0.007463
-0.000765
0.005534
0.006007
0.001893
-0.001493
-0.004842
-0.006116
-0.002985
0.000291
0.000947
0.001456
0.005570
0.010449
0.008155
0.001165
-0.005934
-0.011395
-0.010048
-0.001383
0.005133
0.005570
0.000619
-0.006262
-0.006808
0.000328
0.008046
-0.005461
-0.027377
-0.042522
-0.032329
0.001165
0.038299
0.041430
-0.002548
-0.037316
-0.021625
-0.003022
-0.004150
-0.008847
-0.004296
0.003568
0.006735
0.008847
0.002985
-0.014781
-0.023846
-0.009247
0.005315
-0.006772
-0.022863
-0.016965
0.001675
0.007572
-0.001201
-0.007718
-0.007245
-0.004696
-0.003386
-0.003095
-0.005861
-0.009648
-0.010376
-0.006699
-0.000546
0.002548
0.000255
-0.004369
-0.007208
-0.005607
-0.002112
-0.002730
-0.005497
-0.005534
-0.003131
-0.001347
-0.001820
-0.004842
-0.005133
-0.004405
-0.004332
-0.001784
-0.001930
-0.004223
-0.005024
-0.002366
0.002803
0.003058
-0.000837
-0.002658
-0.003204
-0.004769
-0.006772
-0.001820
0.005388
0.006772
0.004114
0.000874
-0.003204
-0.009174
-0.008919
-0.003641
-0.000874
0.001675
0.002002
0.000328
-0.000218
0.000291
0.001129
0.002330
0.005097
0.004114
0.000983
-0.000983
-0.002257
-0.002840
-0.002985
-0.003131
-0.001347
-0.001747
-0.003568
-0.002112
0.002585
0.004624
0.004223
0.003459
0.002221
-0.000255
-0.001529
-0.000837
0.000255
0.001784
0.003058
0.004769
0.004660
0.002803
0.003058
0.002985
0.001238
0.000073
0.000983
-0.000255
0.000182
0.002330
0.004187
0.002730
-0.002039
-0.009902
-0.014089
-0.009611
0.000255
0.009684
0.015145
0.014817
0.009174
0.003313
-0.000036
-0.001092
-0.000728
-0.000073
0.001747
0.002985
0.003568
0.005679
0.006007
0.006699
0.003240
-0.002257
-0.005242
-0.001602
0.005643
0.012487
0.015327
0.011614
0.008919
0.006844
0.003641
-0.001456
-0.008155
-0.012815
-0.007427
0.001201
0.001820
-0.003095
-0.001420
0.000000
0.001129
0.001784
-0.000546
-0.004915
-0.006480
-0.006444
-0.007572
-0.003095
0.005534
0.010266
0.008992
0.009757
0.010521
0.002403
-0.010776
-0.016820
-0.013761
-0.005898
0.000328
0.004296
0.006080
0.008410
0.010194
0.008701
0.006225
0.000473
-0.006262
-0.009393
-0.006626
-0.000146
0.006589
0.011031
0.006626
-0.000728
-0.001056
-0.000364
-0.003641
-0.005716
-0.002985
-0.000582
0.001238
0.006444
0.011941
0.011978
0.007281
0.000000
-0.009866
-0.014817
-0.011213
0.001238
0.013325
0.019077
0.015545
0.003568
-0.011796
-0.020460
-0.017693
-0.003677
0.013943
0.029380
0.031091
0.014854
-0.013616
-0.036260
-0.039865
-0.023373
0.003022
0.024574
0.030909
0.022681
0.008228
-0.007136
-0.017766
-0.020351
-0.012633
0.000874
0.014417
0.022390
0.021880
0.008264
-0.010958
-0.024829
-0.026467
-0.016055
-0.002403
0.008410
0.013325
0.012706
0.009720
0.004442
-0.001930
-0.006772
-0.007536
-0.003131
0.001092
0.002476
0.003495
0.002439
0.000000
-0.001529
-0.003495
-0.004260
-0.003641
-0.002112
-0.000910
0.001383
0.003568
0.002075
-0.001383
-0.004478
-0.008410
-0.010885
-0.008119
-0.002330
0.003895
0.008555
0.007682
0.001347
-0.005242
-0.007864
-0.006298
-0.002803
0.000546
0.001056
-0.000218
0.000328
-0.000036
0.000619
0.002767
0.003932
0.002876
0.001019
-0.000109
-0.001711
-0.002512
-0.000837
0.000000
-0.000255
0.000000
0.000182
0.000255
-0.000036
-0.000036
0.000692
0.000364
-0.000692
-0.001565
-0.000328
0.000910
0.001784
0.002366
0.000400
-0.001638
-0.001311
-0.000364
0.000400
0.001747
0.002949
0.004296
0.003750
0.001347
0.000728
0.000255
0.000146
-0.000619
-0.001238
0.000182
0.002184
0.003131
0.003823
0.003604
0.001019
-0.001347
-0.000291
0.000728
0.000765
0.002257
0.000619
-0.001747
0.000582
0.003022
0.003131
0.004187
0.001056
-0.001930
-0.002985
-0.002985
-0.000874
0.001930
0.005060
0.006335
0.005133
0.005679
0.004223
0.002767
0.002694
0.004405
0.005024
0.004005
0.002912
0.001056
0.000801
0.002039
0.003058
0.003095
0.000983
-0.000655
0.000328
0.003495
0.005242
0.004660
0.002585
0.002075
0.004187
0.005716
0.005570
0.003240
0.001930
0.001784
-0.000109
0.000109
0.002330
0.005133
0.005679
0.005097
0.004405
0.005789
0.006371
0.005315
0.004041
0.003859
0.002112
0.002221
0.002512
0.001565
0.001238
0.001201
0.001930
0.002840
0.005934
0.005934
0.005789
0.003677
0.002366
0.001565
0.002476
0.002767
0.001420
0.002658
0.003641
0.002476
0.003495
0.006371
0.007754
0.005279
0.002840
0.000000
0.000910
0.003495
0.004769
0.005352
0.003677
0.003386
0.002767
0.002221
0.001930
0.002366
0.003058
0.003932
0.004806
0.004260
0.003167
0.002803
0.001602
0.001893
0.002767
0.002840
0.004260
0.004769
0.004769
0.005861
0.006116
0.004551
0.002548
0.002949
0.004223
0.004551
0.003677
0.002221
0.001383
0.001311
0.004951
0.007063
0.002912
-0.000546
-0.001274
0.001857
0.006553
0.004660
0.000692
0.002330
0.006808
0.007500
0.005024
0.004405
0.004878
0.006116
0.006116
0.005534
0.005898
0.001493
-0.002767
-0.002112
0.002112
0.004551
0.003386
0.003277
0.003349
0.002658
0.002949
0.003641
0.004150
0.005424
0.004988
0.002548
0.001857
0.004005
0.003095
0.003713
0.003677
0.001347
0.000874
-0.001056
-0.001930
0.000146
0.001857
0.005242
0.005497
0.006225
0.009648
0.005716
0.003568
0.001784
0.003240
0.003349
0.005388
0.003167
-0.000437
-0.005643
-0.006444
-0.001820
0.006298
0.013871
0.015181
0.009466
0.000983
-0.006626
-0.002330
0.004296
0.003568
0.003604
0.008228
0.008992
0.004077
0.000255
-0.000983
-0.000182
0.001092
0.005461
0.008337
0.004260
0.000655
0.001784
0.003750
0.002730
0.001165
0.002949
0.005679
0.006844
0.005789
0.004514
0.002730
0.001311
0.002694
0.004405
0.006917
0.007063
0.005971
0.005315
0.003277
0.003895
0.004951
0.002876
0.002912
0.002439
-0.001274
-0.002221
0.001638
0.005315
0.006225
0.008264
0.009393
0.006116
0.003422
0.000582
-0.001165
-0.001201
-0.000291
0.001711
0.004150
0.007063
0.008119
0.005352
0.000874
-0.001930
-0.000546
0.003932
0.006844
0.006407
0.003058
-0.001784
-0.003968
-0.004478
-0.002512
0.002512
0.006153
0.006189
0.005461
0.003240
0.001930
0.002621
0.004878
0.005971
0.004624
0.003349
0.002840
0.003495
0.006480
0.008847
0.010084
0.010157
0.007281
0.003968
0.003932
0.004660
0.002512
0.001602
0.001857
0.001129
-0.001966
-0.003932
-0.001675
-0.001638
-0.002585
-0.000910
0.004369
0.008301
0.008847
0.010922
0.011577
0.010157
0.008337
0.007099
0.006407
0.008410
0.010048
0.007645
0.004223
0.002912
0.004696
0.008119
0.010230
0.010485
0.010376
0.006772
0.003386
0.002075
0.003495
0.007172
0.009611
0.011978
0.010740
0.008737
0.009939
0.010521
0.010631
0.010084
0.010266
0.009211
0.008810
0.008337
0.006116
0.001966
-0.001493
-0.005133
-0.005752
-0.007281
-0.007536
-0.007937
-0.005825
0.008519
0.017839
0.024647
0.028979
0.016164
0.016783
0.022535
0.022426
0.027887
0.011577
-0.010376
-0.025921
-0.019878
-0.000255
0.011650
0.022171
0.013652
-0.005752
-0.007973
-0.005716
-0.000400
0.003131
0.001784
0.000910
-0.002184
-0.003058
-0.003713
-0.001347
0.001274
0.000109
-0.000073
-0.002439
0.000000
0.004551
0.004988
0.005607
0.005424
0.000328
-0.002184
-0.001602
-0.000291
-0.000983
-0.001092
-0.000473
-0.001893
-0.002184
0.000510
0.002876
0.004296
0.003022
0.000837
0.000874
0.001056
0.003677
0.006225
0.007463
0.007645
0.004296
0.000655
-0.000255
0.000765
0.002840
0.003277
0.004077
0.002876
0.001274
0.002221
0.004077
0.004806
0.004332
0.006407
0.005388
0.001238
-0.001311
-0.001201
0.000218
0.001383
0.001019
-0.001711
-0.003349
-0.001784
0.002985
0.006808
0.006189
0.004624
0.001893
-0.001056
-0.001092
0.001602
0.004187
0.004842
0.004369
0.003495
0.003459
0.004114
0.003823
0.003495
0.001930
0.003459
0.005534
0.004551
0.002585
0.000582
-0.000582
-0.001711
-0.004296
-0.005643
-0.006225
-0.004951
-0.002148
0.002221
0.005570
0.006444
0.005206
0.003422
0.002876
0.002912
0.000692
-0.001747
-0.000473
0.001456
-0.000582
-0.002621
-0.000692
0.001019
0.001456
0.003786
0.006808
0.007318
0.007864
0.006881
0.005461
0.008519
0.010849
0.009356
0.006735
0.002730
-0.000291
0.000218
0.002512
0.002548
0.004733
0.009538
0.012596
0.014344
0.014308
0.012633
0.009902
0.008009
0.006735
0.005242
0.004260
0.006589
0.007645
0.006699
0.007208
0.009830
0.010084
0.008737
0.005570
0.003313
0.002694
0.002985
0.005934
0.011140
0.016929
0.014162
0.008446
0.009757
0.009502
0.002767
0.001747
0.003277
-0.002330
-0.004077
-0.000364
0.002694
0.007572
0.013907
0.018094
0.014890
0.006116
-0.001565
-0.006954
-0.008155
-0.005461
-0.001201
0.001019
0.004005
0.009393
0.012378
0.012487
0.009138
0.003459
-0.000073
-0.000765
0.000582
0.001238
0.002803
0.004114
0.004041
0.003786
0.003131
0.002039
-0.001347
-0.002184
0.001711
0.004806
0.005534
0.003895
0.002767
0.002148
0.000364
-0.000291
-0.000400
0.000947
0.001638
0.003167
0.004260
0.004988
0.009174
0.009648
0.006080
0.002585
-0.002257
-0.009575
-0.010594
0.000510
0.010631
0.012087
0.008883
0.005242
0.000582
-0.004514
-0.008410
-0.010995
-0.008665
0.000000
0.004915
0.010303
0.010012
0.005497
0.003204
-0.003277
-0.006007
-0.004260
-0.002148
0.003968
0.007172
0.005461
0.002585
-0.000728
-0.005133
-0.006189
-0.000947
0.002476
0.004223
0.003677
0.005024
0.004405
-0.000619
-0.003677
-0.004587
-0.003531
-0.001675
-0.001274
-0.000619
-0.000510
0.001019
0.002767
0.001893
0.005206
0.003713
-0.000874
-0.000546
0.002403
0.003677
0.005607
0.009029
0.015181
0.009138
-0.003131
-0.016892
-0.022535
-0.017293
-0.011395
0.007281
0.024210
0.026868
0.013543
-0.004187
-0.016055
-0.022827
-0.021734
-0.011759
0.001966
0.011541
0.016201
0.017584
0.011249
0.002476
-0.005279
-0.011395
-0.009538
-0.003240
-0.000837
0.001274
0.002548
0.003641
-0.000182
-0.004806
-0.007900
-0.008555
-0.003968
0.001056
0.007318
0.009793
0.008410
0.002949
-0.004587
-0.008956
-0.013070
-0.015909
-0.016638
-0.013652
-0.007208
-0.002002
0.005934
0.011177
0.005170
-0.003386
-0.005170
0.001311
0.004915
0.001675
0.003932
0.010157
-0.002294
-0.022681
-0.017293
-0.005934
-0.007318
0.004878
0.014562
-0.000182
-0.015545
-0.011031
-0.000619
0.002767
-0.001893
-0.006335
-0.004806
-0.001784
0.000328
0.006954
0.009065
-0.000619
-0.007318
-0.004769
-0.003750
-0.005789
-0.006844
-0.004988
-0.003277
-0.001238
-0.001456
-0.001893
-0.002730
-0.005170
-0.007682
-0.007063
-0.005934
-0.006189
-0.009502
-0.012087
-0.012232
-0.012232
-0.008446
-0.004769
0.000146
0.006189
0.010995
0.013943
0.011395
0.010885
0.008410
0.003204
-0.002184
-0.005570
-0.007136
-0.004260
-0.000255
0.002767
0.003022
0.005352
0.006262
0.001747
-0.003859
-0.007208
-0.006954
-0.003968
-0.000874
-0.000328
0.000364
0.001456
0.001893
0.001529
-0.000546
-0.004478
-0.008009
-0.009575
-0.010194
-0.010849
-0.009830
-0.008956
-0.007026
-0.004624
-0.002840
-0.002039
-0.001238
-0.000291
-0.001383
-0.002840
-0.000655
0.001420
0.003750
0.006990
0.006589
0.006662
0.006517
0.005570
0.003531
0.003095
0.002148
0.001747
0.003495
0.004951
0.005133
0.005971
0.006335
0.005424
0.005024
0.004514
0.001347
-0.000983
-0.002184
-0.003823
-0.002949
-0.001274
0.000218
0.002439
0.004369
0.003204
0.001092
0.001129
0.001201
-0.000582
-0.001311
-0.001893
-0.001201
0.000692
0.001201
0.001347
-0.000328
-0.002366
-0.002403
-0.001383
-0.001711
-0.002658
0.000255
0.002257
0.004442
0.005752
0.004041
0.001784
0.001201
0.004223
0.007208
0.008191
0.007682
0.006407
0.003823
0.000582
-0.000765
-0.001638
-0.003859
-0.002840
-0.001383
0.002002
0.007245
0.009684
0.008446
0.005898
0.002658
-0.001092
-0.002876
-0.002949
-0.001784
0.001201
0.004005
0.005388
0.005170
0.002621
0.000692
-0.000182
-0.000655
0.000947
0.002694
0.004223
0.004624
0.004041
0.004005
0.002148
0.002330
0.003786
0.005570
0.005789
0.003641
0.001930
0.000910
-0.000437
0.001165
0.002876
0.003313
0.003422
0.004041
0.004260
0.004260
0.003604
0.003713
0.004878
0.004332
0.005497
0.007427
0.008446
0.008592
0.007864
0.007609
0.007281
0.005607
0.004587
0.004114
0.005934
0.007500
0.007281
0.006844
0.006262
0.004587
0.003568
0.004041
0.003895
0.003750
0.003968
0.004405
0.005497
0.007427
0.008737
0.008446
0.008992
0.008555
0.007354
0.006553
0.006553
0.006844
0.007572
0.008737
0.009247
0.008555
0.007354
0.006954
0.006116
0.005971
0.005279
0.006043
0.006517
0.005789
0.005170
0.004951
0.004005
0.003677
0.003823
0.004806
0.006626
0.007572
0.007427
0.005861
0.004587
0.003604
0.002840
0.002585
0.002767
0.002476
0.003095
0.003604
0.004005
0.004551
0.004624
0.005133
0.006116
0.007208
0.008483
0.008847
0.008264
0.007172
0.005934
0.004551
0.003422
0.003677
0.004296
0.004624
0.005388
0.005898
0.005825
0.004769
0.003859
0.003058
0.004187
0.005097
0.006444
0.006589
0.007463
0.008046
0.007390
0.006881
0.006735
0.004624
0.002803
0.001201
0.001311
0.003859
0.003422
0.002221
0.003968
0.004478
0.003968
0.003823
0.003604
0.004442
0.003568
0.004587
0.006626
0.006480
0.004842
0.003786
0.005352
0.004733
0.003932
0.006844
0.009174
0.007754
0.005607
0.006371
0.007427
0.007099
0.006772
0.004842
0.004041
0.003095
0.003313
0.007463
0.002221
-0.001129
0.007281
0.004369
-0.000510
0.003277
0.003313
0.001238
0.003604
0.005934
0.006043
0.006954
0.009575
0.007900
0.005352
0.004551
0.002366
0.001565
0.001893
0.001930
0.003750
0.004660
0.004624
0.003058
0.000036
-0.000073
0.000582
0.002148
0.003495
0.003531
0.003531
0.004223
0.003386
0.002912
0.000364
0.000728
0.002548
0.004077
0.004769
0.002985
0.002184
0.003313
0.002621
0.000546
-0.000328
0.000328
0.004296
0.007754
0.009538
0.008155
0.006407
0.004114
0.001129
-0.003386
-0.004878
-0.000983
0.001092
0.002658
0.003713
0.007172
0.009830
0.008410
0.010667
0.004806
0.000073
0.003386
0.001383
0.001311
0.003859
0.006407
0.008264
0.004514
0.001201
0.000109
-0.001019
0.000073
0.000910
0.005424
0.010849
0.012269
0.009284
0.004915
0.001019
-0.001820
-0.001529
0.002730
0.006225
0.007900
0.008774
0.009575
0.008810
0.006407
0.005097
0.003349
0.001456
0.002439
0.003531
0.006335
0.009502
0.009575
0.010048
0.009939
0.007172
0.004842
0.005024
0.007172
0.008810
0.011177
0.010922
0.009720
0.007572
0.004223
0.003495
0.005060
0.006881
0.009029
0.011650
0.013943
0.015436
0.015909
0.014599
0.012123
0.009393
0.007682
0.006298
0.007063
0.008956
0.009866
0.012232
0.012378
0.009684
0.008082
0.006626
0.006298
0.007026
0.009101
0.011213
0.011723
0.011650
0.011541
0.008009
0.006844
0.009429
0.010303
0.008046
0.005315
0.003095
0.002439
0.000655
-0.001092
-0.001857
-0.004041
-0.004806
-0.001565
0.000655
0.004442
0.006444
0.005898
0.007427
0.010376
0.014380
0.018239
0.012997
0.012961
0.011140
0.009902
0.007172
0.000837
-0.007318
-0.012596
-0.011723
-0.001092
0.011031
0.017839
0.019514
0.015800
0.009975
0.001893
-0.006225
-0.010121
-0.010339
-0.008883
-0.005461
-0.004332
-0.004260
-0.008119
-0.014708
-0.017293
-0.002476
0.030654
0.053590
0.042304
0.010922
-0.012050
-0.012779
-0.003495
0.000910
-0.002840
-0.007026
-0.009101
-0.009101
-0.005060
-0.002002
-0.004478
-0.006262
-0.004878
0.002330
0.010194
0.011905
0.005060
-0.000036
0.000692
0.000983
0.003459
0.003568
-0.001274
-0.007172
-0.010740
-0.010776
-0.007172
-0.002148
0.000983
0.003313
0.006225
0.006553
0.006043
0.003677
0.000291
-0.001056
-0.001347
-0.002912
-0.007245
-0.008009
-0.003095
0.001930
0.005206
0.004660
-0.002075
-0.006699
-0.008774
-0.006589
-0.003349
0.000692
0.004624
0.002112
0.000983
0.002257
0.006917
0.004769
-0.006116
-0.012487
-0.017329
-0.020824
-0.018895
-0.006553
0.002184
0.004624
0.012414
0.020897
0.017839
0.009029
-0.001638
-0.011614
-0.011577
-0.011177
-0.013106
-0.012706
-0.009757
-0.003568
-0.000328
0.000619
0.003713
0.002439
0.000400
-0.000182
-0.001019
-0.001311
-0.002221
-0.000400
0.002694
-0.001930
-0.004478
-0.002439
-0.001493
0.000364
0.001456
0.000000
-0.003131
-0.009793
-0.009429
-0.002548
0.001092
-0.000218
-0.001383
-0.001893
-0.003277
-0.003349
-0.004624
-0.008592
-0.010667
-0.003167
0.004551
0.007572
0.011104
0.007937
0.002002
-0.001747
-0.003823
-0.008228
-0.008919
-0.006444
-0.004951
-0.003386
-0.002476
-0.002075
-0.003277
-0.005789
-0.004769
-0.001565
-0.000728
-0.002439
0.000000
0.000983
-0.003531
-0.005170
-0.005497
-0.002585
0.000255
-0.001420
-0.006298
-0.005461
-0.004077
-0.003095
-0.002148
-0.002294
-0.004587
-0.004405
-0.002512
0.000510
-0.003786
-0.005461
-0.004478
-0.001420
0.001602
0.000182
-0.004405
-0.010157
-0.010776
-0.004587
0.001420
0.004551
0.006517
0.008191
0.006917
0.002548
-0.001092
-0.006626
-0.004005
0.001347
0.002148
-0.001675
-0.007609
-0.009830
-0.005242
0.001675
0.004005
0.002585
0.002767
0.002075
-0.001747
-0.002694
-0.002476
-0.002658
-0.001383
0.001675
0.006189
0.008373
0.005242
-0.000328
-0.003604
-0.006189
-0.010412
-0.005461
0.000255
0.003131
0.011140
0.009356
0.001347
-0.006699
-0.009356
-0.005825
-0.001893
0.000255
0.001238
0.003495
0.003495
-0.000437
-0.000255
0.001165
-0.001711
0.000073
0.002330
0.004260
0.003422
0.004915
0.005570
0.000655
-0.004223
-0.004150
-0.000801
-0.001383
-0.001201
0.002548
0.004696
0.003495
0.002221
-0.000692
-0.002621
-0.002949
-0.002184
-0.000546
0.000036
0.000510
0.000146
0.001201
0.005424
0.004187
-0.000182
-0.000400
0.003859
0.005789
0.005934
0.005607
0.006371
0.008301
0.014926
0.015946
0.010995
0.003349
-0.002221
-0.000765
0.001675
0.004478
0.000364
-0.010449
-0.025630
-0.032438
-0.027086
-0.016456
-0.011213
-0.007900
-0.004878
-0.008082
-0.014926
-0.016965
-0.010121
-0.000437
0.008009
0.009684
0.004769
-0.000728
-0.003859
-0.003568
0.002148
0.007900
0.009830
0.009211
0.006262
0.005643
0.006444
0.007427
0.005352
0.002112
0.001602
0.001638
0.006626
0.011978
0.015691
0.017038
0.013215
0.007864
0.003131
-0.001092
-0.002803
-0.002075
-0.000510
0.000947
0.000692
-0.000510
-0.000582
-0.000364
0.000109
-0.001638
-0.005206
-0.010594
-0.014271
-0.013070
-0.011031
-0.008483
-0.004733
-0.003386
-0.003167
-0.002548
0.000510
0.003895
0.004769
0.003495
0.000765
-0.003677
-0.005861
-0.007208
-0.006153
-0.003022
0.000692
0.000291
-0.000655
-0.001019
-0.004077
-0.005825
-0.006153
-0.003531
0.001638
0.007026
0.011504
0.012451
0.010521
0.008737
0.007463
0.006990
0.006917
0.007281
0.006881
0.003713
-0.002585
-0.007136
-0.007281
-0.006043
-0.005716
-0.004769
-0.001456
-0.000146
-0.000364
-0.001347
-0.001092
0.003131
0.006116
0.003313
-0.000983
-0.002148
0.000000
0.002658
0.003058
0.000947
-0.000218
-0.001820
-0.000218
0.000910
0.002548
0.003131
0.002112
-0.001638
-0.006262
-0.009466
-0.009429
-0.007172
-0.003786
0.002002
0.005716
0.008337
0.009575
0.010521
0.013616
0.013143
0.008555
0.003531
-0.000546
-0.002257
-0.003531
-0.001529
0.000073
0.001602
0.003568
0.002876
0.002002
0.002403
0.002548
0.001857
0.000837
-0.000146
-0.001565
-0.001638
-0.002148
-0.002658
-0.001784
-0.000983
-0.000473
-0.000546
0.000218
0.001056
0.001092
0.000655
0.001493
0.000837
-0.000692
0.000146
-0.000364
0.000291
0.001092
0.002730
-0.000619
-0.003531
-0.004478
0.001602
0.016747
0.019514
0.012524
-0.001820
-0.002840
0.005024
0.007682
0.003095
-0.007973
-0.032511
-0.049112
-0.047765
-0.021261
0.019332
0.052279
0.055628
0.029416
-0.008009
-0.035314
-0.041721
-0.029416
-0.008701
0.016019
0.033639
0.033275
0.019659
0.000582
-0.016601
-0.026467
-0.025375
-0.016456
-0.004077
0.006225
0.009356
0.005716
0.001129
-0.003604
-0.008119
-0.011031
-0.008847
-0.004878
-0.002148
-0.000546
0.001711
0.005607
0.005752
0.004114
0.002585
0.002949
0.003313
0.001966
-0.000400
-0.002876
-0.003713
-0.003386
-0.003131
-0.003204
-0.004514
-0.005242
-0.003604
-0.002912
-0.002548
-0.002767
-0.001456
0.001930
0.005352
0.008555
0.010157
0.009502
0.005133
0.000765
-0.001165
-0.000182
0.001019
0.002148
0.006881
0.009101
0.009356
0.009502
0.007281
0.001602
-0.000182
0.003095
0.004405
0.003240
0.005534
0.009648
0.010667
0.007172
0.005643
0.003932
0.001784
0.000692
0.002439
0.006007
0.008992
0.010157
0.011431
0.012961
0.012560
0.010995
0.009393
0.012087
0.014053
0.010303
0.007827
0.009320
0.011614
0.009975
0.007754
0.007354
0.007463
0.011395
0.013761
0.012196
0.009830
0.007572
0.007791
0.008701
0.009975
0.007900
0.003277
0.000255
-0.000146
0.001675
0.005315
0.010922
0.014453
0.013543
0.007973
0.001820
-0.002366
-0.002112
0.000582
0.004806
0.009466
0.011978
0.009975
0.004951
-0.001019
-0.007463
-0.009029
-0.003204
0.000291
0.000510
0.008191
0.014089
0.012269
0.010776
0.016492
0.012851
-0.000801
-0.006298
-0.004442
-0.006225
-0.003750
0.002548
0.005461
0.003313
0.002002
0.003167
0.002949
0.002439
0.003604
0.002912
-0.000728
-0.006407
-0.006480
-0.002767
0.002476
0.006917
0.005643
-0.000437
-0.007718
-0.006153
0.002803
0.008373
0.006444
0.000582
-0.002366
-0.007754
-0.010776
-0.005279
-0.000364
0.001857
0.004660
0.002112
-0.003823
-0.005097
-0.002184
0.000801
0.007645
0.009029
0.003786
0.000983
0.000619
-0.000510
-0.005424
-0.004624
-0.002621
-0.003022
0.000400
0.003240
0.002985
0.002694
-0.000582
-0.003677
-0.005570
-0.003531
-0.000218
0.001056
0.003058
0.001711
-0.001238
-0.003058
-0.005170
-0.007536
-0.008483
-0.006662
-0.002512
-0.000182
-0.000510
0.002840
0.004842
0.003895
0.001784
0.000036
-0.000437
-0.001675
-0.001019
-0.004915
-0.009429
-0.001347
0.003022
0.006407
0.007500
0.002876
-0.000874
-0.001747
-0.001529
-0.001529
-0.003823
-0.001784
0.000182
-0.000146
0.000400
0.003531
0.004915
0.003422
0.000728
-0.002330
-0.003459
-0.004041
-0.002548
0.002403
0.004187
0.003823
0.005861
0.005607
0.004842
0.004988
0.007099
0.010849
0.013288
0.012451
0.012888
0.013943
0.018094
0.022972
0.020788
0.014599
0.004551
-0.000801
0.000910
0.004150
0.008410
0.008301
0.002476
0.001711
0.010194
0.016783
0.014235
0.005679
-0.000473
-0.003386
0.002949
0.010412
0.009939
0.009211
0.011468
0.013616
0.013434
0.010958
0.010703
0.012669
0.015655
0.013252
0.013179
0.011504
0.007609
0.008774
0.007026
0.002985
0.004915
0.008665
0.009101
0.012050
0.010012
-0.000291
-0.006480
-0.007318
-0.003531
0.005279
0.013798
0.013325
0.004077
-0.001711
0.001493
0.001711
0.000692
0.003786
0.004915
0.002294
-0.000146
0.002366
0.006262
0.007536
0.005898
0.004005
0.005242
0.004587
0.004478
0.000765
-0.004296
-0.007791
-0.009284
-0.002585
0.004587
0.004296
0.000400
-0.003240
-0.007536
-0.009211
-0.001966
0.009502
0.012997
0.013980
0.012160
0.003641
-0.006626
-0.013689
-0.017548
-0.022645
-0.020533
-0.010558
-0.000291
0.006298
0.014526
0.021916
0.021953
0.011104
-0.003204
-0.013579
-0.010849
-0.006007
-0.000947
0.006153
0.014963
0.011140
-0.004514
-0.023154
-0.033785
-0.032547
-0.017438
0.003277
0.018458
0.022026
0.019696
0.013325
0.001383
-0.015655
-0.025448
-0.027086
-0.021006
-0.010885
0.002039
0.006116
0.003349
0.003349
0.000109
-0.009793
-0.019113
-0.020861
-0.011723
0.007172
0.012451
-0.006262
-0.023300
-0.033348
-0.032292
-0.018676
-0.003022
0.001529
-0.002112
-0.003531
0.000874
0.001456
-0.005497
-0.006990
-0.004660
-0.005789
-0.003349
0.000983
-0.005898
-0.013179
-0.012888
-0.008992
-0.005789
-0.003568
-0.002257
-0.004260
-0.007937
-0.008883
-0.005934
-0.001129
0.001638
-0.003459
-0.007208
-0.010776
-0.016601
-0.019040
-0.018749
-0.011395
0.005861
0.011978
0.005206
0.000765
-0.003859
-0.012706
-0.011868
-0.005424
-0.006480
-0.002439
0.006699
0.009029
0.013616
0.005861
-0.013106
-0.015909
-0.010885
-0.001966
0.008519
0.001165
-0.003277
-0.002039
-0.004733
-0.004005
-0.002002
-0.001966
-0.003968
-0.006007
-0.004733
-0.000073
0.002876
0.001857
0.000328
-0.000837
-0.004624
-0.007536
-0.014890
-0.016892
-0.010922
-0.003677
-0.002294
-0.001711
0.002658
0.003604
-0.001274
-0.003677
0.005461
0.004551
0.006517
0.007208
0.010594
0.010995
0.007609
-0.005388
-0.017256
-0.019222
-0.017985
-0.019878
-0.020351
-0.015655
-0.013070
-0.011614
-0.010266
-0.006735
-0.003823
-0.003641
-0.005170
-0.001930
-0.002294
-0.007718
-0.007937
-0.004332
-0.003823
0.002002
0.010849
0.008628
-0.002439
-0.015036
-0.015363
-0.010084
-0.007754
-0.005607
-0.000837
0.000218
0.000182
-0.003459
-0.006626
-0.007682
-0.007463
-0.009320
-0.007281
-0.000218
0.004405
0.005716
0.008119
0.005752
-0.000582
-0.005789
-0.005497
-0.004114
-0.003131
-0.003641
-0.005242
-0.006626
-0.005133
-0.003131
-0.002512
-0.003349
-0.003204
-0.005206
-0.006808
-0.003932
-0.000109
0.004296
0.005352
0.000510
-0.003313
-0.004332
-0.003713
-0.002403
0.003968
0.011650
0.015582
0.008228
-0.000182
-0.001165
0.002366
0.005861
0.010266
0.014854
0.014599
0.010230
0.005315
0.003641
0.003386
0.004551
0.000947
-0.002330
-0.009029
-0.017220
-0.023118
-0.024574
-0.024428
-0.030071
-0.035350
-0.038299
-0.031600
-0.020679
-0.009174
0.000910
0.003277
0.001857
0.002985
0.001456
0.001857
0.006116
0.009211
0.007354
0.004041
-0.000874
-0.003277
-0.003531
-0.001711
-0.000837
0.001201
0.003349
0.004005
0.005716
0.005679
0.002912
-0.000146
-0.001820
-0.003750
-0.001966
0.002439
0.004587
0.004551
0.001784
0.000364
0.001565
0.000437
-0.003641
-0.005789
-0.005315
-0.006407
-0.007864
-0.007463
-0.006808
-0.005971
-0.007536
-0.009211
-0.009320
-0.008701
-0.009174
-0.007754
-0.003167
0.007063
0.013361
0.010740
-0.000619
-0.009502
-0.002694
0.006043
-0.002257
-0.008373
-0.011140
-0.013798
-0.017438
-0.021880
-0.017548
-0.007900
-0.002876
-0.001966
0.000073
0.004369
0.005607
0.006881
0.008119
0.011796
0.011905
0.007354
0.005133
0.001019
-0.003859
-0.005206
-0.006553
-0.008082
-0.008046
-0.009356
-0.012924
-0.014708
-0.013070
-0.010303
-0.006917
-0.000510
0.007645
0.009684
0.008264
0.007318
0.005024
0.000910
-0.004369
-0.006043
-0.007026
-0.008446
-0.006662
-0.004551
-0.001165
0.001602
0.002767
0.001784
-0.001420
-0.003932
-0.005097
-0.005133
-0.004660
-0.004114
-0.002985
-0.000947
0.002548
0.005461
0.005570
0.003895
0.000182
-0.003349
-0.002403
0.000400
-0.000328
0.000510
0.002512
0.001966
0.000218
-0.000510
0.000765
0.002112
-0.000255
-0.003968
-0.005388
-0.003641
-0.003495
-0.004187
-0.002767
-0.000837
-0.000910
-0.001420
-0.000655
0.000619
0.002148
0.004733
0.005461
0.003604
-0.000255
-0.004187
-0.007136
-0.007609
-0.006335
-0.003204
-0.000801
0.001784
0.001747
-0.000182
-0.002221
-0.003750
-0.006589
-0.008228
-0.001019
0.009684
0.008082
-0.000328
-0.002002
0.001201
0.006298
0.008992
0.002112
-0.015254
-0.033020
-0.042631
-0.042559
-0.023773
0.009538
0.037535
0.044306
0.032329
0.010376
-0.015582
-0.034622
-0.038445
-0.029889
-0.008046
0.019914
0.036879
0.035569
0.021698
0.000036
-0.023191
-0.036806
-0.038044
-0.027632
-0.012414
0.001675
0.012888
0.016492
0.012487
0.004806
-0.001602
-0.006699
-0.009174
-0.011504
-0.011359
-0.004587
0.003277
0.007791
0.009793
0.008992
0.006480
0.002366
-0.004915
-0.013761
-0.018312
-0.016201
-0.011614
-0.006626
0.000291
0.006153
0.009757
0.010194
0.009284
0.007172
0.003058
-0.001420
-0.002585
-0.000109
0.003131
0.006662
0.007900
0.007718
0.006189
0.004223
0.002730
0.001092
0.000000
0.000146
0.002912
0.005497
0.006699
0.007063
0.007281
0.007099
0.006517
0.005716
0.006153
0.008665
0.011249
0.012305
0.011723
0.009393
0.007281
0.006371
0.004551
0.003349
0.002840
0.005898
0.013543
0.016419
0.008992
0.002294
0.005789
0.014016
0.018167
0.016565
0.014562
0.012451
0.010631
0.008301
0.005060
0.004769
0.005024
0.006262
0.006480
0.005352
0.005934
0.007026
0.007609
0.010266
0.011286
0.007354
0.004077
0.001420
0.000765
-0.006589
-0.007937
0.025957
0.046454
0.022098
0.000000
0.006553
0.007390
-0.005242
-0.012232
-0.005607
0.003204
0.006298
0.010776
0.013033
0.004878
0.001602
0.008810
0.012633
0.003422
-0.001493
0.006517
0.007354
0.000473
-0.003750
-0.001311
0.002621
0.003677
0.001493
0.002330
0.005570
0.005388
0.001930
0.003277
0.005242
0.002439
-0.003859
-0.007172
-0.006335
-0.006116
-0.006772
-0.003750
-0.001238
-0.007063
-0.013470
-0.013288
-0.011395
-0.012524
-0.010849
-0.008228
-0.008119
-0.010558
-0.012123
-0.012997
-0.012487
-0.013579
-0.013689
-0.012269
-0.011104
-0.008665
-0.003823
0.002476
0.003277
0.000328
-0.000910
-0.002439
-0.004442
-0.004733
-0.003895
-0.001747
-0.000692
-0.002112
-0.002512
-0.000364
-0.003204
-0.007318
-0.003204
0.000000
0.000146
0.001966
0.002184
0.000874
0.000874
0.000728
0.001347
0.002803
0.002985
0.001565
0.000073
-0.000510
0.002075
0.004187
0.003459
0.003058
0.005206
0.007318
0.007791
0.007390
0.006626
0.005570
0.003349
0.001893
0.005242
0.009211
0.010339
0.009648
0.009247
0.009830
0.008119
0.004077
0.000218
0.000582
0.005971
0.010922
0.012742
0.014380
0.014854
0.012160
0.009320
0.005570
0.003386
0.003204
0.002985
0.006335
0.010194
0.011504
0.011286
0.011541
0.010303
0.008337
0.007682
0.008483
0.009101
0.010121
0.011395
0.011832
0.010631
0.008519
0.009101
0.009101
0.007791
0.006626
0.006553
0.009320
0.011140
0.011650
0.011359
0.012742
0.012851
0.010339
0.010048
0.009684
0.008592
0.005752
0.001420
-0.000036
0.000947
0.004114
0.008264
0.014053
0.016164
0.011067
0.007245
0.005133
0.005679
0.004660
-0.002039
-0.008373
-0.011140
-0.009356
0.005315
0.014526
0.012961
0.009320
0.001165
-0.005170
-0.005789
-0.001274
0.004041
0.000983
-0.002184
-0.006589
-0.007463
0.000437
0.004624
-0.002330
-0.005242
-0.004733
-0.010521
-0.012779
-0.008009
-0.007682
-0.011832
-0.012851
-0.010084
-0.011213
-0.007099
-0.001784
0.000146
0.019113
0.040957
0.046163
0.034586
0.007827
-0.019259
-0.030617
-0.030508
-0.031600
-0.030290
-0.013179
0.022062
0.041139
0.033129
0.018349
0.006553
0.003313
0.004733
0.010266
0.016856
0.013834
0.004005
-0.009211
-0.018785
-0.020060
-0.018057
-0.013543
-0.003058
0.004478
0.012851
0.015582
0.011832
0.006699
0.000546
-0.002985
-0.006808
-0.006735
-0.003349
0.001056
0.006444
0.004405
-0.001602
-0.006808
-0.008883
-0.008774
-0.008337
-0.002439
0.005570
0.005461
0.001274
-0.001092
0.000692
0.000619
-0.002184
-0.002767
-0.000692
0.002075
0.002330
0.002621
0.002439
-0.003349
-0.010048
-0.004733
0.002075
0.000473
-0.003495
0.001201
0.010594
0.015436
0.012160
0.010012
-0.005206
-0.009429
-0.012779
0.004296
0.010849
0.005315
-0.006954
-0.011577
-0.001347
0.007063
0.009429
0.002840
-0.012596
-0.022353
-0.022790
-0.012487
0.002730
0.007318
0.007827
0.004442
0.000073
-0.005861
-0.013033
-0.008264
0.000983
0.003968
0.005424
0.006844
0.008446
0.001893
-0.002840
-0.007208
-0.012123
-0.009320
0.000000
0.010667
0.008592
0.001383
-0.005752
-0.005607
-0.005170
-0.000910
0.007827
0.002912
-0.012815
-0.017074
-0.014198
-0.008410
0.003495
0.014926
0.018858
0.005825
-0.010558
-0.015509
-0.012815
-0.002512
0.014999
0.023373
0.018749
0.006808
-0.004660
-0.010412
-0.012196
-0.008264
0.000036
0.008082
0.014635
0.012888
0.001784
-0.008155
-0.010667
-0.012269
-0.024683
-0.038772
-0.031382
-0.005133
0.013179
0.014344
0.002112
-0.006735
-0.007354
-0.003095
-0.003713
-0.010558
-0.013361
-0.015400
-0.013689
-0.003604
0.007900
0.008810
0.002112
-0.000619
-0.002694
-0.007718
-0.011905
-0.014126
-0.014854
-0.009429
-0.002658
-0.001165
-0.001675
-0.005315
-0.007536
-0.007682
-0.004296
-0.001602
0.000692
0.000910
0.000109
-0.002112
-0.008628
-0.012560
-0.012050
-0.009320
-0.004733
-0.003022
0.001638
0.005133
0.009902
0.007427
0.001529
-0.001675
-0.007572
-0.010266
-0.010521
-0.005861
-0.001456
0.001893
0.003932
0.000619
-0.003240
-0.007718
-0.009684
-0.012160
-0.011796
-0.006153
0.004624
0.013761
0.022499
0.021261
0.007390
-0.020387
-0.043360
-0.044088
-0.024137
0.007099
0.024792
0.022899
0.010376
-0.003095
-0.016310
-0.024174
-0.021407
-0.010813
0.001565
0.011504
0.013288
0.004733
-0.010776
-0.022535
-0.025302
-0.015291
0.000655
0.011504
0.014490
0.009975
-0.001420
-0.014708
-0.021516
-0.018640
-0.011650
-0.002366
0.006772
0.009211
0.003131
-0.006335
-0.012123
-0.006808
0.004296
0.005424
0.001857
-0.001383
-0.003277
-0.009393
-0.019259
-0.021552
-0.016383
-0.008883
-0.000109
-0.003349
-0.010012
-0.014308
-0.015727
-0.017184
-0.015108
-0.010922
-0.005170
0.000874
0.000000
-0.004951
-0.010303
-0.017839
-0.020824
-0.018895
-0.015545
-0.010012
-0.004369
-0.001565
-0.000510
-0.002439
-0.003786
-0.004296
-0.006371
-0.008774
-0.005279
0.003677
0.007572
0.005024
0.002876
0.002075
0.001019
-0.002476
-0.005170
-0.005497
-0.001529
-0.002476
-0.006444
-0.002767
0.003641
0.004478
0.002476
0.000510
-0.004587
-0.008919
-0.010740
-0.013179
-0.013361
-0.011213
-0.011832
-0.012305
-0.008883
-0.004296
-0.000947
0.002730
0.003167
0.003713
0.006153
0.005315
0.004150
0.003277
0.001347
0.001129
0.003823
0.006881
0.008519
0.006808
0.001747
-0.003058
-0.002257
-0.005934
-0.009757
-0.010667
-0.013616
-0.016091
-0.018713
-0.021734
-0.020351
-0.017402
-0.013616
-0.007536
-0.002439
0.002876
0.006116
0.004915
0.004733
0.011905
0.017074
0.012560
0.009356
0.004951
-0.004077
-0.005789
-0.005170
-0.007609
-0.007390
-0.005752
-0.005497
-0.004005
-0.002184
0.000473
0.000400
-0.000218
-0.001675
-0.001347
-0.005206
-0.010813
-0.008628
-0.006043
-0.005570
-0.002730
0.000983
0.003167
0.006407
0.009029
0.005206
-0.002148
-0.007318
-0.008956
-0.008410
-0.006990
-0.004696
-0.000582
0.001201
-0.001420
-0.003459
-0.003531
-0.002949
-0.003823
-0.004842
-0.005242
-0.004660
-0.004842
-0.006990
-0.006553
-0.004150
0.000765
0.005279
0.002876
0.001238
0.002439
-0.000619
-0.006844
-0.006371
-0.004369
-0.004587
-0.006480
-0.008191
-0.005170
-0.001638
-0.000510
0.000109
0.001857
0.000765
-0.004587
-0.007427
-0.004405
-0.001638
0.002658
0.005424
0.004114
-0.001092
-0.007318
-0.017220
-0.020569
-0.016856
-0.007682
-0.000910
0.004988
0.009393
0.007900
-0.002949
-0.012524
-0.015582
-0.015582
-0.010449
-0.000801
0.005206
0.005024
0.000619
-0.005170
-0.008592
-0.008009
-0.004696
0.001019
0.006553
0.008628
0.004442
-0.001711
-0.007536
-0.013798
-0.016091
-0.013361
-0.008228
-0.001966
0.004878
0.008119
0.005825
0.001019
-0.003495
-0.006699
-0.010376
-0.012378
-0.009648
-0.005716
-0.003022
-0.002730
-0.001820
-0.001711
-0.002621
-0.000947
0.001675
-0.001165
-0.003204
-0.002548
-0.002621
-0.002840
-0.001565
0.000146
0.002221
0.003022
0.001238
0.000109
0.000000
-0.000473
-0.000364
0.002694
0.005679
0.004696
0.001930
0.000036
-0.000910
-0.000837
0.002184
0.003386
0.005060
0.008119
0.010303
0.012451
0.014016
0.013907
0.012196
0.010012
0.007572
0.007500
0.007063
0.006043
0.006335
0.007536
0.010849
0.013215
0.012050
0.009284
0.005679
0.006808
0.011177
0.014308
0.013834
0.014126
0.013725
0.013434
0.014344
0.016310
0.017256
0.018895
0.018312
0.016601
0.014562
0.012014
0.009320
0.008919
0.010558
0.013980
0.017621
0.018749
0.019841
0.019077
0.015400
0.013943
0.013834
0.008810
0.015727
0.034877
0.037353
0.018094
0.005679
0.009356
0.010194
0.008009
0.006735
0.007900
0.011832
0.017475
0.019659
0.016055
0.008774
0.002658
0.004769
0.009356
0.008155
0.009429
0.009466
0.006444
0.005388
0.006517
0.008774
0.006444
-0.001493
-0.005643
0.001565
0.000255
-0.010121
-0.014016
-0.009065
-0.004041
-0.002767
-0.003531
-0.002184
-0.000874
0.000655
0.000983
0.001493
-0.001966
-0.010121
-0.011723
-0.012924
-0.011759
-0.007827
-0.007609
-0.005279
-0.007318
-0.009320
-0.009101
-0.011286
-0.009247
-0.010012
-0.011031
-0.011868
-0.013325
-0.010885
-0.009393
-0.009247
-0.009320
-0.010121
-0.008519
-0.007645
-0.007354
-0.004114
-0.000291
-0.002658
-0.008446
-0.010885
-0.007063
-0.005861
-0.005570
-0.002730
0.000000
0.005279
0.008701
0.006990
0.004405
0.002184
0.001019
-0.001857
-0.004114
-0.000036
0.002585
0.003750
0.004332
0.003823
0.003386
0.001311
0.000546
0.000328
-0.000109
0.002621
0.005679
0.006371
0.008628
0.009902
0.008628
0.008592
0.009247
0.002985
-0.002949
-0.001930
0.004806
0.008847
0.008228
0.009902
0.008446
0.006298
0.008009
0.008046
0.008410
0.008774
0.009830
0.011759
0.010230
0.006990
0.005206
0.003022
0.005315
0.013252
0.012487
0.009247
0.010813
0.010740
0.007645
0.008519
0.011723
0.011650
0.010157
0.008919
0.009029
0.012888
0.013033
0.012779
0.010667
0.010667
0.009866
0.008919
0.010521
0.011759
0.014016
0.017256
0.016601
0.009029
-0.003459
-0.008592
-0.001857
0.007791
0.014781
0.017766
0.014453
0.006553
0.004223
0.002876
-0.002912
0.000036
0.008883
0.006517
0.007245
0.008264
0.004551
0.008301
0.001784
-0.002658
0.003277
0.007864
0.003713
-0.004442
-0.002912
0.000182
-0.005097
-0.005388
-0.001420
-0.002548
-0.019841
-0.036952
-0.022717
0.012014
0.041612
0.039209
0.011359
0.005971
0.020970
0.023336
0.004733
-0.029380
-0.046454
-0.036770
-0.008737
0.022244
0.029671
0.020788
0.002840
-0.014162
-0.017366
-0.009902
-0.007463
-0.007245
-0.000437
0.004478
0.005060
0.003058
-0.002148
-0.010412
-0.018494
-0.014744
-0.005170
0.006080
0.012487
0.005971
-0.004114
-0.004769
-0.001529
-0.001638
0.000073
0.004114
0.004478
0.001165
-0.000291
-0.002548
-0.005461
-0.003240
0.001747
0.003932
0.001930
0.000036
-0.000473
-0.001602
-0.000655
0.003641
0.004624
0.000801
-0.002585
-0.000765
0.001602
0.002039
0.000437
-0.000364
-0.000837
-0.002439
-0.001675
0.001930
0.003604
0.002294
0.001201
0.003568
0.004915
0.002148
0.000146
-0.000036
-0.000546
0.001165
0.002548
0.000255
-0.003604
-0.003932
-0.000910
-0.000619
-0.004041
-0.006189
-0.003932
0.000582
0.002039
0.002257
0.003204
0.000728
-0.004077
-0.005570
-0.003786
-0.001857
0.000655
0.003713
0.003786
0.003422
0.005315
0.006189
0.006735
0.004223
0.000000
-0.001711
-0.001129
-0.001238
-0.000728
-0.001311
-0.001056
-0.000619
0.000146
0.001274
0.003604
0.004405
0.003240
0.001930
0.001638
0.002257
0.006262
0.010449
0.010339
0.007026
0.002840
-0.002257
-0.002075
0.001274
0.004587
0.009174
0.010740
0.007645
0.004405
0.005607
0.007063
0.004260
0.001930
0.004296
0.005752
0.004442
0.000291
-0.002039
-0.004514
0.001165
0.008082
0.008847
0.015181
0.012815
0.009211
0.009356
0.005352
-0.001456
-0.008009
-0.009247
-0.004660
-0.000291
0.002476
0.000655
0.001565
0.004114
0.005206
0.008191
0.009684
0.006262
-0.001311
-0.004551
-0.001711
0.004514
0.008519
0.006480
0.004478
0.003932
0.000947
-0.002621
-0.004551
-0.002002
0.002876
0.007609
0.010266
0.008082
0.002767
-0.000947
0.002112
0.004150
0.003713
0.004551
0.007754
0.009466
0.008919
0.006735
0.005497
0.004332
0.002803
0.001565
0.001165
0.002912
0.005570
0.006043
0.006444
0.006407
0.005060
0.003968
0.004332
0.004150
0.003167
0.003349
0.001092
0.000947
0.000291
-0.000400
0.003240
0.007500
0.009502
0.009174
0.009065
0.006517
0.000983
-0.001238
-0.002112
-0.004260
-0.004733
-0.001747
0.003531
0.010740
0.012706
0.014708
0.018603
0.016601
0.012269
0.007390
0.006298
0.007609
0.008009
0.005352
0.002366
0.001493
-0.000437
-0.000291
0.003823
0.008774
0.012633
0.012851
0.008628
0.006444
0.006480
0.004150
0.003859
0.004806
0.006335
0.007245
0.005352
0.006007
0.001529
-0.013215
-0.028542
-0.038809
-0.037753
-0.034950
-0.016346
0.022754
0.048493
0.063419
0.070336
0.067606
0.042886
0.000109
-0.032984
-0.061854
-0.074377
-0.067023
-0.033421
0.013070
0.044270
0.059888
0.056065
0.034331
0.004405
-0.026467
-0.046927
-0.045835
-0.025120
0.000218
0.024938
0.040338
0.036042
0.017730
-0.005170
-0.023081
-0.032656
-0.026431
-0.012706
-0.002075
0.009975
0.027341
0.035641
0.025193
0.003677
-0.017730
-0.036188
-0.042704
-0.034294
-0.020679
-0.003750
0.008847
0.016565
0.021734
0.019186
0.007354
-0.012524
-0.028579
-0.029161
-0.023300
-0.011395
0.000364
0.004114
0.000510
-0.006189
-0.008810
-0.012378
-0.015108
-0.011431
-0.004624
0.000291
0.002002
0.008774
0.008410
0.000400
-0.007864
-0.011286
-0.010922
-0.004332
0.000146
0.001129
0.005825
0.006007
-0.003349
-0.014817
-0.021552
-0.027195
-0.017111
0.008810
0.031309
0.035496
0.014890
-0.004332
-0.016638
-0.032401
-0.044306
-0.035459
-0.027960
-0.016055
0.001930
0.014999
0.013761
0.008919
0.005752
0.003277
-0.001711
-0.008883
-0.017220
-0.023700
-0.027523
-0.027814
-0.020096
-0.008883
0.003204
0.010558
0.013252
0.009975
0.001565
-0.008555
-0.019077
-0.022572
-0.020788
-0.014890
-0.004842
0.003968
0.009939
0.008701
0.004405
0.000073
-0.009538
-0.018130
-0.023154
-0.023882
-0.022717
-0.014890
-0.008228
-0.000218
0.002767
0.004551
0.002439
-0.001930
-0.007973
-0.014708
-0.019732
-0.019987
-0.019004
-0.015764
-0.011796
-0.012050
-0.013215
-0.010449
-0.008009
-0.006626
-0.003786
-0.000218
0.000728
0.000218
-0.003859
-0.007609
-0.007791
-0.007609
-0.007318
-0.004951
-0.002294
-0.004405
-0.007718
-0.004842
-0.003204
-0.005097
-0.006990
-0.008264
-0.009284
-0.011941
-0.011322
-0.009502
-0.005534
-0.003895
-0.002403
-0.006772
-0.008992
-0.007754
-0.008155
-0.008337
-0.004696
-0.002002
0.002876
0.004478
0.000655
-0.001238
-0.007718
-0.016383
-0.016965
-0.012087
-0.012451
-0.012378
-0.003968
0.003349
0.007937
0.007318
0.001311
-0.006662
-0.008992
-0.005097
-0.004369
-0.006589
-0.008446
-0.006116
-0.000874
0.002221
0.000510
-0.003167
-0.006699
-0.007026
-0.005607
-0.005352
-0.004332
-0.003167
-0.003022
-0.001311
0.000801
0.001456
-0.000328
-0.002294
-0.001529
-0.001383
0.000291
0.000146
-0.002002
-0.006298
-0.009356
-0.008919
-0.006626
-0.004332
-0.002548
-0.000218
0.001602
0.001347
-0.001311
-0.006517
-0.005570
0.007245
0.012050
0.003386
-0.002184
-0.001711
-0.002803
0.002585
0.005971
0.000328
-0.003786
-0.000291
0.001711
0.001165
0.001602
0.003131
0.004878
0.002803
-0.000146
-0.002257
-0.002148
-0.001238
0.000328
0.000473
0.000546
0.001893
0.003459
0.003568
0.001529
-0.001311
-0.003968
-0.003422
-0.001565
0.000801
0.003422
0.006335
0.006225
0.003240
0.000801
-0.000801
-0.001201
-0.001966
-0.000910
0.003568
0.004842
0.004041
0.004551
0.003968
0.004187
0.005534
0.005315
0.001019
-0.001493
0.000182
0.000801
0.003131
0.007390
0.007645
0.002985
-0.002767
-0.001857
-0.002184
0.000146
0.004842
0.007354
0.008628
0.009320
0.008519
0.009757
0.005206
-0.001820
-0.003823
-0.002148
-0.004442
-0.004077
0.001274
0.004369
0.005679
0.007791
0.001784
-0.004988
-0.004296
0.001529
0.007354
0.011905
0.015145
0.013761
0.007937
0.002075
-0.000801
-0.003349
-0.001347
-0.000291
-0.000728
0.000837
0.003932
0.006917
0.008082
0.007645
0.005679
-0.001420
-0.008592
-0.010012
-0.006080
-0.003095
-0.002112
0.000182
0.002876
0.007208
0.004988
-0.001747
-0.001711
-0.000182
-0.001092
-0.001092
0.000801
0.004551
0.003422
0.001238
0.001711
0.002658
0.002512
0.002512
0.000692
-0.001201
-0.001893
-0.000765
0.000801
0.001857
-0.001602
-0.002949
0.000801
0.003313
0.003750
0.003968
0.002585
0.002512
0.002949
0.001638
0.000692
-0.000546
0.000874
0.003750
0.003932
0.002366
0.001238
0.000910
0.001420
0.002658
0.004696
0.006335
0.006444
0.004842
0.003968
0.003386
0.002075
0.001201
0.000546
0.000837
0.002148
0.005242
0.008919
0.009902
0.012888
0.013070
0.008774
0.004187
-0.001056
-0.002075
0.003131
0.008228
0.012196
0.012888
0.011650
0.007973
0.004005
0.002767
0.004332
0.007136
0.006444
0.005279
0.006772
0.008665
0.009101
0.008737
0.006189
0.005352
0.007937
0.009284
0.006772
0.004915
0.004878
0.005607
0.009065
0.009247
0.008810
0.008119
0.006699
0.005607
0.003313
0.004260
0.006262
0.004696
0.003677
0.006517
0.008847
0.010594
0.010740
0.008446
0.005461
0.001274
0.000546
0.003459
0.003349
0.005789
0.009429
0.007900
0.003786
0.001019
0.000036
-0.001893
-0.000874
0.004587
0.004878
-0.000182
0.004296
0.012961
0.005570
-0.000692
0.004478
0.021480
0.056611
0.073103
0.055119
0.030799
0.009939
-0.012160
-0.035641
-0.049621
-0.042959
-0.026431
-0.008410
0.015108
0.034950
0.048129
0.052716
0.048165
0.037753
0.021006
-0.001857
-0.026431
-0.040374
-0.034149
-0.019186
-0.000473
0.014526
0.023373
0.028506
0.028433
0.026285
0.022026
0.017657
0.012414
0.001638
-0.009793
-0.015181
-0.016747
-0.012050
-0.000692
0.005279
0.010376
0.014453
0.015982
0.013143
0.009065
0.005097
-0.003022
-0.011541
-0.013834
-0.012779
-0.007136
-0.002949
0.005279
0.010230
0.008082
-0.005934
-0.019987
-0.017693
-0.007500
0.002184
0.006844
0.007281
0.004733
0.001129
-0.002585
-0.003531
-0.001274
0.000400
-0.000364
-0.002330
-0.006772
-0.014708
-0.024574
-0.027304
-0.023263
-0.015363
-0.006480
0.000546
0.005170
0.010084
0.011322
0.001238
-0.013834
-0.022098
-0.023810
-0.019295
-0.007500
-0.001857
0.001675
0.007937
0.006990
-0.000473
-0.008919
-0.010449
-0.008373
-0.007900
-0.006735
0.000692
0.006116
0.003240
0.000036
0.000910
-0.001602
-0.006662
-0.009284
-0.008301
-0.005825
-0.001602
0.003240
0.012997
0.016055
0.008847
0.000546
0.000655
0.000765
-0.003277
-0.004150
0.000073
-0.000182
-0.003167
-0.004806
-0.004806
-0.005534
-0.002403
0.003823
0.008264
0.006225
0.001893
-0.002148
-0.007827
-0.006480
0.002912
0.006517
0.004878
0.000473
-0.002730
-0.002002
-0.002803
-0.007208
-0.007063
-0.001820
0.002476
0.001747
0.004478
0.005097
-0.000109
0.000619
0.001747
-0.001019
-0.008847
-0.012560
-0.006553
0.003531
0.003932
-0.000765
0.002548
0.009611
0.017256
0.012560
0.000036
-0.005352
-0.002294
-0.003677
-0.003349
0.001820
-0.003531
-0.018094
-0.027341
-0.026722
-0.014162
0.004077
0.012779
0.012633
0.012378
0.013325
0.009975
0.002876
-0.002112
-0.004114
-0.000328
0.003349
-0.002403
-0.005424
-0.006662
-0.007973
-0.001930
0.006772
0.005861
0.003750
0.001347
0.001602
0.003058
-0.000473
-0.008774
-0.009320
-0.002621
0.002730
0.007937
0.015691
0.017803
0.010740
0.006080
0.002767
-0.000036
-0.003386
-0.002257
-0.001893
0.000655
-0.000983
-0.004988
-0.005315
-0.004405
0.000510
0.004187
0.007754
0.008737
0.000910
-0.011031
-0.016783
-0.012524
-0.008919
-0.002876
0.006043
0.012123
0.010012
0.002512
-0.003022
-0.005752
-0.003604
-0.001092
-0.002621
-0.003932
-0.003641
-0.004587
-0.006480
-0.003531
0.003968
0.007900
0.007609
0.005206
0.000291
-0.003422
-0.002658
0.002403
0.007937
0.004806
0.000619
-0.000910
0.000000
0.002257
0.004296
-0.000328
-0.000146
-0.000400
0.002075
0.008082
0.012742
0.009611
0.005352
0.004041
0.000619
-0.002221
-0.001311
-0.001820
-0.004769
-0.000837
0.009029
0.015909
0.016528
0.015072
0.012669
0.008337
0.002876
0.000983
0.005352
0.012524
0.021844
0.033967
0.044306
0.039719
0.026140
0.002949
-0.030071
-0.061745
-0.078236
-0.082532
-0.059196
-0.023773
-0.005279
0.006298
0.023191
0.036006
0.032074
0.020715
0.019732
0.022535
0.021844
0.017074
0.002294
-0.021880
-0.030399
-0.028251
-0.031164
-0.036806
-0.032947
-0.013725
0.007609
0.021370
0.023191
0.023555
0.023445
0.015291
0.000582
-0.014854
-0.027960
-0.032838
-0.031928
-0.026758
-0.017875
-0.004733
0.005497
0.013943
0.015400
0.006116
-0.003095
-0.013434
-0.024356
-0.028142
-0.015764
0.004405
0.014963
0.018021
0.014271
-0.001056
-0.017730
-0.023955
-0.015837
-0.000109
0.016091
0.028433
0.030071
0.016237
-0.003568
-0.020205
-0.028870
-0.032001
-0.025957
-0.016856
-0.008519
0.002803
0.011286
0.018203
0.016601
0.006007
-0.010412
-0.026540
-0.035314
-0.038445
-0.028761
-0.004296
0.022062
0.037061
0.036988
0.022827
-0.000765
-0.020751
-0.032001
-0.033894
-0.026249
-0.020133
-0.015727
-0.012961
-0.006917
0.003386
0.010449
0.009975
-0.000983
-0.016710
-0.029598
-0.031892
-0.024028
-0.012014
0.001238
0.012669
0.012524
0.004223
-0.004187
-0.007026
-0.007609
-0.006772
-0.002039
-0.000728
-0.003531
-0.007572
-0.015036
-0.025994
-0.035605
-0.037862
-0.031746
-0.023191
-0.015218
-0.007682
-0.005170
-0.006772
-0.011177
-0.016201
-0.021115
-0.024137
-0.023227
-0.021589
-0.014126
-0.002840
0.007463
0.014490
0.015545
0.014635
0.013325
0.009247
0.002512
-0.000728
-0.000655
0.000619
-0.002075
-0.009939
-0.019805
-0.026722
-0.028724
-0.028105
-0.021844
-0.009211
0.003495
0.010157
0.010485
0.007900
0.001238
-0.007572
-0.010667
-0.007390
-0.001930
0.002840
0.005971
0.008956
0.002112
-0.011067
-0.021953
-0.026649
-0.021989
-0.018458
-0.018421
-0.017074
-0.010230
-0.004514
-0.007099
-0.018567
-0.027741
-0.027377
-0.022535
-0.013907
-0.005170
0.005097
0.014198
0.016383
0.011104
0.001274
-0.009065
-0.015946
-0.018603
-0.023263
-0.017475
-0.007791
-0.004806
-0.006954
-0.005643
-0.001456
-0.002366
-0.005315
-0.006772
-0.003022
-0.000947
-0.000801
-0.003095
-0.004733
-0.003204
0.001311
-0.002730
-0.012232
-0.015800
-0.016019
-0.014417
-0.009284
-0.002439
0.004150
0.002985
-0.002075
-0.009247
-0.011759
-0.010703
-0.007754
-0.000473
0.007208
0.007026
-0.000983
-0.008009
-0.010958
-0.012451
-0.012633
-0.012087
-0.010485
-0.007099
-0.004769
-0.002621
-0.001493
-0.004150
-0.007572
-0.006626
-0.006517
-0.006116
-0.003531
-0.003750
-0.009502
-0.015181
-0.015218
-0.010813
-0.006626
-0.001092
0.003495
0.004077
0.001019
-0.002294
-0.003568
-0.003641
-0.004369
-0.004988
-0.004514
-0.005242
-0.009429
-0.011614
-0.009029
-0.005170
-0.004660
-0.001675
0.004260
0.005242
-0.000146
-0.004405
-0.004187
-0.000765
0.000655
-0.002257
-0.004624
-0.008264
-0.010558
-0.008956
-0.004660
-0.002294
-0.003349
-0.003932
-0.002221
-0.002476
-0.001347
-0.001638
-0.003531
-0.006225
-0.005024
-0.004223
-0.008701
-0.011504
-0.011832
-0.006917
0.002294
0.009575
0.011614
0.011249
0.010813
0.006735
0.000036
-0.005497
-0.007463
-0.006335
-0.003240
-0.003022
-0.001383
0.001711
0.004405
0.005206
0.003823
-0.000109
-0.005388
-0.005570
-0.002330
0.000218
0.000910
0.001493
0.000837
0.000036
-0.000546
-0.001675
-0.004223
-0.004988
-0.005024
-0.003823
-0.002330
-0.000036
0.002148
0.002985
0.002730
0.002840
0.004260
0.006189
0.008155
0.004988
-0.001056
-0.002585
-0.001675
0.000400
0.002621
0.006553
0.004660
0.000874
0.000910
0.001493
0.002112
0.003204
0.003568
0.002876
0.003167
0.003422
0.003859
0.003022
0.001893
-0.001165
-0.000291
0.001675
0.001602
0.002112
0.003495
0.002876
0.002548
0.002876
0.002075
0.000182
0.000801
0.000000
0.000182
-0.000255
0.000582
0.003422
0.004260
0.007172
0.006553
0.005279
0.004369
0.002039
-0.000473
-0.001238
-0.000728
0.000765
0.000801
0.002184
0.005206
0.006480
0.008410
0.006480
0.001347
-0.002876
-0.002621
-0.000109
0.003422
0.006844
0.005643
0.001638
-0.000036
-0.001129
-0.000910
0.000400
0.003386
0.006043
0.012269
0.016128
0.007827
-0.000364
0.000947
0.001383
-0.001383
-0.001493
-0.000473
0.001165
0.007281
0.012414
0.011359
0.006335
0.001238
0.003677
0.009793
0.010449
0.004369
0.001056
0.001857
0.004587
0.006626
0.007754
0.008446
0.009320
0.006917
0.003531
0.002221
0.000546
0.001201
0.005534
0.008992
0.008737
0.008264
0.006808
0.005060
0.004332
0.003240
0.004187
0.008628
0.009866
0.004624
0.002257
0.003859
0.004696
0.004041
0.005497
0.006954
0.008483
0.007500
0.005497
0.004951
0.003022
0.000146
-0.003459
-0.003932
-0.002184
-0.002294
-0.000947
0.001711
0.002985
0.004442
0.006917
0.010012
0.009648
0.003895
-0.001383
-0.002912
0.000000
0.001711
0.003313
0.009648
0.009538
-0.001201
0.002476
0.014744
0.010339
0.003531
0.001820
0.005898
0.009320
0.008373
0.012342
0.014999
0.011359
-0.004114
-0.016310
-0.010230
-0.001129
0.000837
0.005060
0.015837
0.024865
0.021370
0.012706
0.005388
0.000619
-0.001529
-0.006043
-0.007136
0.002148
0.013543
0.017621
0.013070
0.009320
0.009393
0.006116
0.005170
0.008119
0.010266
0.009648
0.006116
0.001092
0.000546
0.004988
0.008337
0.010667
0.014781
0.017111
0.015291
0.011177
0.008847
0.009611
0.015764
0.021225
0.022280
0.020970
0.017584
0.006225
-0.010412
-0.022790
-0.025266
-0.014672
0.005570
0.026649
0.043105
0.045253
0.031091
0.006881
-0.012487
-0.023300
-0.024829
-0.017220
0.000000
0.021006
0.036442
0.038991
0.034222
0.023009
0.003641
-0.014744
-0.022208
-0.021480
-0.015873
-0.003568
0.011213
0.022608
0.025302
0.021989
0.014672
0.007718
0.001747
-0.003786
-0.007500
-0.006699
0.000400
0.007208
0.014744
0.016091
0.012050
0.003786
-0.002840
-0.007973
-0.008264
-0.003204
0.000728
0.004915
0.005424
0.002075
0.000255
-0.000874
-0.002221
0.000109
0.004405
0.006444
0.002912
0.000036
-0.001274
-0.000837
-0.000692
-0.002803
-0.007900
-0.013652
-0.014162
-0.011723
-0.011577
-0.016419
-0.023191
-0.030108
-0.033093
-0.029416
-0.007172
0.021625
0.037134
0.026795
0.006553
0.000801
-0.001675
-0.022062
-0.041612
-0.035860
0.002184
0.040629
0.046745
0.014053
-0.024902
-0.042486
-0.040301
-0.033676
-0.022026
-0.005352
0.007354
0.005279
-0.005097
-0.012888
-0.020824
-0.024902
-0.021989
-0.014963
-0.006007
0.007208
0.015909
0.013871
0.005971
-0.001565
-0.006262
-0.005898
-0.000328
0.001602
-0.003204
-0.004260
-0.001529
0.001165
0.000983
-0.004077
-0.008737
-0.005461
-0.004114
-0.010485
-0.008373
-0.002294
-0.003422
-0.007500
-0.005097
-0.002366
-0.004915
-0.004988
-0.004005
-0.004223
-0.006262
-0.008410
-0.010157
-0.007682
-0.001820
0.000983
0.000983
0.000182
-0.002512
-0.004696
-0.008919
-0.009247
-0.004150
0.000000
0.001565
0.004587
0.003459
-0.007208
-0.016310
-0.010521
-0.005643
-0.006043
0.002803
0.005242
0.000036
-0.007026
-0.011359
-0.007172
0.002985
0.011759
0.010776
0.014308
0.007827
-0.004660
-0.011978
-0.022572
-0.024356
-0.013980
0.005352
0.016346
0.014963
0.009101
0.004187
-0.004041
-0.019732
-0.018458
-0.004077
-0.002912
-0.002403
0.004951
0.005861
0.000837
-0.009029
-0.011978
-0.006298
-0.005352
-0.002730
0.001857
0.005170
0.001420
-0.002294
-0.001784
-0.005424
-0.008737
-0.007172
-0.004951
-0.003167
-0.001565
-0.001019
0.000400
0.007500
0.012342
0.012269
0.012050
0.005861
-0.003095
-0.007827
-0.010631
-0.008883
-0.005643
-0.002876
0.000510
0.000437
0.000400
0.006699
0.011504
0.006808
-0.001165
-0.004878
-0.006990
-0.011541
-0.011104
-0.008810
-0.009830
-0.006189
0.000837
0.003604
0.005716
0.007682
0.005789
0.001019
0.000582
0.005352
0.005424
0.000328
-0.002840
-0.003349
-0.001383
-0.002658
-0.002366
-0.000182
0.000582
0.001347
0.003568
0.002512
0.003277
0.008774
0.016383
0.015873
0.005024
-0.010558
-0.020933
-0.024356
-0.021953
-0.012414
-0.001857
0.001602
-0.002803
0.000983
0.006917
0.009575
0.010922
0.008665
0.004223
-0.001274
-0.006954
-0.002694
0.004114
0.008665
0.005861
-0.000328
-0.006480
-0.010266
-0.009684
-0.002294
0.002403
0.003095
0.002366
0.004077
0.003531
0.002548
0.002403
0.001602
-0.000947
-0.004114
-0.006626
-0.006699
-0.004442
-0.001747
-0.000291
-0.002694
-0.005716
-0.001930
0.002767
0.005861
0.009138
0.007390
0.002803
-0.003932
-0.005060
0.000000
0.000000
-0.004041
-0.008301
-0.008082
-0.003095
0.000109
0.001966
0.000218
-0.002840
-0.001420
0.004114
0.008228
0.007245
0.005861
0.005861
0.002039
-0.001420
-0.003895
-0.008592
-0.013106
-0.012487
-0.006699
0.000874
0.009757
0.015982
0.020751
0.024975
0.018640
0.003240
-0.012232
-0.020933
-0.021880
-0.019987
-0.012087
-0.001201
0.005352
0.009065
0.014380
0.017875
0.013907
0.005971
-0.004187
-0.014089
-0.015946
-0.010048
0.000218
0.007281
0.008883
0.007536
0.002366
-0.006298
-0.014854
-0.018713
-0.012414
-0.003823
0.000947
-0.001165
-0.006954
-0.009975
-0.009284
-0.006116
-0.005024
-0.001019
0.006335
0.012487
0.012633
0.012160
0.013943
0.012815
-0.001493
-0.018349
-0.025302
-0.021771
-0.013834
-0.007354
-0.002840
-0.002403
-0.006626
-0.007827
-0.008410
-0.007645
-0.000182
0.011978
0.016601
0.012050
0.004041
-0.005024
-0.013761
-0.023955
-0.030399
-0.028906
-0.022936
-0.011395
0.006772
0.022317
0.027414
0.022280
0.011759
-0.002621
-0.020023
-0.034695
-0.038299
-0.033166
-0.021698
-0.003459
0.016237
0.029343
0.026067
0.012160
-0.003167
-0.018676
-0.029380
-0.033202
-0.025775
-0.010084
0.003604
0.010958
0.012560
0.009502
0.001529
-0.007572
-0.017329
-0.026467
-0.026540
-0.016128
-0.003459
0.007354
0.008519
0.005570
0.002184
-0.004260
-0.014599
-0.021006
-0.019987
-0.015218
-0.007682
-0.000182
0.004114
0.002075
-0.000692
-0.004769
-0.011650
-0.019222
-0.020497
-0.018203
-0.012596
-0.001638
0.004587
0.003131
-0.000655
-0.005934
-0.010194
-0.012560
-0.010667
-0.010813
-0.007427
-0.000473
0.003022
0.003823
0.002403
-0.002694
-0.009393
-0.007390
0.001165
-0.000728
-0.007500
-0.009320
-0.008956
-0.005861
-0.005971
-0.010084
-0.018567
-0.018094
-0.015545
-0.010376
-0.011067
-0.009502
-0.011759
-0.012524
-0.013106
-0.006954
-0.003968
0.001056
0.005206
0.003968
-0.001675
-0.005315
-0.013288
-0.012378
-0.001274
0.004951
0.000874
-0.009029
-0.015145
-0.018494
-0.012196
-0.005752
-0.004114
-0.004806
-0.004478
-0.005679
-0.010412
-0.011322
-0.009720
-0.006662
-0.002512
-0.000801
-0.000582
-0.000364
-0.001311
0.000400
0.003058
0.006116
0.014308
0.024756
0.028506
0.027268
0.021662
0.015727
0.006480
-0.001565
-0.010995
-0.019841
-0.022426
-0.013507
0.011941
0.036843
0.043287
0.026030
-0.009611
-0.042923
-0.063419
-0.074814
-0.080676
-0.088503
-0.091306
-0.089559
-0.085336
-0.073941
-0.048638
-0.019441
0.005534
0.018385
0.025885
0.028943
0.033603
0.044488
0.051915
0.049621
0.042741
0.036442
0.027377
0.023737
0.019514
0.006407
-0.012669
-0.029817
-0.041321
-0.046054
-0.041612
-0.029198
-0.018421
-0.009065
-0.001311
-0.000218
0.000182
0.003277
0.012487
0.019586
0.024465
0.026831
0.022717
0.015291
0.004988
-0.007136
-0.018676
-0.024501
-0.025885
-0.027923
-0.026722
-0.022863
-0.023409
-0.024064
-0.020606
-0.018203
-0.015291
-0.007318
-0.000255
0.002002
0.000036
-0.005424
-0.008301
-0.012232
-0.013725
-0.008046
-0.002840
-0.000983
-0.000655
0.002075
0.002949
-0.004187
-0.013579
-0.021225
-0.022936
-0.018785
-0.011067
-0.003349
0.002912
0.003677
0.002221
0.002075
-0.000437
-0.003932
-0.008446
-0.008956
-0.008992
-0.011504
-0.010667
-0.013361
-0.015727
-0.015363
-0.013106
-0.012123
-0.012342
-0.005352
-0.000073
-0.000947
-0.002039
-0.001857
-0.001602
0.002439
0.003095
0.003677
0.001893
-0.000109
-0.003422
-0.008810
-0.008191
-0.008373
-0.008264
-0.004405
-0.003422
-0.003604
-0.003131
-0.003422
-0.007572
-0.011504
-0.011140
-0.013179
-0.014854
-0.011868
-0.005461
0.001930
0.005861
0.008373
0.009757
0.007645
0.005461
0.001857
-0.001529
-0.003131
-0.006189
-0.007827
-0.005898
-0.004660
-0.005315
-0.005607
-0.007536
-0.008446
-0.005971
-0.002403
-0.000619
0.000109
0.000473
0.002439
0.005315
0.004878
0.002330
0.001311
0.000400
-0.002403
-0.003750
-0.002403
0.000510
0.001784
-0.000400
-0.003058
-0.004369
-0.007754
-0.007172
-0.005679
-0.004150
-0.001493
0.001456
0.003750
0.002730
0.001638
0.003313
0.005934
0.008009
0.008155
0.006298
0.003859
0.000837
-0.001747
-0.003386
-0.004551
-0.008555
-0.009866
-0.007245
-0.001893
0.002330
0.006772
0.012924
0.011796
0.001420
-0.002767
0.005060
0.005097
0.007172
0.015982
0.011796
-0.000874
-0.004696
-0.002767
-0.005170
-0.008956
-0.006153
-0.004114
-0.006626
-0.006480
-0.001493
0.002912
0.004769
0.003568
0.001529
-0.000364
-0.000546
-0.001165
-0.000874
0.002694
0.002439
-0.001638
-0.000983
0.000692
-0.000109
0.000765
0.003895
0.004806
0.000473
-0.004296
0.000109
0.004769
0.003277
0.001201
-0.000109
-0.001784
-0.000728
-0.000109
-0.000582
0.002439
0.005060
0.006480
0.009975
0.009611
0.004260
0.001092
0.000036
-0.002912
-0.006116
-0.004806
-0.000400
0.006553
0.007900
0.003786
-0.000291
-0.003568
-0.003604
-0.000546
0.000874
0.000728
0.003131
0.005607
0.005643
0.005934
0.004514
0.003786
0.002039
-0.001711
-0.003095
-0.001820
0.000364
-0.001383
-0.003531
-0.002730
-0.000328
0.001456
0.002039
0.002658
0.004260
0.004478
0.003495
0.004150
0.007390
0.009320
0.008519
0.005570
0.005607
0.008592
0.008046
0.004041
0.000510
-0.002257
-0.006007
-0.003932
0.001675
0.004769
0.011067
0.014417
0.012560
0.011796
0.013033
0.011868
0.011905
0.009684
0.009575
0.011723
0.010594
0.007900
0.008555
0.008883
0.008373
0.006335
0.003167
0.001420
0.001420
0.001019
0.000728
0.004077
0.009684
0.011832
0.010813
0.009648
0.011504
0.011286
0.011322
0.008737
0.004187
0.002730
0.002621
0.002366
0.002112
0.001565
0.001019
0.001347
0.000655
-0.002985
-0.004005
-0.003022
0.000473
0.003932
0.005024
0.006881
0.006917
0.006189
0.006990
0.006844
0.007572
0.005607
0.001056
0.001529
0.003786
0.002876
-0.000765
-0.001675
0.000582
0.001966
0.002840
0.001747
-0.000765
-0.002840
-0.001092
0.003932
0.009466
0.009975
0.007864
0.008737
0.010521
0.010412
0.007318
0.005861
0.006844
0.006735
0.004041
0.003422
0.003277
0.001966
0.002184
0.006517
0.007937
0.006808
0.004842
0.000582
-0.000437
-0.001383
-0.002148
-0.001274
0.002730
0.007026
0.008774
0.007572
0.003750
0.001456
0.001019
0.002949
0.004733
0.005570
0.005424
0.005497
0.002294
-0.002476
-0.001274
0.001274
0.002621
0.003422
0.008665
0.011067
0.010230
0.009793
0.009101
0.003786
0.000218
0.000947
0.001966
0.001383
0.003386
0.008046
0.008847
0.005570
0.002148
-0.000036
0.000510
0.004806
0.008883
0.008555
0.007973
0.010194
0.012123
0.010922
0.007354
0.002294
-0.003568
-0.001493
0.004332
0.005971
0.005424
0.006699
0.007099
0.004915
0.003604
0.004041
0.003495
0.002294
0.001529
0.004514
0.005570
0.009466
0.011978
0.012269
0.009247
0.003095
-0.002366
0.000546
0.006335
0.006517
0.007791
0.007718
0.003713
0.001966
0.009575
0.017256
0.018822
0.013871
0.012669
0.006262
-0.012196
-0.027377
-0.021552
-0.013288
0.000546
0.040556
0.061781
0.050823
0.025448
-0.023045
-0.065240
-0.068225
-0.032037
0.000910
0.022463
0.041284
0.044343
0.041284
0.037717
0.013543
-0.023482
-0.046126
-0.054718
-0.054755
-0.031236
0.009575
0.043141
0.055774
0.046054
0.028506
0.005170
-0.019732
-0.031418
-0.026649
-0.022899
-0.014817
0.000582
0.011650
0.017693
0.024975
0.026904
0.019514
0.003641
-0.014308
-0.016164
-0.007063
-0.002148
-0.000291
0.006699
0.008956
0.003677
0.001056
0.000182
0.000801
0.005133
-0.002985
-0.009648
-0.004442
-0.004150
-0.008119
-0.004005
-0.006007
-0.012961
-0.015036
-0.006990
0.003277
0.007172
0.005424
0.009757
0.013106
0.005789
-0.007973
-0.009684
-0.009830
-0.012888
-0.011941
-0.011504
-0.009538
-0.003750
0.002585
0.000874
-0.008373
-0.017621
-0.021334
-0.016820
-0.008155
-0.003604
0.004842
0.011614
0.002912
-0.010012
-0.012669
-0.009138
-0.000655
0.013215
0.026322
0.023846
0.009320
-0.003459
-0.013252
-0.016346
-0.020970
-0.019113
-0.021989
-0.027596
-0.024829
-0.008810
0.005716
0.005679
-0.002658
-0.013397
-0.019368
-0.015291
-0.004478
0.003859
0.010048
0.011067
0.003277
-0.015473
-0.027122
-0.021480
-0.001784
0.015873
0.020169
0.012815
-0.003240
-0.014672
-0.016091
-0.009029
-0.006480
-0.006225
-0.009393
-0.012997
-0.019077
-0.025193
-0.025484
-0.021953
-0.015764
-0.007536
-0.001638
0.001675
0.006225
0.008446
0.001529
-0.012414
-0.024610
-0.027632
-0.023627
-0.013871
-0.004332
0.000546
0.003386
0.006407
0.003568
0.000073
-0.001456
-0.004514
-0.011286
-0.015800
-0.014817
-0.004369
0.008483
0.015982
0.014344
0.004769
-0.005279
-0.012414
-0.014635
-0.013943
-0.006262
0.001201
0.001675
0.000728
-0.000655
-0.003859
-0.006844
-0.007427
-0.006298
-0.005242
-0.004988
-0.005971
-0.008992
-0.016783
-0.022426
-0.021079
-0.011686
-0.001857
-0.000874
-0.005825
-0.009648
-0.006189
-0.007354
-0.012160
-0.017475
-0.017511
-0.010958
-0.006735
-0.008519
-0.015145
-0.018494
-0.010485
0.007718
0.020751
0.024064
0.017548
0.013798
0.009902
0.008555
0.006662
-0.005424
-0.016601
-0.027559
-0.035205
-0.032474
-0.029016
-0.026977
-0.015327
-0.002112
0.010703
0.013798
0.006225
-0.005170
-0.013616
-0.020278
-0.022171
-0.017875
-0.016747
-0.019550
-0.018458
-0.012560
-0.004332
0.002294
0.003568
0.000255
-0.005570
-0.009247
-0.011941
-0.013361
-0.017438
-0.020315
-0.018458
-0.014198
-0.007245
-0.001565
0.002985
0.007063
0.006699
0.003422
-0.001056
-0.009502
-0.021589
-0.028579
-0.029962
-0.024137
-0.010084
0.000546
0.007172
0.016783
0.014053
0.010558
0.003750
-0.006116
-0.014781
-0.018931
-0.016128
-0.008847
-0.001784
0.000364
-0.000910
-0.005825
-0.014926
-0.016929
-0.013033
-0.007463
-0.006553
-0.004369
-0.004369
-0.004332
0.002112
0.005388
-0.001201
-0.013689
-0.020897
-0.021006
-0.015873
-0.006262
0.001274
0.002876
0.001784
-0.002294
-0.010084
-0.013507
-0.013616
-0.009793
-0.001493
0.006116
0.012196
0.016346
0.012924
0.007536
0.003167
-0.007463
-0.019404
-0.024975
-0.026030
-0.023591
-0.011504
0.000728
0.009356
0.014926
0.012196
0.003167
-0.005352
-0.009284
-0.009538
-0.007718
-0.007973
-0.009502
-0.007427
-0.003895
-0.002548
0.001165
0.002585
-0.000218
-0.004551
-0.007245
-0.007063
-0.007536
-0.009247
-0.007427
-0.005643
-0.004114
-0.001092
0.002075
0.001420
-0.002548
-0.007973
-0.011177
-0.009211
-0.003786
0.001602
0.004005
0.004769
0.005898
0.004041
0.002257
0.000692
0.000182
-0.003568
-0.009138
-0.009939
-0.006699
-0.002330
0.000947
0.000000
-0.003058
-0.003786
-0.004332
-0.004187
-0.002002
0.001201
0.002112
0.000364
-0.000728
-0.002112
-0.004478
-0.005315
-0.002985
-0.000765
0.000400
0.001274
0.001893
0.001201
0.004005
0.007172
0.005024
0.003641
0.003568
0.005497
0.005497
0.002803
-0.000765
-0.007937
-0.014089
-0.015946
-0.010958
-0.003167
0.005242
0.008410
0.007463
0.000947
-0.009902
-0.013725
-0.007718
-0.001602
0.002039
0.003713
0.005679
0.006262
0.005789
0.005315
0.002803
-0.001165
-0.005060
-0.004187
-0.002403
-0.001274
-0.001675
0.001893
0.006371
0.007791
0.005534
0.001165
-0.001675
-0.002876
-0.002366
-0.003313
-0.001747
0.003932
0.007754
0.007900
0.004842
0.002876
0.002403
0.005424
0.007973
0.006480
0.001784
-0.005133
-0.010194
-0.011031
-0.006298
0.000473
0.005497
0.008119
0.007463
0.004187
0.002221
0.001201
-0.001857
-0.002694
-0.001092
0.000073
-0.001019
-0.002621
-0.003531
-0.002985
-0.000874
0.000146
0.001675
0.006735
0.013761
0.016419
0.013652
0.009211
0.004806
0.000000
-0.000218
0.002039
0.001930
0.000874
0.003459
0.009029
0.010449
0.006517
0.003823
0.002512
-0.000765
-0.004842
-0.001711
0.006553
0.014490
0.021006
0.023773
0.020351
0.013980
0.006772
-0.003313
-0.007937
-0.005352
-0.002476
0.003641
0.009320
0.010995
0.011905
0.012378
0.011832
0.010958
0.009975
0.006626
0.005789
0.006043
0.008883
0.010449
0.004587
-0.001165
-0.003677
-0.003531
0.001129
0.019550
0.025120
0.010958
0.002912
0.003895
-0.003859
-0.006116
-0.001747
-0.003786
-0.012888
-0.017256
-0.005097
0.010885
0.019077
0.019186
0.012997
0.007099
0.005861
0.005825
0.001019
-0.006589
-0.006480
-0.002912
0.001165
0.005607
0.007754
0.006553
0.004551
0.003022
0.000874
-0.000692
-0.003422
-0.000619
0.009211
0.010958
0.006990
0.005934
0.000073
-0.007827
-0.004442
0.000255
0.001893
0.001966
0.002876
0.005534
0.006517
0.003932
0.000073
-0.002730
-0.005534
-0.003459
0.003095
0.006116
0.004842
-0.000182
-0.004514
-0.006007
-0.003459
-0.001602
-0.004696
-0.006335
-0.004988
-0.002221
-0.002294
0.000692
0.007208
0.006262
0.001420
-0.000328
0.000837
-0.003022
-0.006116
-0.002112
0.002403
0.002912
-0.000182
-0.002730
-0.002840
0.003313
0.012633
0.011322
-0.001092
-0.014490
-0.017220
-0.009502
0.007827
0.025994
0.025703
0.011941
-0.003422
-0.007536
-0.001675
-0.000437
-0.002840
0.001638
0.016091
0.024137
0.020023
-0.008665
-0.050604
-0.064985
-0.034586
0.001711
0.028797
0.046126
0.033858
0.002548
-0.010376
-0.008956
-0.015837
-0.022754
-0.013834
0.001711
0.017693
0.025593
0.023409
0.014635
0.002184
-0.003750
-0.001019
0.005206
0.003677
-0.003204
-0.002876
0.003786
0.010084
0.019514
0.028251
0.028105
0.015618
0.003750
-0.003349
-0.014053
-0.021006
-0.018276
-0.010995
-0.006371
0.002221
0.007609
0.003823
0.000036
-0.002476
-0.003932
-0.003786
0.001056
0.006335
0.009138
0.012123
0.009538
0.001383
-0.004696
-0.005024
-0.001274
0.000765
0.006153
0.011395
0.010885
0.003968
-0.005024
-0.009720
-0.012050
-0.007682
0.000109
0.004150
0.009429
0.015363
0.020861
0.018676
0.011759
0.004260
-0.001165
-0.000910
-0.001201
-0.000400
-0.003313
-0.006371
-0.006080
-0.004733
0.000146
0.000765
-0.000655
-0.000619
-0.004005
-0.001493
0.001420
0.000437
-0.004514
-0.012669
-0.017002
-0.020278
-0.023955
-0.026358
-0.021880
-0.015218
-0.010230
-0.007645
-0.008883
-0.017511
-0.020751
-0.008301
-0.000947
-0.001747
0.002221
0.017147
0.035059
0.045617
0.042486
0.033603
0.011140
-0.018713
-0.041867
-0.055810
-0.048238
-0.032365
-0.013907
0.003422
0.007245
-0.001274
-0.008956
-0.005097
0.001857
0.004514
0.005170
-0.000073
-0.007172
-0.008774
-0.007245
-0.007609
-0.016492
-0.024465
-0.026758
-0.020897
-0.008956
-0.002002
0.001092
-0.000036
-0.004551
-0.004005
-0.001638
0.001638
0.003677
0.002840
0.000437
-0.002730
-0.007390
-0.012851
-0.014162
-0.011322
-0.007318
-0.001638
0.001201
0.001056
0.004005
0.006116
0.003677
-0.003568
-0.008301
-0.008264
0.000073
0.005534
0.001529
-0.003859
-0.006480
-0.008919
-0.011759
-0.012232
-0.012596
-0.012160
-0.013907
-0.014817
-0.010922
-0.005461
-0.003895
-0.002767
-0.000837
0.001165
0.003313
0.004624
0.004150
0.003495
0.001893
-0.005279
-0.007427
-0.003386
-0.000910
-0.007791
-0.016929
-0.022790
-0.020933
-0.013215
-0.002694
0.010885
0.019441
0.016019
0.006808
-0.007754
-0.019732
-0.023409
-0.021625
-0.013871
0.000582
0.017184
0.026103
0.017038
-0.007318
-0.026140
-0.034695
-0.038554
-0.034149
-0.022426
-0.000619
0.021370
0.031892
0.028943
0.018057
0.008410
-0.004587
-0.022353
-0.030253
-0.025885
-0.017366
-0.004769
0.008264
0.013943
0.009174
-0.001056
-0.006662
-0.005024
0.000619
0.001129
-0.007937
-0.018858
-0.026795
-0.021989
-0.007281
0.010485
0.022208
0.024574
0.022681
0.012123
-0.004005
-0.020715
-0.023191
-0.008555
0.009939
0.020970
0.019550
0.003240
-0.010849
-0.006043
-0.001201
-0.008228
-0.021407
-0.039064
-0.052097
-0.051733
-0.045180
-0.036006
-0.019004
0.007026
0.029307
0.038590
0.029343
0.014490
0.001165
0.000400
0.006699
0.007245
-0.000291
-0.009830
-0.020861
-0.034440
-0.045653
-0.053335
-0.055628
-0.050095
-0.037680
-0.024829
-0.014089
-0.002330
0.005242
0.006844
0.006735
0.006116
0.005679
0.008774
0.015400
0.020788
0.016820
0.009939
0.004842
0.006116
0.012160
0.015946
0.011868
0.003641
-0.002476
-0.005825
-0.011067
-0.015946
-0.018895
-0.018931
-0.011723
-0.002730
0.003167
0.007609
0.003641
-0.007063
-0.017985
-0.015873
-0.004442
-0.001675
-0.007536
-0.018458
-0.028360
-0.029889
-0.024756
-0.020642
-0.021298
-0.018203
-0.016820
-0.018021
-0.021844
-0.024902
-0.027778
-0.029088
-0.023627
-0.009502
0.009538
0.017402
0.012851
0.005279
0.000546
-0.004587
-0.013871
-0.022535
-0.026868
-0.027195
-0.021225
-0.011577
-0.002294
0.004005
0.006954
0.009101
0.008847
0.005679
-0.000655
-0.004514
-0.005825
-0.003677
-0.000073
-0.001711
-0.008155
-0.013325
-0.017329
-0.019077
-0.017766
-0.018021
-0.018822
-0.019186
-0.019222
-0.019186
-0.017438
-0.012342
-0.003823
0.002476
0.005024
0.013943
0.012232
0.011286
0.006626
-0.002439
-0.009029
-0.018822
-0.024756
-0.026176
-0.019550
-0.022608
-0.028870
-0.035496
-0.034003
-0.023336
-0.012087
-0.007245
-0.007427
-0.005024
-0.000182
-0.002184
0.000765
0.007318
0.011577
0.011759
0.007536
-0.002694
-0.011395
-0.011286
-0.007791
0.000218
0.004114
0.003277
-0.003713
-0.008956
-0.013507
-0.018567
-0.015363
-0.012487
-0.010958
-0.010922
-0.015473
-0.019040
-0.017511
-0.016346
-0.014089
-0.008337
0.000109
0.004369
0.007682
0.010230
0.008446
0.005971
0.000655
-0.003895
-0.009830
-0.015291
-0.018640
-0.016164
-0.013943
-0.016892
-0.018349
-0.018094
-0.017366
-0.014999
-0.013907
-0.012997
-0.006225
-0.002112
-0.000218
0.000692
0.002658
0.001456
-0.001201
-0.001383
-0.003131
-0.007682
-0.013689
-0.016019
-0.011177
-0.006881
-0.003750
-0.003459
-0.006116
-0.009138
-0.008810
-0.007063
-0.003568
-0.000983
-0.001638
-0.002876
-0.002476
-0.002221
-0.000655
-0.001529
-0.005934
-0.011978
-0.013543
-0.009648
-0.004296
-0.002985
-0.005170
-0.006626
-0.007754
-0.009065
-0.010266
-0.009320
-0.007427
-0.006553
-0.004769
-0.002330
-0.001311
-0.003204
-0.003641
-0.002257
-0.003495
-0.003677
-0.004806
-0.006080
-0.010230
-0.014890
-0.012633
-0.009830
-0.008592
-0.009101
-0.009174
-0.005170
-0.002912
-0.004077
-0.005898
-0.004442
-0.000983
-0.000546
0.001092
0.003386
0.004405
0.001129
-0.001820
-0.005716
-0.010376
-0.012742
-0.010813
-0.006262
-0.003677
-0.000947
-0.002439
-0.006262
-0.005898
0.000073
0.003167
-0.001784
-0.006444
-0.008082
-0.011249
-0.009648
-0.003313
0.003058
0.004369
0.004187
-0.000182
-0.007791
-0.015727
-0.017184
-0.014926
-0.013434
-0.011650
-0.006153
0.000765
0.004696
0.005752
0.002039
-0.004587
-0.008810
-0.008847
-0.005789
-0.002658
-0.000510
-0.000765
-0.003531
-0.006662
-0.008774
-0.008519
-0.006225
-0.004951
-0.006699
-0.008009
-0.005424
-0.003859
-0.001383
-0.000218
0.001893
0.004005
0.004296
0.005461
0.004077
0.005643
0.008410
0.007245
0.005716
0.005352
0.004915
0.011614
0.016273
0.009247
-0.003677
-0.011431
-0.009247
0.005206
0.015108
0.013579
0.006480
0.003167
0.006007
0.011905
0.016091
0.016419
0.014417
0.016601
0.015181
0.006990
-0.003349
-0.010740
-0.004587
0.009757
0.021625
0.022499
0.018640
0.012050
0.006189
0.000546
-0.001638
0.003604
0.011395
0.014999
0.012378
0.010558
0.011213
0.012451
0.014562
0.015545
0.015363
0.015727
0.017256
0.014562
0.007390
0.002476
0.005789
0.011431
0.013616
0.003313
0.001493
0.021880
0.032074
0.025193
0.017293
0.011177
0.004915
0.000000
-0.001129
0.002694
0.006480
0.008883
0.012924
0.016091
0.013543
0.006881
-0.000218
-0.006262
-0.006444
-0.002112
0.005534
0.012706
0.013070
0.008301
0.007172
0.006189
0.002330
-0.002148
-0.004733
-0.002694
-0.002694
-0.003167
-0.000437
0.001383
-0.000801
-0.005133
-0.006954
-0.006699
-0.007682
-0.009138
-0.006881
-0.003131
-0.001274
-0.006043
-0.007172
-0.007026
-0.008847
-0.007609
-0.003568
-0.001711
-0.003277
-0.005643
-0.003349
-0.002548
-0.003604
-0.006881
-0.008046
-0.006080
-0.002075
0.000437
0.000182
-0.002585
-0.006553
-0.009830
-0.011541
-0.007827
0.003386
0.010048
0.012451
0.009975
0.003531
-0.002876
-0.009975
-0.015400
-0.016820
-0.006735
0.001420
0.002476
-0.000255
-0.002148
-0.006772
-0.018858
-0.031637
-0.031164
-0.018203
-0.000837
0.023009
0.041248
0.035132
0.018785
0.002985
-0.014235
-0.022608
-0.018713
-0.006772
0.011431
0.024792
0.028069
0.021225
0.007390
-0.005861
-0.014453
-0.015327
-0.013106
-0.013252
-0.007318
0.004223
0.013725
0.022244
0.021225
0.016128
0.011395
0.004223
-0.001493
0.001165
0.008228
0.005206
0.005206
0.004624
0.002912
0.002876
0.000510
-0.001857
-0.004624
-0.011941
-0.012269
-0.004077
-0.000255
-0.000182
0.004660
0.007937
0.003859
-0.002876
0.000874
0.007791
0.005352
-0.002658
-0.004187
-0.004405
0.001966
0.004551
-0.002403
-0.001056
-0.000837
0.005461
0.011686
0.007281
0.000255
0.000874
0.005388
0.004442
-0.004696
-0.009793
-0.007609
-0.008082
-0.010157
-0.004005
0.003459
0.005242
-0.001966
-0.011067
-0.015436
-0.009174
-0.004041
-0.014999
-0.017948
0.003932
0.025448
0.026540
0.009101
-0.017511
-0.050459
-0.060834
-0.039282
-0.006553
0.024501
0.042741
0.041867
0.030945
0.017184
0.004806
-0.007500
-0.013798
-0.019404
-0.037971
-0.045253
-0.028724
-0.007390
0.007682
0.009939
0.004150
0.000910
0.002548
0.001565
-0.004442
-0.011504
-0.010740
-0.008446
-0.011832
-0.014817
-0.012596
-0.005279
-0.001383
-0.002840
-0.007827
-0.009466
-0.002112
0.007827
0.011431
0.008883
0.001638
-0.004624
-0.008665
-0.011395
-0.011286
-0.005789
-0.004005
-0.005534
-0.006735
-0.005861
-0.002694
0.000073
-0.000328
-0.000947
0.001056
0.005133
0.008956
0.007900
0.000655
-0.007864
-0.012414
-0.012487
-0.008810
-0.004624
-0.003786
-0.004660
-0.003313
-0.003823
-0.004114
-0.001602
0.003422
0.006444
0.008628
0.010048
0.006480
0.000291
-0.006189
-0.005024
0.003204
0.007937
0.008009
0.003022
-0.006553
-0.017657
-0.020933
-0.014235
-0.007645
-0.001165
0.007682
0.010813
0.003422
-0.002949
-0.005315
-0.009902
-0.013033
-0.011614
-0.010740
-0.010813
-0.008082
0.000073
0.003968
0.003932
0.003823
0.002075
-0.002476
-0.008009
-0.008337
-0.004733
-0.000146
0.001966
0.001602
0.002075
-0.000510
-0.001893
-0.000582
-0.001893
-0.001930
-0.001893
0.001820
0.005315
0.003386
0.003932
0.000510
-0.002257
-0.000473
-0.001092
-0.003313
0.000582
0.005679
0.006553
0.005024
-0.003095
-0.012087
-0.012924
-0.008483
0.001311
0.013652
0.017730
0.010594
0.001784
-0.003932
-0.006262
-0.004842
-0.003531
-0.002985
0.000728
0.004369
0.002840
-0.000109
-0.002221
-0.001529
0.001820
0.004624
0.004769
0.001493
0.001857
0.004405
0.004733
0.001930
-0.004077
-0.007099
-0.007682
-0.005024
-0.003422
-0.000473
0.005424
0.010339
0.009866
0.006917
0.004005
-0.001019
-0.001675
-0.004478
-0.003932
0.000619
0.000437
-0.001019
-0.001747
0.000109
0.001565
0.004551
0.007572
0.008919
0.010084
0.009575
0.007099
0.002694
-0.003204
-0.008956
-0.010631
-0.008774
-0.005206
0.000073
0.005279
0.009065
0.008009
0.005024
0.003968
0.003968
0.003022
0.002330
0.000765
-0.001857
-0.004223
-0.004988
-0.006116
-0.005170
-0.002075
0.002476
0.010958
0.019768
0.027487
0.024538
0.012961
-0.001456
-0.015145
-0.022390
-0.022463
-0.017074
-0.002912
0.010121
0.019623
0.022827
0.015509
0.004551
-0.003022
-0.010376
-0.015400
-0.018676
-0.011978
0.000400
0.007572
0.009174
0.007427
0.004587
-0.002621
-0.008410
-0.006262
-0.003713
-0.002294
0.000510
0.002366
0.002912
0.000874
-0.003677
-0.005570
-0.002658
-0.003167
-0.007645
-0.010813
-0.008919
-0.004223
0.002002
0.005898
0.005352
0.003750
-0.000546
-0.008373
-0.013543
-0.010667
-0.004733
-0.000437
0.000473
-0.000582
0.000000
0.001784
0.002949
0.002112
0.001456
0.000255
-0.003895
-0.008082
-0.004551
0.002585
0.004150
0.000983
0.000182
0.000874
0.000255
-0.000218
0.001165
0.002112
0.001893
0.001311
0.001019
0.000874
-0.000146
-0.003859
-0.010813
-0.010558
-0.003058
0.004806
0.007318
0.006444
0.004587
0.002694
0.000036
-0.002658
-0.005352
-0.006917
-0.005388
-0.002002
0.000947
0.000473
-0.000837
-0.001019
-0.002148
-0.000437
0.002621
0.005643
0.005789
0.003641
0.002257
0.000728
0.000328
0.000000
-0.000036
0.001638
0.002621
0.004260
0.004223
0.003786
0.002184
0.000655
-0.000692
-0.002075
-0.001638
-0.000837
0.000655
0.001966
0.002585
0.002912
0.003022
0.004769
0.002803
0.000546
0.000728
0.001711
0.003022
0.002767
0.004806
0.006007
0.007682
0.005060
0.001857
-0.000400
-0.001565
-0.001711
-0.002912
-0.004223
-0.003604
-0.001383
0.000947
0.004041
0.009575
0.015291
0.017111
0.014089
0.008191
0.000837
-0.006553
-0.012014
-0.014672
-0.011832
-0.006662
-0.002075
-0.000146
0.002221
0.005607
0.007900
0.008592
0.005861
0.005170
0.006917
0.009575
0.010121
0.005352
0.000291
-0.003859
-0.004150
-0.002985
-0.001784
-0.001347
-0.001165
0.000473
0.002585
0.005279
0.006407
0.003932
0.000655
-0.001857
-0.003313
-0.004005
-0.002840
-0.000400
0.001747
0.001456
0.001784
0.003750
0.004260
0.003349
0.001383
-0.000182
-0.001092
-0.002294
-0.001930
-0.000619
0.002548
0.003422
0.004587
0.005679
0.005716
0.005716
0.005570
0.004150
0.000801
-0.001129
-0.000109
0.000692
0.001711
0.002002
0.002840
0.002803
0.002148
0.003167
0.003968
0.005133
0.006043
0.004988
0.003859
0.005097
0.006225
0.005643
0.004696
0.003568
0.000837
-0.002403
-0.003604
-0.001747
0.000837
0.002294
0.002184
0.002658
0.003641
0.002148
0.001529
0.003386
0.004696
0.002294
0.000765
0.000765
0.000582
0.001711
0.003604
0.006080
0.005971
0.003604
0.000146
-0.002257
-0.003604
-0.001747
0.001456
0.004624
0.007390
0.009757
0.009575
0.006772
0.006007
0.006553
0.005534
0.004150
0.004077
0.005643
0.006298
0.006808
0.006735
0.005024
0.004187
0.000728
-0.000947
0.000109
0.001966
0.004733
0.006116
0.004369
0.001092
-0.000473
-0.000400
-0.000910
-0.000728
-0.000146
0.001347
0.002148
0.002512
0.003058
0.002840
0.005861
0.008992
0.009830
0.008228
0.005388
0.005971
0.007827
0.009211
0.008301
0.006662
0.004296
0.000983
-0.002403
-0.004478
-0.002912
0.010740
0.024792
0.015108
0.003895
-0.002767
-0.011067
-0.002912
0.014708
0.020642
0.016273
0.010485
0.006954
0.001675
-0.002257
-0.004769
-0.002876
0.003968
0.006990
0.006844
0.007427
0.009793
0.008519
0.002403
-0.003459
-0.004005
0.000619
0.006298
0.011686
0.014271
0.012924
0.007754
-0.000655
-0.004114
-0.002876
0.000910
0.004951
0.008228
0.009684
0.005898
0.002694
0.003823
0.004696
0.002439
0.001966
0.003131
0.002730
0.003349
0.003386
0.001784
0.002039
0.004114
0.005388
0.006007
0.006153
0.005534
0.003677
0.002439
0.002257
0.004478
0.005679
0.004478
0.001820
0.000983
0.004514
0.007937
0.007791
0.004551
0.001165
0.001274
0.002876
0.003204
0.003240
0.002039
0.003313
0.005279
0.005971
0.004915
0.001383
-0.000036
0.001056
0.002912
0.004442
0.005424
0.004369
0.002039
0.001529
0.003349
0.005607
0.006626
0.007208
0.007536
0.006954
0.006335
0.006116
0.005789
0.005534
0.004442
0.005534
0.005716
0.004223
0.002148
0.002294
0.003422
0.003459
0.004187
0.004041
0.003240
0.001784
0.001602
0.002039
0.002075
0.001966
0.003240
0.004187
0.004696
0.004223
0.002585
0.003058
0.003349
0.004733
0.004696
0.001930
0.000218
-0.000218
0.001019
0.002112
0.001747
0.004041
0.003859
0.003131
0.001565
-0.000109
-0.004296
-0.005352
0.003022
0.006626
0.005971
0.007354
0.010048
0.000874
-0.015363
0.007172
0.042595
0.039464
0.010194
-0.019222
-0.012596
0.008046
0.015363
0.010230
0.004551
0.003968
0.002949
-0.002184
0.000218
0.001420
-0.001165
-0.001420
-0.001129
0.001019
0.006954
0.012997
0.013143
0.009356
0.008228
0.005643
0.003022
0.001056
-0.001019
-0.002039
-0.000218
0.002366
0.001638
0.003131
0.003713
0.003531
0.004988
0.004842
0.003968
0.000728
0.000655
0.002949
0.004041
0.006080
0.004587
0.002694
0.003058
0.001420
0.001930
0.003422
0.006808
0.011177
0.014126
0.014999
0.012851
0.007354
0.002148
-0.004077
-0.003713
0.000910
0.002294
0.002366
0.004369
0.002912
0.005060
0.009538
0.010012
0.010922
0.008774
0.005024
0.003568
0.001820
0.002512
0.004223
0.008410
0.012232
0.013106
0.011104
0.004842
-0.003823
-0.012451
-0.012633
-0.003240
0.004915
0.008737
0.009975
0.008228
0.004005
0.002803
0.003677
0.002985
-0.000400
-0.005170
-0.006371
-0.003641
-0.002476
-0.003531
-0.002512
-0.000765
0.000218
0.003968
0.010194
0.006189
0.001930
0.004405
0.001056
-0.000036
0.003204
0.002694
0.001857
-0.000146
-0.000837
-0.001893
-0.004150
-0.000801
0.002148
0.005789
0.007609
0.004442
0.004915
0.003677
0.004260
0.002257
-0.000182
0.000073
-0.001129
-0.001311
0.001493
0.002403
0.001092
-0.002257
-0.001201
0.001711
0.003349
0.004660
0.004951
0.008337
0.006990
0.001129
-0.000728
-0.001493
0.001347
0.005170
0.004951
0.005352
0.005861
0.004296
0.003641
0.002548
-0.000328
-0.001274
0.000619
0.002658
0.002658
0.002767
0.004114
0.005388
0.005789
0.008628
0.007937
0.006808
0.004842
0.005679
0.008046
0.009356
0.010995
0.012924
0.008737
0.003823
-0.000473
-0.002403
0.000473
0.003968
0.005097
0.006189
0.007318
0.007172
0.006626
0.008483
0.007754
0.002621
-0.000364
-0.002585
-0.004114
0.000364
0.005971
0.009793
0.010266
0.009029
0.008119
0.005934
0.002876
0.002730
0.003240
0.004041
0.003058
0.002912
0.003131
0.005170
0.006662
0.004951
0.003786
0.002985
0.002912
0.004514
0.004951
0.003895
0.001201
0.000036
0.001711
0.004842
0.007026
0.008883
0.007609
0.005242
0.004660
0.003677
0.003895
0.002221
-0.000983
-0.000765
0.002840
0.005461
0.005388
0.006626
0.005825
0.000328
-0.003058
-0.000073
0.002403
0.003786
0.005497
0.006116
0.005497
0.005279
0.004187
0.003386
0.000874
0.001347
0.003932
0.005170
0.004915
0.005570
0.006335
0.003386
0.001019
0.001165
0.001711
0.003204
0.005898
0.009101
0.009393
0.006517
0.003895
0.003313
0.003495
0.002403
0.002002
0.001529
0.001638
-0.000291
0.000874
0.003386
0.002585
0.002148
0.003641
0.004478
0.002075
0.002366
0.006553
0.006662
0.003167
0.002621
0.002075
-0.000073
0.001129
0.003495
0.005825
0.005388
0.004223
0.002876
0.003131
0.003531
0.002658
0.002330
0.003531
0.004878
0.003167
0.003713
0.006007
0.005643
0.003786
0.003095
0.004296
0.002476
0.001493
0.002039
0.002039
0.001238
0.002403
0.005133
0.005097
0.004551
0.004296
0.005206
0.003677
0.000182
0.002912
0.004988
-0.000619
-0.001638
0.002694
0.005534
0.004915
0.004842
0.004696
0.003204
0.002439
0.005534
0.008301
0.007427
0.005752
0.004405
0.005315
0.006189
0.003240
0.002403
0.005570
0.007099
0.001930
-0.002330
-0.002512
-0.001383
0.003240
0.007754
0.007136
0.004733
0.003495
-0.001019
-0.001565
0.002767
0.008956
0.013215
0.010631
0.000510
-0.006043
-0.003459
0.002803
0.007864
0.007427
0.004769
0.002949
0.002221
0.001529
0.000837
0.002148
0.003531
0.003677
0.004150
0.007136
0.010230
0.011468
0.008737
0.005060
0.001857
0.001420
0.002694
0.003750
0.004260
0.004696
0.003167
0.002694
0.002548
0.000473
-0.001238
-0.003022
-0.003058
-0.001311
0.000473
0.002658
0.004296
0.005206
0.006735
0.006699
0.006881
0.008228
0.008519
0.005388
0.000874
0.000582
0.000910
0.000255
-0.000255
0.003131
0.004878
0.003313
0.003750
0.005352
0.007645
0.008519
0.005971
0.001675
-0.000146
0.002184
0.005388
0.006772
0.007572
0.008410
0.009101
0.006080
0.001602
-0.000328
0.000000
0.001675
0.003859
0.005024
0.005789
0.007463
0.006371
0.004369
0.004369
0.004696
0.004005
0.002403
0.001420
0.000546
-0.000073
-0.000328
-0.000073
0.000146
0.001602
0.003422
0.004660
0.006589
0.008191
0.008665
0.007245
0.006589
0.005388
0.005825
0.006990
0.006517
0.003022
-0.000400
-0.004696
-0.010485
-0.014926
-0.012232
-0.002112
0.009356
0.016892
0.019477
0.019441
0.018094
0.012997
0.002366
-0.009793
-0.015291
-0.012524
-0.003313
0.007463
0.012706
0.012742
0.008228
0.002840
-0.001092
-0.001893
0.000728
0.002476
0.002876
0.001347
0.001711
0.003641
0.005133
0.007026
0.006407
0.005206
0.002294
-0.001493
-0.002912
-0.003349
-0.001638
0.000692
0.003167
0.005170
0.004915
0.004223
0.002767
0.001420
0.001747
0.001456
-0.000582
-0.000218
0.002148
0.004514
0.004733
-0.001201
-0.005752
-0.003677
0.002075
0.009393
0.014490
0.012669
0.005825
-0.000582
-0.001966
0.001493
0.003968
0.002985
0.000400
-0.002803
-0.004296
-0.001493
0.002621
0.004769
0.006772
0.006553
0.004369
0.000983
0.000328
0.000473
0.002075
0.004187
0.003786
0.002803
0.001201
0.000655
0.002585
0.004806
0.004624
0.002730
0.001493
0.001129
0.001274
0.001820
0.002694
0.003750
0.003349
0.001347
0.000546
0.000582
0.001274
0.002039
0.003604
0.006954
0.009902
0.009029
0.005971
0.003677
0.003167
0.003895
0.003641
0.002403
0.001019
-0.000109
-0.000510
0.000182
0.001347
0.001747
0.001456
0.001201
0.002330
0.005315
0.006480
0.007281
0.006407
0.003713
0.001711
0.002002
0.004041
0.005825
0.006262
0.005024
0.003568
0.004369
0.004041
0.004041
0.004842
0.005352
0.006007
0.008992
0.010303
0.009684
0.007609
0.003786
0.002112
0.000364
-0.002184
-0.003677
-0.003568
0.000728
0.004551
0.005133
0.005971
0.006772
0.007827
0.008483
0.008810
0.011177
0.011140
0.009211
0.006772
0.004223
0.002148
0.000874
0.000364
0.000146
0.000400
0.002366
0.004150
0.005825
0.007500
0.009320
0.009648
0.009429
0.007754
0.006298
0.005934
0.005716
0.005716
0.005934
0.007245
0.009757
0.009575
0.006407
0.003932
0.004514
0.005825
0.004478
0.000874
0.000218
0.003058
0.006043
0.007572
0.007099
0.007136
0.006808
0.005133
0.004223
0.004187
0.004587
0.003677
0.002985
0.003823
0.006990
0.009247
0.009466
0.009720
0.009648
0.008847
0.008919
0.008046
0.006589
0.004806
0.003349
0.003313
0.004296
0.005607
0.004878
0.004660
0.006480
0.006589
0.006480
0.006954
0.006553
0.004696
0.007463
0.009611
0.006480
0.005388
0.003713
0.002476
0.004988
0.005570
0.005607
0.006262
0.006517
0.006954
0.006007
0.005570
0.005534
0.005352
0.004223
0.003204
0.005497
0.008046
0.008373
0.008446
0.008155
0.006881
0.004842
0.004405
0.005716
0.008155
0.009284
0.007718
0.005716
0.004878
0.004988
0.005679
0.005934
0.006153
0.007937
0.008483
0.006007
0.004077
0.004514
0.005934
0.006844
0.008847
0.008774
0.005424
0.002658
0.003859
0.004769
0.005461
0.006444
0.006007
0.004187
0.000874
0.005971
0.012014
0.011504
0.009101
0.003058
-0.001820
0.001784
0.005971
0.008592
0.007827
0.006153
0.003095
0.001820
0.002039
0.000546
0.003313
0.006626
0.005206
0.004660
0.003823
0.004769
0.006225
0.006080
0.006808
0.007390
0.006298
0.005279
0.005133
0.005570
0.004369
0.004187
0.009284
0.010084
0.005534
0.003459
0.002658
0.001602
0.001238
0.000582
-0.000582
-0.001092
0.001383
0.004624
0.005861
0.007026
0.006517
0.004478
0.002257
0.001238
0.004624
0.006480
0.002658
-0.000655
0.001238
0.002985
0.003459
0.004187
0.003531
0.005206
0.006116
0.005752
0.005097
0.004660
0.005861
0.004878
0.001602
0.001711
0.002876
0.004296
0.005752
0.005352
0.002803
0.002075
0.004187
0.008592
0.011067
0.009356
0.004624
0.002767
0.002694
0.000947
-0.001857
-0.002366
0.002840
0.012305
0.020096
0.018968
0.013470
0.006917
-0.000218
-0.004442
-0.004660
-0.002294
0.004951
0.013980
0.019805
0.022899
0.021625
0.018349
0.011431
0.004951
0.003349
0.004260
0.008373
0.013325
0.011759
0.007754
0.008519
0.007791
0.000255
-0.005097
-0.005934
-0.009866
-0.007754
0.006735
0.018713
0.016601
0.013871
0.014817
0.009211
0.001129
-0.001857
-0.001311
0.000364
0.003823
0.010740
0.014672
0.012487
0.007572
0.003095
0.001493
0.001711
0.001092
0.003531
0.004769
0.001493
0.002548
0.004660
0.004587
0.002840
0.001347
0.000473
-0.001930
-0.002949
-0.002803
0.000473
0.004878
0.005170
0.001857
-0.000983
-0.001311
-0.002075
-0.001747
-0.001638
0.000000
0.002184
0.001165
-0.001129
0.001238
0.001602
-0.000947
-0.001602
-0.002658
-0.003277
-0.000837
0.002730
0.006007
0.006517
0.006772
0.006844
0.005315
0.002621
-0.001529
-0.001565
-0.001529
-0.003131
-0.002512
0.000400
0.004514
0.005461
0.005861
0.006262
0.003823
0.002002
0.001784
0.002184
0.000947
-0.000437
0.001638
0.003495
0.003750
0.003167
0.004296
0.004951
0.005279
0.005388
0.004077
0.003786
0.004660
0.004988
0.005752
0.006808
0.001420
-0.001893
0.000109
0.001092
0.002548
0.005534
0.006298
0.005825
0.007136
0.006808
0.007208
0.006662
0.005388
0.007463
0.011322
0.013215
0.010230
0.004369
-0.002184
-0.005315
-0.006735
-0.007609
-0.001930
0.006080
0.010485
0.010266
0.010157
0.007463
0.002476
-0.002184
-0.005789
-0.004150
0.002366
0.006735
0.007682
0.007900
0.003968
0.000655
0.001019
0.000692
0.001675
0.004733
0.006335
0.006662
0.007172
0.004005
-0.000546
-0.003349
-0.002730
-0.000983
0.002257
0.006298
0.008737
0.009356
0.007937
0.004187
-0.000400
-0.002257
-0.003713
-0.003859
-0.001784
0.002658
0.006444
0.007864
0.004551
0.000146
-0.004514
-0.005315
-0.001857
0.001966
0.004624
0.007099
0.008665
0.009684
0.009393
0.006735
0.000510
-0.007318
-0.007791
-0.002476
0.004077
0.007536
0.005716
0.004624
0.004915
0.003823
-0.000255
-0.004660
-0.005461
-0.002366
0.006225
0.012669
0.014271
0.007791
0.000146
-0.004187
-0.003859
-0.000291
0.005279
0.005206
0.002512
0.001893
0.004296
0.003895
0.001529
0.000510
0.002730
0.003386
0.003713
0.004660
0.005424
0.002840
0.000837
0.000328
0.001857
0.002803
0.002694
0.004332
0.004806
0.006407
0.005206
0.004988
0.000874
-0.000328
-0.002112
-0.000910
0.000291
0.004332
0.007172
0.007973
0.007827
0.002912
-0.005133
-0.009830
-0.007973
-0.006116
-0.001565
0.004696
0.007827
0.008119
0.002767
-0.000473
0.000619
0.001383
-0.003204
-0.005133
0.003713
0.004260
-0.006371
-0.007136
0.000291
0.004041
0.003641
0.007645
0.011941
0.010303
0.005716
0.003459
0.000619
-0.003531
-0.004988
-0.000655
-0.000437
-0.002039
0.001056
0.007136
0.007718
0.006298
0.004332
0.004005
0.002585
0.000546
-0.000364
-0.001857
-0.003495
-0.003677
-0.000765
0.002548
0.004733
0.008737
0.011104
0.009393
0.005607
0.003677
0.002294
0.000837
-0.000510
-0.002330
-0.004551
-0.002184
0.002403
0.004150
0.004660
0.006480
0.007136
0.006626
0.005097
0.003240
0.004114
0.001857
0.001638
-0.002985
-0.002294
-0.000255
-0.003459
-0.003131
-0.003677
-0.002694
0.000473
0.002840
0.006917
0.010303
0.009793
0.008082
0.003786
0.001383
0.001201
0.001383
-0.001092
-0.002512
-0.001711
0.001165
0.004915
0.004551
0.003641
0.003131
0.002075
-0.000437
-0.002694
-0.001238
0.001129
0.003058
0.007281
0.007245
0.009247
0.011322
0.008082
-0.000036
-0.001638
-0.001456
-0.000765
0.000837
0.003277
0.006881
0.011614
0.009575
0.003349
0.002730
0.003240
0.000837
-0.000874
0.000473
0.001165
0.003277
0.005607
0.001347
-0.002439
0.002257
0.006735
0.006881
0.006917
0.005424
0.003459
0.004332
0.006262
0.002512
0.000364
0.002985
0.005534
0.007026
0.006553
0.003022
-0.000473
0.000328
0.001311
0.002949
0.005242
0.006116
0.004223
0.003240
0.004806
0.006517
0.004769
0.001165
0.000291
0.001893
0.005206
0.007063
0.005716
0.005752
0.007208
0.007864
0.006954
0.005971
0.006043
0.004187
0.003859
0.003823
0.001602
0.000692
0.000255
0.000146
0.002548
0.006954
0.009866
0.010922
0.009029
0.006844
0.005170
0.004405
0.004369
0.003167
0.002767
0.004260
0.005352
0.005497
0.004551
0.004442
0.004369
0.004260
0.005060
0.004951
0.004988
0.005279
0.005534
0.004587
0.005424
0.007281
0.007572
0.006225
0.005825
0.004624
0.002658
0.001602
-0.000947
-0.002366
0.000510
0.005607
0.010303
0.010885
0.007390
0.005752
0.007609
0.008592
0.006517
0.005789
0.005352
0.004332
0.004878
0.005607
0.005861
0.006335
0.005607
0.005352
0.006699
0.008483
0.006444
0.004260
0.003240
0.002039
0.002840
0.004369
0.004733
0.003895
0.003277
0.004405
0.006335
0.007572
0.007682
0.007864
0.007281
0.006699
0.007318
0.007536
0.006699
0.006225
0.004696
0.004187
0.003750
0.003313
0.003750
0.004551
0.005206
0.005279
0.006335
0.008774
0.003604
0.002658
0.004369
0.000910
0.004150
0.007136
0.005825
0.008155
0.006553
0.004260
0.004878
0.003786
0.003859
0.005424
0.006735
0.007318
0.006480
0.006335
0.004624
0.002876
0.002148
0.002330
0.003131
0.003095
0.003786
0.004624
0.005934
0.006116
0.007609
0.008373
0.006772
0.004660
0.002366
0.001565
0.002112
0.002730
0.004150
0.005279
0.006335
0.006990
0.007427
0.006990
0.005388
0.002476
0.002039
0.003058
0.004041
0.004915
0.006444
0.007281
0.007390
0.008264
0.008446
0.007208
0.007099
0.005825
0.003495
0.004150
0.007063
0.009684
0.010631
0.010485
0.008883
0.006043
0.005934
0.007063
0.008046
0.009065
0.009138
0.008337
0.007718
0.006335
0.004551
0.002803
0.003495
0.006553
0.007754
0.008009
0.007572
0.006153
0.005315
0.005679
0.006080
0.004696
0.004587
0.004369
0.004405
0.004041
0.003349
0.004660
0.006480
0.008628
0.007827
0.005934
0.005570
0.006116
0.007208
0.005242
0.002476
0.002876
0.006517
0.009866
0.010303
0.010084
0.007609
0.005060
0.003786
0.006262
0.009866
0.011140
0.010449
0.008483
0.005424
0.004005
0.003131
0.003968
0.005461
0.007827
0.009247
0.009101
0.007318
0.006954
0.008665
0.009174
0.007827
0.006772
0.006225
0.005570
0.006480
0.008082
0.008592
0.008228
0.007026
0.005315
0.002621
-0.002294
-0.003531
0.000400
0.007900
0.013725
0.016128
0.012487
0.004878
0.002949
0.003495
0.007864
0.010922
0.010266
0.006007
-0.000801
-0.001711
0.002002
0.005206
0.012888
0.014198
0.009939
0.008264
0.006335
0.005097
0.005424
0.006954
0.006553
0.004296
0.001857
0.002512
0.003677
0.003641
0.003786
0.004041
0.005497
0.006043
0.006553
0.008119
0.008046
0.006772
0.006262
0.005242
0.004878
0.005352
0.004551
0.005133
0.005643
0.004223
0.006371
0.009757
0.006917
0.006589
0.006371
0.003095
0.001966
0.003277
0.004806
0.005024
0.005825
0.004551
0.002694
0.000073
-0.001893
-0.002112
-0.000983
0.000146
0.004187
0.013033
0.016638
0.016929
0.013033
0.002366
-0.003167
-0.006298
-0.004296
0.002912
0.006189
0.009684
0.011468
0.007318
0.006808
0.004988
0.000364
-0.002039
-0.000036
0.005024
0.005643
0.006626
0.008628
0.004187
0.000291
-0.001165
-0.002912
-0.002002
-0.000146
0.002148
0.006298
0.008665
0.006881
0.002876
-0.000255
-0.002039
-0.001529
0.000364
0.002366
0.005898
0.006116
0.005898
0.004223
0.001565
0.002912
0.005570
0.006844
0.007099
0.007063
0.005206
0.003531
0.002658
0.003349
0.003349
0.003386
0.005534
0.006589
0.007318
0.007645
0.006662
0.004878
0.003058
0.003204
0.003859
0.004806
0.006480
0.006954
0.006335
0.006007
0.005352
0.004951
0.005607
0.006371
0.008191
0.008810
0.008628
0.008337
0.006553
0.006371
0.005861
0.005097
0.004150
0.002366
0.001019
0.000328
0.001565
0.002658
0.005206
0.007063
0.006808
0.006626
0.006007
0.004587
0.005497
0.006080
0.006080
0.007572
0.006954
0.006335
0.006407
0.006116
0.006990
0.005534
0.004223
0.002621
0.003386
0.005170
0.008082
0.010012
0.010084
0.005789
-0.000510
-0.004551
-0.004187
0.001347
0.007208
0.007609
0.003022
0.000947
0.006189
0.010230
0.007682
0.000328
-0.004296
-0.001820
0.005170
0.010776
0.009830
0.007318
0.006225
0.004951
0.002694
-0.000182
0.000910
0.004114
0.008373
0.008301
0.004442
0.000146
-0.003641
-0.003313
0.000546
0.005607
0.007827
0.007136
0.004551
0.001930
0.000765
0.002330
0.003677
0.002476
0.001383
0.002294
0.004077
0.005242
0.006225
0.007099
0.005497
0.003313
0.003349
0.004005
0.003531
0.003313
0.003713
0.002621
0.000947
-0.000619
-0.000328
-0.000218
0.001420
0.003459
0.004369
0.005752
0.005352
0.005825
0.006844
0.008119
0.008191
0.008046
0.005934
0.002294
0.000728
0.001857
0.002548
0.001456
0.001857
0.002658
0.002912
0.002767
0.001493
-0.000473
-0.003058
-0.000728
0.002184
0.002949
0.003823
0.003204
0.004369
0.003386
0.002803
0.004296
0.005097
0.006153
0.007099
0.006444
0.004624
0.003058
0.002840
0.003786
0.003713
0.002767
0.001602
0.001930
0.005424
0.007718
0.008301
0.001820
-0.004114
-0.003932
-0.002621
0.008155
0.014672
0.012633
0.009648
0.002148
-0.001456
0.001711
0.004769
0.004806
0.003459
0.002075
0.000582
0.005060
0.009320
0.007718
0.006917
0.004332
0.001201
0.000655
0.000655
0.000146
-0.000109
0.002840
0.007463
0.007281
0.006626
0.006444
0.005024
0.002803
0.002585
0.003750
0.006225
0.004988
0.005461
0.006699
0.006589
0.007208
0.006080
0.004005
0.005097
0.006881
0.006262
0.006007
0.007318
0.008373
0.006735
0.006153
0.002985
-0.000036
-0.001420
-0.000692
0.000765
0.002658
0.003750
0.004005
0.004514
0.005060
0.004077
0.004587
0.006407
0.007063
0.007281
0.005424
0.006407
0.005424
0.004296
0.003895
0.003641
0.001675
0.001493
0.003604
0.005607
0.005643
0.005898
0.005242
0.003604
0.003349
0.003859
0.004478
0.003786
0.003568
0.002585
0.003568
0.004405
0.004878
0.005170
0.004842
0.005570
0.003823
0.001201
0.001529
0.003495
0.005898
0.005388
0.005170
0.005352
0.004806
0.006335
0.006735
0.006881
0.006808
0.005570
0.004260
0.002330
0.001565
0.001747
0.002366
0.004223
0.005133
0.006662
0.006043
0.004332
0.004951
0.007245
0.008956
0.005497
0.000619
-0.000364
0.003095
0.004951
0.005679
0.005971
0.004077
0.003022
0.001747
0.001383
0.004587
0.007136
0.005861
0.003495
0.003932
0.006371
0.007208
0.005352
0.003058
0.000983
-0.000146
0.001747
0.003422
0.006043
0.006699
0.003786
-0.001238
-0.000364
0.005133
0.008410
0.006808
0.006153
0.006553
0.008810
0.009211
0.004442
0.000000
0.000255
0.001966
0.001893
0.003786
0.004369
0.006298
0.007281
0.006772
0.005534
0.004806
0.003895
0.003277
0.003895
0.006116
0.008883
0.010084
0.007172
0.005352
0.004260
0.002112
-0.000364
0.001966
0.007318
0.011031
0.011359
0.009101
0.007500
0.005461
0.001784
-0.001311
-0.000546
0.002439
0.005315
0.009284
0.014162
0.015363
0.015400
0.011686
0.006407
0.000510
-0.004806
-0.004296
0.000000
0.004478
0.007827
0.009611
0.010048
0.008519
0.004915
0.002949
0.001165
0.002184
0.005607
0.008483
0.004769
-0.001347
-0.006553
-0.003531
0.003058
0.009684
0.015327
0.023118
0.025120
0.016528
0.003750
-0.006007
-0.013871
-0.019150
-0.014162
-0.002002
0.012706
0.023518
0.025957
0.020970
0.010521
-0.003750
-0.014562
-0.015873
-0.010084
0.001056
0.009356
0.012014
0.010157
0.007500
0.004005
0.000510
-0.002002
-0.002366
-0.000801
0.002730
0.005133
0.006007
0.006407
0.005679
0.002949
0.001820
0.001201
-0.001092
-0.003131
-0.003058
-0.000765
0.003677
0.008737
0.010922
0.009211
0.003022
-0.001347
-0.002767
-0.003677
-0.003313
0.000000
0.004332
0.004114
0.003713
0.005024
0.002512
0.000109
-0.004478
0.002985
0.004806
0.000473
0.004696
0.007245
0.002949
0.001493
-0.000291
-0.000328
-0.001420
-0.000073
0.002294
0.002548
0.003459
0.001602
0.002330
0.001711
-0.000182
0.001201
0.002075
0.002767
0.002730
0.001602
0.001711
0.002403
0.001784
0.000073
0.001456
0.002512
0.001493
0.003859
0.004296
0.001493
0.000255
0.001129
0.000874
0.001274
0.000765
0.001420
0.003204
0.003058
0.000400
-0.000473
0.000291
0.000182
-0.000910
0.000765
0.005752
0.006589
0.000146
-0.000983
-0.000400
-0.002403
-0.000109
0.003095
0.003604
0.003313
0.004660
0.004296
-0.000437
-0.001966
0.000073
0.002439
0.003349
0.003823
0.003895
0.001165
-0.000655
-0.000328
-0.000874
0.000619
0.002694
0.003968
0.004077
0.003240
0.002621
0.000983
0.001420
0.004806
0.005242
0.004514
0.005789
0.004696
0.002366
0.002039
0.001857
-0.000328
-0.001747
0.000582
0.002512
0.001347
0.000000
-0.001383
-0.000546
-0.000910
-0.000874
0.002184
0.002985
0.003022
0.002257
0.001383
0.002767
0.006189
0.009757
0.011140
0.006844
0.000437
-0.001930
-0.001747
0.000874
0.005607
0.008628
0.011031
0.011905
0.009320
0.005424
0.003349
0.004150
0.002002
0.002985
0.006735
0.007645
0.007463
0.006080
0.003167
0.004005
0.006917
0.010194
0.009684
0.007354
0.009356
0.011286
0.007354
0.003349
0.004223
0.004587
0.005971
0.006954
0.009684
0.009101
0.005607
0.005716
0.007063
0.008483
0.008082
0.006772
0.006844
0.005133
0.004150
0.005643
0.010776
0.015218
0.016019
0.015509
0.012706
0.007281
0.001493
-0.002476
-0.002221
0.004114
0.011249
0.014417
0.009975
0.001456
0.000765
0.007500
0.010521
0.008301
0.005679
0.008665
0.012269
0.009174
0.003022
-0.001565
-0.003677
-0.004077
-0.000582
0.008155
0.016237
0.015436
0.008191
0.008410
0.010339
0.005024
-0.003677
-0.008301
-0.004077
0.004442
0.013507
0.020096
0.017803
0.009101
-0.002585
-0.009247
-0.010958
-0.008919
0.000546
0.009648
0.014817
0.012742
0.004733
-0.000765
-0.001311
-0.002658
-0.002912
-0.003277
-0.004114
0.000619
0.007572
0.012014
0.005315
-0.008191
-0.013252
-0.006553
0.000983
0.008373
0.009757
0.008628
0.004041
0.003095
0.004296
-0.000947
-0.009138
-0.011577
-0.008847
-0.004296
0.001565
0.008446
0.011978
0.011249
0.006444
-0.001857
-0.010885
-0.012961
-0.005679
0.002803
0.007500
0.008301
0.006990
0.003568
-0.000146
-0.003095
-0.003022
-0.002512
-0.003167
-0.000983
0.004442
0.010849
0.012487
0.009939
0.002621
-0.007937
-0.012560
-0.010558
-0.003022
0.004150
0.008082
0.010449
0.009174
0.005097
0.001165
-0.001311
-0.002112
-0.000109
0.003677
0.005352
0.004624
-0.000765
-0.008737
-0.013325
-0.011468
-0.002548
0.005643
0.009648
0.010885
0.007937
0.004514
0.002002
0.000728
-0.002148
-0.002658
-0.000874
0.000947
0.002184
0.000546
-0.003277
-0.004478
-0.000546
0.002112
0.002039
0.001675
0.001493
0.001493
0.001675
0.001784
0.000874
0.000000
0.001165
0.002366
0.004005
0.003095
0.000947
-0.000619
-0.004041
-0.002730
0.001238
0.004187
0.004077
0.001893
-0.000291
-0.001747
-0.000910
-0.000218
-0.000728
0.000983
0.004150
0.005097
0.001784
0.001347
0.001893
0.002294
0.002803
0.000255
-0.002439
-0.003167
-0.002439
-0.000765
0.001529
0.003968
0.002621
0.003823
0.007900
0.005534
0.002621
0.002294
0.002257
-0.001274
-0.003058
-0.001747
-0.001529
-0.000801
0.000000
0.003968
0.005971
0.006589
0.008373
0.006444
0.000328
-0.006007
-0.006080
-0.003167
0.005570
0.012451
0.011140
0.010740
0.006007
0.006225
0.007245
0.002803
0.002257
0.000582
-0.000546
0.002075
0.004696
0.004915
0.003495
0.002658
0.000801
-0.001930
-0.002730
0.000437
0.005971
0.007682
0.008446
0.007645
0.006298
0.002803
0.001529
0.002767
0.002403
0.000473
-0.001201
0.000218
0.001893
0.002294
-0.000109
0.001019
0.009684
0.017111
0.017657
0.012706
0.006407
0.001383
-0.003204
-0.004660
-0.003677
0.000073
0.003095
0.007172
0.015655
0.015363
0.009101
0.001493
-0.002439
-0.005133
-0.007063
-0.001966
0.009065
0.014963
0.012779
0.008446
0.006808
-0.000109
-0.005825
-0.003349
0.002221
0.004806
0.005643
0.005388
0.001966
0.000109
0.002949
0.004405
0.005060
0.006043
0.005315
0.007245
0.010194
0.010885
0.007682
0.002621
-0.000182
-0.001420
-0.002075
0.000983
0.003968
0.003095
0.001311
-0.000619
0.000983
0.002075
0.002949
0.005643
0.005461
0.004369
0.004005
0.005934
0.008919
0.009830
0.008956
0.004696
0.002949
0.004624
0.005679
0.005242
0.005352
0.005497
0.002912
0.002112
0.003204
0.001420
0.000728
0.000692
0.001602
0.003968
0.003167
0.003277
0.006407
0.008847
0.006626
0.000692
-0.003204
-0.002221
0.001747
0.005315
0.005934
0.003095
0.003422
0.005861
0.007026
0.006116
0.007682
0.008810
0.007063
0.002039
0.001893
0.004223
0.002439
-0.002876
-0.006954
-0.002585
0.003859
0.007973
0.009975
0.007827
0.005097
0.002694
0.004587
0.008228
0.009429
0.007099
0.002294
0.001274
0.003677
0.006517
0.008628
0.006116
0.001456
-0.002767
-0.001383
-0.001019
0.000036
0.002403
0.003531
0.005861
0.004696
0.002548
0.000364
-0.000874
0.000109
0.003349
0.006699
0.012014
0.015291
0.013470
0.008228
-0.000655
-0.007718
-0.007682
-0.002694
0.001274
0.006189
0.010266
0.013215
0.009975
0.000837
-0.008483
-0.012160
-0.007754
-0.000109
0.012706
0.025339
0.027304
0.019040
0.003859
-0.011322
-0.020424
-0.021880
-0.014453
0.000218
0.015218
0.024610
0.022754
0.012961
-0.000291
-0.011941
-0.018458
-0.014308
-0.005388
0.004405
0.010995
0.013616
0.015545
0.005861
-0.008119
-0.013179
-0.008992
0.001493
0.010521
0.018276
0.021079
0.014744
0.003313
-0.009320
-0.023555
-0.031418
-0.028397
-0.012524
0.008592
0.025047
0.032146
0.029343
0.017839
0.002985
-0.011650
-0.022535
-0.023882
-0.015363
-0.007791
-0.001420
0.006335
0.008628
0.006954
0.005934
0.001966
-0.003604
-0.012087
-0.017256
-0.012924
-0.005206
-0.000291
0.002330
0.001056
-0.001675
-0.000109
0.003859
0.002658
-0.004332
-0.010012
-0.013507
-0.013980
-0.010849
-0.004951
0.001638
0.006772
0.004223
-0.006153
-0.019623
-0.021844
-0.010194
0.002767
0.006589
0.003495
0.000765
-0.006043
-0.016346
-0.023300
-0.016310
0.001383
0.013033
0.005388
-0.000983
0.000983
-0.003167
-0.016273
-0.018312
-0.006844
-0.000364
0.004150
0.005497
0.001893
-0.005315
-0.010266
-0.008337
-0.007245
-0.008665
-0.007900
-0.005643
-0.003786
-0.005315
-0.006589
-0.005607
-0.006116
-0.006626
-0.003568
0.001092
0.002039
-0.001857
-0.003568
-0.004660
-0.007354
-0.007864
-0.002330
0.000036
-0.000765
-0.001311
-0.002294
-0.004041
-0.005097
-0.008155
-0.011759
-0.010813
-0.001966
0.007427
0.009356
0.005971
0.000036
-0.002075
-0.002621
-0.003495
-0.005789
-0.009757
-0.010339
-0.004951
0.001675
0.003786
0.001675
-0.002002
-0.006553
-0.006917
-0.003859
-0.002075
-0.000437
0.000036
-0.000619
-0.001602
-0.002985
-0.002949
0.001383
0.000655
-0.002949
-0.004733
-0.006153
-0.007536
-0.006626
-0.003459
0.000619
0.004988
0.007390
0.004369
0.001966
-0.002294
-0.005679
-0.006153
-0.005170
-0.003495
-0.001019
0.001966
0.002221
0.001056
-0.001930
-0.004915
-0.005242
-0.001383
0.000655
0.000765
0.001165
0.002148
0.004551
0.004806
0.002585
0.002876
0.000801
-0.002039
-0.002767
0.000291
0.000619
0.000728
0.002148
0.004150
0.004223
0.003823
0.002148
-0.000146
-0.000400
0.001129
0.002985
0.003204
0.002840
0.000983
-0.002512
-0.004187
-0.001711
0.001092
0.001347
0.002148
0.003859
0.001493
-0.001201
-0.003386
-0.003895
0.000947
0.004842
0.001383
0.000036
-0.001056
-0.002330
0.002112
0.003277
0.002112
0.000837
0.000619
0.003386
0.005242
0.007645
0.003422
-0.002184
-0.001893
-0.000947
0.002548
0.004369
0.002294
-0.001638
-0.003095
-0.002403
-0.002694
-0.000109
0.003713
0.004514
0.006153
0.005279
0.003131
0.001420
0.000146
-0.000073
-0.002039
-0.002876
-0.000837
0.001638
0.005825
0.007063
0.006735
0.005497
-0.000291
0.006990
0.002476
0.010194
0.002112
-0.004915
-0.001420
-0.001311
0.007099
0.008155
0.003131
0.002366
0.001638
0.005352
0.006553
0.002294
-0.000765
-0.004405
-0.001966
0.004041
0.006735
0.006990
0.004114
0.003386
0.001966
0.003131
0.005898
0.007427
0.005461
0.003095
0.000546
-0.001056
0.001638
0.006480
0.010449
0.009284
0.010048
0.010048
0.008155
0.003968
0.000182
0.001311
0.002039
0.004405
0.007682
0.008592
0.009538
0.009502
0.002294
-0.007208
-0.010849
-0.007572
0.000182
0.005534
0.010266
0.012487
0.007645
0.002366
-0.000073
0.001675
0.004660
0.007536
0.008847
0.004988
0.001238
0.001565
0.004223
0.004077
-0.000364
-0.000437
0.003022
0.006517
0.009029
0.008519
0.009648
0.009975
0.008483
0.004369
0.002585
0.003459
0.004260
0.004150
0.005024
0.004624
0.002330
-0.000109
-0.000400
0.000146
0.002876
0.003932
0.005060
0.005825
0.004260
0.001675
0.001201
0.002366
0.001493
0.001274
0.004223
0.006589
0.006262
0.005170
0.002366
0.000619
0.000837
0.003713
0.007718
0.008701
0.006589
0.005242
0.004988
0.005607
0.005060
0.004951
0.006262
0.007245
0.007245
0.005607
0.005461
0.007390
0.008483
0.009939
0.009466
0.007463
0.008519
0.007827
0.008119
0.008410
0.007318
0.005898
0.002949
0.002257
0.001456
0.002184
0.005861
0.008410
0.008919
0.008228
0.005679
0.003167
0.002949
0.006808
0.010740
0.010449
0.007354
0.005352
0.003823
0.005424
0.006844
0.007099
0.006189
0.004296
0.005716
0.006844
0.013288
0.024756
0.024210
0.008519
-0.009793
-0.018312
-0.015108
-0.003095
0.016929
0.035605
0.038117
0.020424
-0.000983
-0.011796
-0.013361
-0.005133
0.008119
0.014926
0.012961
0.010157
0.010121
0.009575
0.008956
0.006335
0.000619
-0.002075
-0.001529
0.003349
0.008301
0.012014
0.011650
0.010339
0.009138
0.005570
0.001019
-0.001930
-0.001274
0.003386
0.010376
0.014562
0.013725
0.009939
0.007427
0.007318
0.003495
-0.006626
-0.009320
-0.000910
0.009211
0.013397
0.015655
0.015727
0.012050
0.001493
-0.008264
-0.011832
-0.006626
0.000182
0.004988
0.010230
0.012014
0.009247
0.004041
0.000801
-0.001966
-0.002548
0.000765
0.004806
0.006116
0.006808
0.007609
0.004769
0.001092
-0.000910
0.000291
0.003277
0.006662
0.009866
0.011104
0.006881
0.002039
-0.000473
-0.000765
0.000146
0.002366
0.005315
0.006589
0.005060
0.002658
0.000473
-0.000910
-0.003167
-0.003313
0.000328
0.005570
0.010558
0.012451
0.011213
0.008228
0.004369
0.000000
-0.005206
-0.006735
-0.003604
0.002075
0.007390
0.009902
0.010121
0.007827
0.004878
0.002912
-0.000400
-0.003932
-0.004733
-0.000728
0.005534
0.009975
0.009720
0.006844
0.003641
0.000837
-0.001711
-0.002112
0.000182
0.001893
0.004442
0.005097
0.004733
0.004514
0.001529
-0.001529
-0.001238
0.001493
0.002694
0.000983
0.000692
0.001347
0.001930
0.004369
0.007354
0.009247
0.006954
0.002330
-0.000218
0.001311
0.001092
0.000765
0.003022
0.004114
0.005206
0.007318
0.007208
0.003932
0.002330
0.002512
0.001347
0.001238
0.002184
0.002985
0.004733
0.003459
0.001129
0.000146
-0.000400
-0.000255
0.001056
0.005133
0.007718
0.006444
0.005534
0.003677
0.001420
-0.000473
0.000546
0.002257
0.004405
0.006517
0.005898
0.004332
0.004405
0.003895
0.003713
0.005861
0.007682
0.007937
0.004296
-0.002621
-0.007718
-0.005497
0.003568
0.014926
0.020351
0.016091
0.007500
-0.001383
-0.007645
-0.005206
0.001165
0.006699
0.010157
0.012414
0.010230
0.005352
0.003167
-0.001347
-0.003677
0.000510
0.005170
0.010849
0.013288
0.010449
0.002730
-0.001238
-0.001383
-0.000473
0.003386
0.011978
0.018421
0.013143
0.001092
-0.009029
-0.009575
-0.004878
0.003568
0.012269
0.016929
0.010958
-0.004369
-0.019514
-0.023591
-0.007354
0.016638
0.028178
0.024392
0.006954
-0.013907
-0.017621
-0.005352
0.009174
0.012160
0.007682
-0.000510
-0.007427
-0.007645
-0.002730
0.003095
0.007063
0.007463
0.003604
0.002803
0.006699
0.007099
0.002840
-0.003531
-0.002403
-0.002585
-0.003240
0.000837
0.004696
0.004660
0.005315
0.004405
0.000910
-0.000437
0.003422
0.010084
0.013070
0.008592
0.003786
0.001201
0.001602
0.002949
0.003349
0.002257
0.001165
0.000109
0.000765
0.001784
0.001857
0.001893
0.003641
0.004150
0.003568
0.009902
0.019623
0.027050
0.027487
0.020861
0.004478
-0.017256
-0.038263
-0.049840
-0.045034
-0.023227
0.004041
0.022353
0.022936
0.024538
0.027377
0.019550
0.009538
-0.004296
-0.022827
-0.028652
-0.021916
-0.015400
-0.005971
0.000910
0.000036
-0.006808
-0.007063
0.001784
0.006589
0.007172
0.003568
0.000400
-0.003386
-0.005825
-0.007718
-0.008883
-0.005206
0.004478
0.014162
0.016601
0.007791
-0.003859
-0.006225
-0.004005
-0.007973
-0.011868
-0.008665
-0.003932
-0.000728
0.000947
0.001966
0.002730
0.003713
0.004077
0.003240
0.001056
-0.005570
-0.008191
-0.005570
-0.004369
-0.007827
-0.010995
-0.009466
-0.004223
0.001784
0.005534
0.002476
0.003131
0.002730
0.006080
0.001165
-0.009611
-0.016565
-0.018458
-0.019623
-0.015400
-0.003349
0.014635
0.029270
0.033239
0.023664
0.007390
-0.008919
-0.027814
-0.041612
-0.040884
-0.029926
-0.010449
0.013543
0.033166
0.042850
0.038153
0.021334
-0.003095
-0.028834
-0.044233
-0.044343
-0.028542
-0.005607
0.007354
0.014162
0.012305
0.010376
0.001129
-0.012888
-0.025703
-0.032183
-0.029088
-0.018312
-0.003531
0.012414
0.024210
0.019805
0.000255
-0.014271
-0.018931
-0.019586
-0.015873
-0.011796
-0.011686
-0.009393
-0.001565
0.005789
0.008737
0.008228
0.003932
0.000437
-0.004514
-0.011213
-0.019550
-0.024174
-0.020715
-0.011796
0.002366
0.011614
0.012196
0.010303
-0.002039
-0.012742
-0.019914
-0.021953
-0.016383
-0.015145
-0.012596
-0.003568
0.005789
0.013943
0.010303
-0.003240
-0.017147
-0.024938
-0.028105
-0.022353
-0.005024
0.011614
0.018385
0.011686
0.001820
-0.006626
-0.012160
-0.013980
-0.015909
-0.015946
-0.019805
-0.024210
-0.016164
-0.007645
0.001311
0.003531
-0.001274
-0.007827
-0.016237
-0.020205
-0.015181
-0.011868
-0.007791
-0.003713
-0.001347
-0.000983
-0.003022
-0.008810
-0.011468
-0.009247
-0.009648
-0.012378
-0.011468
-0.005424
0.000692
0.001092
-0.002366
-0.008774
-0.016528
-0.017074
-0.005789
-0.003022
-0.003240
-0.002730
-0.010594
-0.011249
0.001857
0.003167
-0.002803
-0.007463
-0.013943
-0.018421
-0.014781
-0.011614
-0.010303
-0.010558
-0.008737
-0.004005
-0.003058
-0.006699
-0.007136
-0.004806
-0.005170
-0.008701
-0.009830
-0.007645
-0.004405
-0.000109
0.002257
0.002658
0.001274
-0.002803
-0.007026
-0.006589
-0.002730
-0.001638
-0.000801
-0.000765
0.002548
0.003422
0.001420
-0.002985
-0.007318
-0.010667
-0.012924
-0.012232
-0.006662
0.001966
0.006626
0.004624
0.001347
-0.002221
-0.006735
-0.009793
-0.007864
-0.003568
0.002985
0.006225
0.005971
0.006407
0.005133
0.000655
-0.003131
-0.008191
-0.008665
-0.004551
-0.002148
-0.002876
-0.001493
0.000910
0.000364
0.000947
-0.003349
-0.007281
-0.004114
-0.000837
-0.000874
-0.003349
-0.004769
-0.006335
-0.004551
-0.000655
-0.000218
-0.000874
-0.000837
0.001857
0.005934
0.008373
0.009502
0.009902
0.006990
0.002658
0.001019
0.000000
-0.000801
0.002658
0.006844
0.008373
0.006844
0.002184
-0.001493
-0.002621
-0.001602
-0.000837
-0.004260
-0.005534
-0.005607
-0.001711
0.002039
0.007245
0.010266
0.007500
0.006407
0.007864
0.007390
0.002876
-0.001820
-0.000255
0.004769
0.007281
0.007754
0.009320
0.009174
0.003204
-0.000109
-0.001238
-0.004806
-0.004442
-0.001857
0.002403
0.004187
0.002949
0.000364
0.001420
0.003713
0.003531
0.000947
0.000510
-0.000073
0.000510
0.000510
0.001238
0.004624
0.006772
0.005607
0.004696
0.004696
0.004223
0.000874
-0.002512
-0.001493
0.002767
0.005934
0.003932
0.003459
0.004660
0.003386
0.000109
-0.000910
0.000910
0.001675
0.000400
-0.001857
-0.001129
-0.000619
0.001056
0.004114
0.005424
0.005752
0.004660
0.002148
-0.000218
-0.001857
-0.000983
-0.000765
-0.001930
-0.001274
0.002002
0.002912
0.003713
0.005242
0.005861
0.003386
0.001893
0.000473
-0.001383
-0.001638
-0.000765
0.002075
0.005024
0.005097
0.002876
0.001129
0.000364
0.001565
0.004114
0.003968
0.002512
0.003859
0.004587
0.002985
0.003204
0.003240
0.002112
0.001456
0.001456
0.002767
0.004478
0.006808
0.008373
0.008483
0.007536
0.005133
0.002148
0.000400
0.001638
0.000582
-0.000837
0.000510
0.003750
0.008701
0.010995
0.009247
0.004733
0.001274
0.001383
0.004551
0.008373
0.011067
0.008701
0.002840
-0.001784
-0.002439
-0.001383
0.000510
0.004624
0.008883
0.011650
0.010667
0.006735
0.001711
-0.000582
0.000000
0.002221
0.004951
0.007208
0.008446
0.007973
0.006553
0.006990
0.008082
0.008774
0.010339
0.011541
0.009320
0.007172
0.005971
0.006007
0.007026
0.007754
0.009320
0.008701
0.005752
0.003422
0.006225
0.008701
0.009466
0.011796
0.011941
0.009393
0.008191
0.009065
0.008264
0.008483
0.010449
0.011359
0.009429
0.006772
0.004951
0.004514
0.005643
0.006335
0.007172
0.007864
0.005934
0.003968
0.005133
0.007864
0.008847
0.008847
0.008592
0.008082
0.006407
0.005352
0.004733
0.004223
0.002294
0.003095
0.006553
0.009320
0.011686
0.012342
0.009611
0.006553
0.004514
0.004478
0.005497
0.007172
0.008737
0.007682
0.004733
0.007026
0.014126
0.011650
0.011978
0.012160
0.002912
0.000510
0.001456
0.000510
0.002512
0.006189
0.010230
0.010194
0.006043
0.006007
0.006007
0.003495
0.002075
0.002075
0.003641
0.005206
0.005752
0.005716
0.004988
0.005461
0.003641
0.002075
0.002658
0.003786
0.004696
0.005060
0.005752
0.006080
0.006116
0.005934
0.003968
0.004369
0.007281
0.007864
0.006735
0.004114
0.002876
0.003713
0.005279
0.007026
0.008191
0.010266
0.009320
0.008009
0.007281
0.006444
0.007318
0.008155
0.009648
0.010667
0.010376
0.010412
0.010594
0.009611
0.008956
0.009065
0.007864
0.006189
0.004951
0.004696
0.007900
0.011504
0.014417
0.014016
0.010157
0.005497
0.000801
-0.002621
-0.004988
-0.002548
0.002403
0.005206
0.007427
0.009356
0.010303
0.008919
0.007318
0.007500
0.007682
0.006371
0.005315
0.006116
0.007390
0.009284
0.011614
0.010631
0.006699
0.005133
0.005643
0.004988
0.002112
0.002585
0.006080
0.008883
0.008919
0.006153
0.002221
0.000000
0.000801
0.002949
0.003459
0.002148
0.002548
0.005097
0.008337
0.009538
0.007099
0.004551
-0.000182
-0.004041
-0.002585
-0.000510
0.001565
0.003058
0.004733
0.005607
0.004806
-0.000036
-0.003677
-0.002294
0.002658
0.007973
0.008810
0.006808
0.004405
0.004951
0.005097
0.005024
0.004150
0.002294
0.000582
-0.000546
0.000036
0.002002
0.004332
0.007427
0.009393
0.008555
0.005170
0.001311
-0.002148
-0.002548
0.002112
0.006881
0.009466
0.010813
0.009502
0.005497
0.001238
0.000109
0.001092
0.001493
0.002840
0.004733
0.007500
0.007463
0.003386
-0.000655
-0.002985
-0.002039
0.001311
0.003349
0.004915
0.008009
0.012014
0.015254
0.015436
0.009538
-0.000291
-0.006844
-0.006917
-0.004369
-0.000947
0.002366
0.004369
0.006881
0.011286
0.008483
0.002366
0.000728
-0.004842
-0.009611
-0.007572
-0.003713
0.003932
0.011104
0.014490
0.014235
0.009939
0.004005
0.002512
0.002840
0.001784
-0.000400
-0.001383
0.000255
0.002148
0.004041
0.004041
0.004551
0.006589
0.005607
0.001056
-0.000837
-0.000619
0.002257
0.005861
0.005643
0.004660
0.005388
0.004150
0.003422
0.004514
0.005534
0.007609
0.008446
0.005679
0.002039
-0.000036
-0.002039
-0.002366
-0.000364
0.003204
0.003750
0.002803
0.002803
0.001383
0.000728
0.002184
0.005898
0.006808
0.004369
0.000692
0.000983
0.007099
0.013070
0.018931
0.016128
0.006662
-0.000510
-0.003386
-0.004551
-0.002621
0.002148
0.004332
0.002184
0.004696
0.006043
0.006080
0.008592
0.013434
0.015509
0.008301
-0.002039
-0.007937
-0.009211
-0.006735
-0.000218
0.007208
0.010885
0.011067
0.006990
0.001165
-0.001056
-0.004041
-0.004077
0.000109
0.004842
0.006735
0.005898
0.002621
-0.002694
-0.006080
-0.006189
-0.002767
0.001602
0.002694
0.001966
0.001529
0.002949
0.005643
0.003095
-0.003386
-0.008009
-0.004951
-0.001456
0.004842
0.012269
0.012196
0.013325
0.013579
0.005315
0.001201
-0.002912
-0.012305
-0.018713
-0.018130
-0.012815
0.002439
0.012487
0.016091
0.018167
0.017293
0.008009
-0.004187
-0.011832
-0.020642
-0.030836
-0.031164
-0.020060
-0.002184
0.014744
0.023118
0.023737
0.010885
-0.007427
-0.020460
-0.020497
-0.004114
0.019696
0.037098
0.040811
0.026431
0.005643
-0.009320
-0.017220
-0.017875
-0.013507
-0.002257
0.005315
0.007682
0.006080
0.003750
0.002294
0.000874
-0.000036
0.001056
0.001565
-0.003204
-0.010813
-0.014380
-0.013579
-0.011868
-0.008410
-0.001529
0.008155
0.014162
0.015800
0.011650
0.005315
-0.000619
-0.005242
-0.007718
-0.011905
-0.013798
-0.016601
-0.013980
-0.008337
-0.005570
-0.004806
-0.002912
-0.000328
0.003422
0.006735
0.007026
0.002075
-0.004988
-0.008956
-0.010667
-0.009320
-0.005861
0.002002
0.010703
0.011140
0.011140
0.013470
0.009029
-0.000328
-0.009138
-0.014708
-0.015837
-0.011832
-0.000910
0.008082
0.012487
0.011941
0.005352
-0.007136
-0.021880
-0.025157
-0.021407
-0.009648
0.001675
-0.001056
-0.010776
-0.013070
-0.007973
0.000182
0.006626
0.009902
0.003641
-0.006699
-0.014308
-0.015691
-0.011686
-0.009502
-0.005861
-0.003495
-0.007208
-0.007500
-0.004660
0.001638
0.010740
0.010412
-0.000546
-0.011905
-0.018858
-0.018203
-0.008373
0.005206
0.010703
0.005024
-0.005607
-0.012414
-0.014963
-0.014635
-0.009611
-0.003386
0.002148
0.011031
0.014635
0.010157
0.003786
-0.001820
-0.010776
-0.018785
-0.020096
-0.013725
-0.008774
-0.004551
-0.003677
-0.004660
-0.005898
-0.005971
-0.005752
-0.005934
-0.005024
-0.006699
-0.008956
-0.007136
-0.005388
-0.005971
-0.007463
-0.008009
-0.004806
-0.002658
0.001675
0.004842
0.005170
0.004041
0.002330
0.000146
-0.005461
-0.010521
-0.011395
-0.011395
-0.009320
-0.007354
-0.006335
-0.005279
-0.002658
-0.000655
0.000546
0.001274
-0.001129
-0.001711
-0.001311
-0.002876
-0.003932
-0.000109
0.001711
0.001092
0.000765
0.003713
0.002148
-0.003823
-0.009611
-0.013725
-0.013434
-0.012196
-0.009866
-0.006225
-0.003859
-0.005861
-0.007864
-0.007390
-0.006007
-0.005825
-0.003968
-0.001820
-0.002221
-0.004660
-0.005570
-0.002621
-0.002366
-0.002294
0.000837
0.002548
0.002257
0.000837
-0.001602
-0.003204
-0.002294
-0.000801
-0.000291
0.001602
0.003750
0.000182
-0.005279
-0.007354
-0.004696
-0.001602
0.001711
0.002512
-0.000109
-0.002148
-0.002039
-0.002621
-0.004951
-0.005315
-0.003313
-0.002949
-0.003167
-0.001820
-0.002221
-0.005060
-0.004733
-0.000801
-0.001638
0.000146
0.003095
0.002767
-0.002767
-0.005024
0.000874
0.003277
-0.003932
-0.010376
-0.007900
0.000000
0.007718
0.005716
-0.000874
-0.007281
-0.011577
-0.013434
-0.010376
0.001857
0.012669
0.016638
0.003386
-0.013579
-0.022244
-0.015327
0.001966
0.012633
0.013325
0.010849
0.003495
-0.005388
-0.010958
-0.014089
-0.015145
-0.014854
-0.010703
-0.002876
0.004478
0.009065
0.006917
0.005497
0.005898
0.003349
-0.002075
-0.005388
-0.008373
-0.010266
-0.005170
0.001893
0.004150
0.003349
0.002148
-0.001092
-0.003786
-0.005716
-0.005279
-0.003313
-0.001420
0.003131
0.008301
0.009538
0.009611
0.008009
0.004551
0.001056
-0.000947
-0.002730
-0.001675
0.000947
0.003240
0.003859
0.002803
0.002148
0.001493
0.001784
0.001820
0.001747
0.003422
0.005679
0.006262
0.005060
0.003167
0.003022
0.004260
0.006007
0.007718
0.009065
0.007136
0.004077
0.001711
0.000000
-0.002767
-0.002221
0.001930
0.006043
0.010339
0.011395
0.008228
0.004260
0.002403
0.001675
0.000400
0.001529
0.002112
0.002585
0.003422
0.004187
0.002912
0.000000
-0.001347
0.000910
0.004988
0.006699
0.007281
0.006444
0.004514
0.004733
0.003022
0.000073
0.000473
0.003095
0.002075
0.002512
-0.000036
-0.009429
-0.008483
0.007827
0.016201
0.011577
0.009648
0.009284
0.003022
-0.002840
-0.000146
0.001383
0.001311
0.003895
0.008082
0.007463
0.004624
0.001711
0.000947
0.002039
0.003277
0.005024
0.004733
0.003604
0.003677
0.002803
0.002694
0.002075
0.001347
0.002439
0.004260
0.005497
0.003240
-0.000546
0.003641
0.005716
0.005534
0.002112
0.002366
0.008446
0.005716
0.002803
0.004551
0.004260
0.001129
0.003167
0.006007
0.005716
0.006589
0.008119
0.008119
0.006262
0.004187
0.002075
0.002075
0.002767
0.004369
0.005570
0.003167
0.001565
0.003459
0.003713
0.003823
0.003786
0.003167
0.002366
-0.000036
-0.002840
-0.005206
-0.002840
0.010631
0.012596
0.004442
0.003204
0.002112
-0.000473
-0.000437
-0.000728
-0.000291
0.001165
0.002548
-0.003677
-0.006954
0.000874
0.009211
0.018676
0.015800
0.007791
0.004187
0.000182
-0.002039
-0.005242
-0.008009
-0.003131
0.004260
0.011249
0.015691
0.015072
0.007718
0.002403
0.002476
0.001529
0.000874
0.002876
0.004769
0.006808
0.007063
0.005315
0.002439
0.002184
0.004332
0.005934
0.006225
0.005133
0.004769
0.005315
0.006735
0.009138
0.008810
0.001056
-0.005388
-0.000291
0.004696
0.008737
0.010012
0.004514
0.002876
0.008264
0.010995
0.007973
0.005570
0.005133
0.007427
0.010376
0.014053
0.017438
0.018385
0.013470
0.003422
0.001893
0.012451
0.016674
0.016383
0.022936
0.023081
0.008301
-0.011177
-0.016710
-0.007208
0.012633
0.027523
0.024174
0.011941
0.007063
0.006444
0.004660
0.002548
0.001820
0.002694
0.009684
0.012851
0.010740
0.004041
-0.003531
-0.008082
-0.004296
0.007208
0.014126
0.011978
0.008082
0.009101
0.013834
0.013652
0.009648
0.000400
-0.011686
-0.016892
-0.016237
-0.010521
-0.002366
0.004187
0.012123
0.019004
0.020387
0.016492
0.006189
-0.006371
-0.015509
-0.019441
-0.015436
-0.008774
-0.002330
0.001966
0.002840
0.001784
-0.002294
-0.004405
-0.002512
0.001311
0.004696
0.005607
0.004260
-0.000801
-0.007354
-0.010157
-0.012050
-0.014999
-0.018349
-0.018349
-0.013689
-0.009138
-0.001201
0.006116
0.009720
0.011796
0.006954
-0.003459
-0.011249
-0.016019
-0.015108
-0.009939
-0.005097
-0.001675
-0.003058
-0.008191
-0.006626
-0.001129
0.003240
0.005206
0.002184
-0.000874
-0.003641
-0.003823
-0.004114
-0.008119
-0.011395
-0.011067
-0.006844
0.001420
0.007463
0.010776
0.009466
0.002876
-0.008373
-0.015545
-0.019040
-0.015837
-0.005242
0.002730
0.008628
0.012997
0.009393
0.001347
-0.004624
-0.008992
-0.013871
-0.013470
-0.006954
-0.004332
-0.000801
0.003932
0.005570
0.006808
0.005133
0.000473
-0.002075
-0.003422
-0.002439
-0.000801
-0.000837
-0.001711
-0.001711
0.000582
-0.002876
-0.009429
-0.010521
-0.010084
-0.005825
0.003459
0.011431
0.015036
0.012050
0.004223
-0.004187
-0.012888
-0.018494
-0.017693
-0.004332
0.005716
0.001857
-0.002257
-0.000837
0.001201
-0.000510
-0.004041
-0.010412
-0.013179
-0.005643
0.005315
0.011905
0.014744
0.011322
0.001347
-0.010958
-0.017912
-0.011941
-0.005861
-0.001383
0.006371
0.010776
0.007463
0.002476
-0.000036
-0.001056
-0.000036
-0.000109
-0.000765
0.001857
0.004551
0.002075
-0.000728
-0.001966
-0.003786
-0.006116
-0.005570
-0.001784
0.000874
0.002439
0.004842
0.005825
0.002403
-0.001347
-0.002548
-0.000728
0.002476
0.002621
0.001529
-0.000182
-0.000328
-0.001201
-0.000400
0.001820
0.001930
-0.000291
-0.004187
-0.004551
-0.001129
0.002439
0.003167
0.003167
0.003058
0.002184
0.001747
0.002767
0.001420
-0.000582
-0.001857
-0.000837
0.000692
0.001129
0.003422
0.004951
0.002912
0.000655
0.000437
0.002949
0.003750
0.004077
0.005315
0.003859
0.003859
0.003531
0.001456
-0.003095
-0.003131
0.000364
0.003677
0.007245
0.007572
0.004223
0.000874
-0.000765
0.000073
0.001420
0.000400
0.002257
0.006371
0.006917
0.004369
0.001493
0.000473
0.002257
0.002330
0.000765
0.000619
0.001893
0.000874
-0.001565
-0.000109
0.001711
0.002366
0.002803
0.001602
0.002548
0.004988
0.005424
0.004842
0.003568
-0.000655
-0.007536
-0.012851
-0.008992
-0.000765
0.007973
0.016055
0.022244
0.026249
0.028506
0.023810
0.011213
-0.004369
-0.021443
-0.038008
-0.043141
-0.027705
0.001893
0.030727
0.052388
0.053772
0.035605
0.004733
-0.027341
-0.045872
-0.047291
-0.032547
-0.007718
0.015982
0.029780
0.034185
0.029999
0.011577
-0.010412
-0.024465
-0.029962
-0.024683
-0.007354
0.009757
0.020679
0.027851
0.027559
0.019222
0.004369
-0.010048
-0.014854
-0.013725
-0.012596
-0.008191
-0.000291
0.007208
0.007572
0.003422
-0.001456
-0.002585
-0.002876
-0.002002
0.003459
0.005643
0.001529
-0.000655
-0.001347
-0.004951
-0.003750
-0.002512
-0.004405
-0.007318
-0.006772
-0.002257
0.007500
0.017548
0.015363
0.001602
-0.019696
-0.028724
-0.021589
-0.006298
0.003823
0.011832
0.011213
0.002876
0.001565
0.011286
0.015218
0.009466
-0.006007
-0.025739
-0.030617
-0.016892
0.003932
0.022717
0.026431
0.012342
-0.004624
-0.015036
-0.014708
-0.009138
0.000910
0.005461
0.012305
0.012524
0.006917
-0.001529
-0.015036
-0.020824
-0.018676
-0.013871
-0.004514
0.003058
0.009684
0.008592
0.000910
-0.001311
-0.004442
-0.011140
-0.016128
-0.016965
-0.015727
-0.013761
-0.010485
-0.003095
0.003058
0.011832
0.016747
0.016201
0.012524
0.003240
-0.008737
-0.016638
-0.017948
-0.014162
-0.007572
-0.005716
-0.006080
-0.008883
-0.009793
-0.010303
-0.009866
-0.009429
-0.009793
-0.008555
-0.004842
-0.002221
-0.004260
-0.006589
-0.007026
-0.005789
-0.002148
0.000874
0.002002
0.001456
0.002330
0.002512
0.000073
-0.003313
-0.007354
-0.008737
-0.007063
-0.002658
0.000073
0.000619
-0.002184
-0.004442
-0.005643
-0.005716
-0.005352
-0.004915
-0.001529
-0.001129
-0.003277
-0.002912
0.000000
-0.001966
-0.006735
-0.010194
-0.009466
-0.009975
-0.010740
-0.010521
-0.006699
-0.000109
0.002621
0.002112
-0.000619
-0.001201
0.000218
-0.001347
-0.004077
-0.003386
-0.001129
-0.002330
-0.003677
-0.000036
0.002840
0.000291
-0.005534
-0.008155
-0.006189
-0.002512
0.000328
0.002148
0.004187
0.006225
0.006553
0.005133
0.001056
-0.004915
-0.009247
-0.011213
-0.009393
-0.006808
-0.000255
0.004077
0.004405
0.006262
0.007645
0.000218
-0.009538
-0.010740
-0.003313
-0.001820
-0.004114
-0.000837
0.006735
0.008301
-0.001820
-0.008592
-0.008737
-0.004041
0.003349
0.008046
0.009538
0.006844
-0.001493
-0.007682
-0.011140
-0.011067
-0.007390
0.001675
0.012815
0.011322
0.003895
-0.001019
-0.006007
-0.006699
-0.006662
-0.002075
0.001347
0.000255
0.003095
0.002257
0.001019
0.004442
0.003677
-0.001711
-0.003604
-0.001893
-0.003677
-0.003204
0.005424
0.004733
-0.001420
-0.002730
-0.002476
-0.003459
-0.004951
-0.003022
-0.001602
0.006954
0.015400
0.010558
0.000073
-0.001857
0.000109
0.000655
0.001201
0.002075
-0.000947
-0.002621
0.001784
0.007281
0.008301
0.007026
-0.000036
-0.004041
-0.005170
-0.005861
-0.000619
0.000765
0.003641
0.008264
0.008919
0.005898
0.001274
-0.004442
-0.008810
-0.002294
0.004660
0.004077
0.002184
0.000109
0.002366
0.007973
0.008483
0.003604
-0.009975
-0.014672
-0.008410
-0.002621
0.002621
0.013689
0.015218
0.005024
-0.004478
-0.007973
-0.005716
0.000437
0.002075
0.000328
-0.000291
0.000146
0.002476
0.004514
0.005789
0.005534
0.003204
0.000655
-0.000146
-0.004988
-0.005534
0.001529
0.005461
0.005898
0.005352
0.006153
0.006444
0.003750
0.004041
-0.001383
-0.001165
0.002184
0.000000
0.004369
0.005170
0.001602
-0.003240
0.000619
0.002366
0.003750
0.008665
0.003495
-0.000619
-0.000255
0.002694
0.006517
0.009393
0.008810
0.009211
0.007937
0.005570
0.003677
0.003495
0.003641
0.002658
0.003422
0.005097
0.005825
0.007245
0.007172
0.008483
0.006990
0.002112
0.003277
0.006808
0.008046
0.007136
0.006371
0.002876
0.001238
0.005461
0.007682
0.009065
0.008410
0.004041
0.002439
0.004077
0.002694
-0.000437
0.003568
0.007718
0.006990
0.000218
-0.004915
-0.002330
0.004988
0.005497
0.002148
0.000109
0.001493
0.002439
-0.000510
-0.003641
-0.001092
0.003349
-0.000109
-0.003531
0.001019
0.014744
0.024683
0.017147
0.001165
-0.007318
-0.002366
0.006662
0.008337
0.002840
-0.009429
-0.006772
0.009684
0.016492
0.010412
0.003713
0.007500
0.015363
0.009902
-0.000983
-0.012087
-0.012087
-0.001638
0.002949
0.004041
0.003531
0.001383
-0.000218
0.000182
0.002403
0.005170
0.008191
0.009393
0.009356
0.009793
0.008410
0.005898
0.001930
-0.003422
-0.004442
-0.001820
0.000874
0.003422
0.005971
0.007645
0.008956
0.008009
0.006626
0.005060
0.004041
0.003240
0.003823
0.002512
0.000728
-0.002585
-0.001820
0.001056
0.003204
0.003859
0.001456
0.001529
0.003677
0.005097
0.006844
0.007281
0.005825
0.004077
0.004551
0.006626
0.006407
0.005607
0.003386
0.001675
0.002476
0.004878
0.007172
0.004842
0.001675
-0.000910
0.000182
0.006225
0.009284
0.008919
0.009720
0.010157
0.005825
0.001638
-0.010194
-0.015837
-0.008774
0.009211
0.028033
0.029270
0.018494
0.007500
-0.001347
-0.004951
-0.007063
-0.007063
-0.007427
-0.009575
-0.005534
0.000910
0.009101
0.012924
0.010958
0.007390
0.004769
0.004187
0.002184
0.003895
0.007245
0.012633
0.011614
0.005861
-0.003713
-0.008483
-0.006517
-0.000473
0.005352
0.008519
0.000582
-0.008483
-0.005206
0.003313
0.009211
0.011213
0.010667
0.005279
-0.000146
-0.000364
0.001201
0.003531
0.004114
0.004150
0.003604
0.000255
-0.003604
-0.005534
-0.006808
-0.008009
-0.003022
0.002366
0.007864
0.011723
0.005825
-0.003349
-0.008483
-0.006772
-0.003240
0.002548
0.004624
0.001747
-0.000146
-0.001675
-0.001565
-0.000874
-0.001711
-0.002257
0.001456
0.002476
0.001019
0.000582
0.000655
-0.000510
-0.001565
0.000328
0.003058
0.003058
0.001238
0.000218
0.000983
0.003022
0.005861
0.006298
0.006116
0.005170
0.004442
0.002585
0.000837
-0.001675
-0.002257
-0.000218
0.000874
0.000947
0.000255
0.000546
0.002330
0.004478
0.005607
0.006262
0.005242
0.002803
0.001711
0.002585
0.000582
-0.000109
-0.001565
-0.002548
-0.000218
0.003495
0.006007
0.006189
0.006007
0.005898
0.004878
0.004005
0.002949
0.002294
0.001056
-0.000109
-0.001019
-0.002658
-0.002912
0.000765
0.003131
0.004842
0.003823
0.003131
0.004260
0.005388
0.007099
0.005315
0.005388
0.004660
0.003131
0.004696
0.005898
0.002767
0.002585
0.001930
0.000073
-0.000546
0.001165
0.003531
0.005388
0.007427
0.009211
0.008956
0.007791
0.004806
-0.000218
-0.002621
-0.002512
-0.002184
0.001201
0.003459
0.005825
0.004114
0.004260
0.005752
0.007026
0.008555
0.006444
0.004369
0.002730
0.002330
0.003204
0.001675
-0.000182
-0.000728
0.001311
0.004005
0.005752
0.007609
0.009065
0.009393
0.006626
0.002949
0.003349
0.006007
0.008446
0.005352
0.005097
0.009866
0.010449
0.007754
0.004077
-0.001056
-0.002366
0.000218
0.003313
0.006553
0.010157
0.009502
0.004806
0.001129
-0.000400
-0.002039
-0.004077
-0.002658
0.000036
0.002658
0.005716
0.009320
0.011577
0.010084
0.006189
0.001638
0.001274
0.000692
0.000291
0.002548
0.004041
0.005861
0.006007
0.006699
0.006225
0.003167
0.004332
0.005752
0.006007
0.005097
0.003313
0.005752
0.009247
0.010303
0.008337
0.006662
0.004077
0.000437
0.000473
0.002112
0.001493
0.002876
0.009356
0.010849
0.013361
0.009575
0.006772
0.008082
-0.001165
-0.006043
-0.007791
-0.013361
-0.009138
0.005789
0.023445
0.033129
0.035314
0.031054
0.014089
0.004332
-0.008701
-0.025011
-0.027195
-0.025339
-0.016638
-0.002585
0.011431
0.025921
0.022499
0.006553
-0.006335
-0.009247
-0.006844
-0.001165
0.009029
0.015946
0.012997
0.005679
0.001857
-0.000073
-0.000619
-0.001274
-0.000582
0.004806
0.009902
0.011031
0.009720
0.004150
-0.004187
-0.010703
-0.017184
-0.018494
-0.012487
-0.001529
0.013288
0.021006
0.017220
0.013907
0.005497
-0.001129
-0.002840
-0.005024
-0.006844
-0.004878
-0.000036
0.003641
0.005097
0.002985
-0.000765
0.000437
-0.000109
0.002330
0.009065
0.007937
0.003677
0.002294
0.001529
0.003641
0.005716
0.002476
-0.005607
-0.009247
-0.006517
-0.002148
0.002840
0.009793
0.012706
0.007427
-0.000983
-0.003495
0.002148
0.003932
0.002366
0.003349
0.003495
0.001529
-0.000910
-0.000109
0.000400
0.000837
0.001529
0.002767
0.003095
0.001129
0.001893
0.003386
0.002912
0.000874
0.002039
0.004806
0.009466
0.007609
0.003531
-0.001966
-0.004296
-0.004296
-0.003823
-0.000182
-0.002075
-0.006589
-0.008410
-0.008155
-0.004332
0.002694
0.012815
0.009830
0.003568
0.001711
-0.003131
-0.000692
0.003568
0.001456
0.000400
0.003095
0.006662
0.008810
0.008665
0.007427
0.006662
0.003568
-0.002803
-0.006225
-0.003531
0.000291
0.005534
0.009138
0.011031
0.009466
0.003167
-0.001565
-0.003750
-0.002658
-0.000255
0.003495
0.003641
0.002949
0.001311
0.002039
0.003167
0.002184
0.003240
0.000728
-0.003167
-0.000655
-0.001602
0.006480
0.011431
0.004587
0.004405
0.000146
-0.001420
0.002403
0.003204
0.005242
0.006517
0.010084
0.012779
0.008592
0.003859
0.000837
-0.000400
-0.003386
-0.000947
0.003531
0.009793
0.014490
0.012706
0.009611
0.006954
0.000182
-0.005861
-0.007427
-0.001784
0.002112
0.002403
0.002767
0.004114
0.004077
0.007281
0.009793
0.007682
0.005570
0.001165
-0.001711
-0.001529
0.000073
0.002985
0.003677
0.005497
0.008191
0.009247
0.005789
0.001820
0.002658
0.000400
0.001238
0.002403
0.003277
0.005679
0.005315
0.005607
0.003313
-0.000146
0.001747
0.008483
0.014635
0.012596
0.004514
-0.004442
-0.008774
-0.002730
0.008483
0.010813
0.005461
-0.001056
-0.009575
-0.016492
-0.013252
-0.003713
0.002330
0.003823
0.005170
0.002949
-0.005060
-0.010849
-0.009320
-0.003131
-0.001056
0.002184
0.011140
0.017074
0.016892
0.010885
0.005643
-0.002148
-0.010449
-0.018021
-0.021807
-0.019514
-0.006298
0.009684
0.027159
0.039865
0.040119
0.021006
-0.006553
-0.033894
-0.044961
-0.031164
-0.003677
0.021370
0.032438
0.027487
0.013725
0.001784
-0.003204
-0.011431
-0.018094
-0.013652
-0.003167
-0.000036
-0.004077
-0.007827
-0.006116
-0.002949
-0.002876
0.002949
0.010048
0.008847
-0.000692
-0.012924
-0.017184
-0.012305
-0.005424
-0.001857
0.002694
0.007718
0.004442
-0.000364
-0.004915
-0.006007
-0.003859
-0.001675
-0.001056
-0.000619
-0.001092
-0.000728
-0.003386
-0.004842
-0.004442
-0.001565
0.003058
0.003823
0.002439
-0.000364
-0.003386
-0.005752
-0.008228
-0.007208
-0.004041
-0.001420
-0.000765
0.000473
0.003568
0.005424
0.004514
-0.001056
-0.004551
-0.006699
-0.006699
-0.003531
0.001602
0.006917
0.008410
0.002476
-0.001347
-0.004041
-0.006662
-0.007937
-0.005315
-0.006189
-0.002075
0.003604
0.004624
0.003859
0.001966
-0.000036
0.000255
0.002912
0.002694
-0.001420
-0.002658
-0.003641
-0.001311
0.000910
0.002803
0.005643
0.004223
-0.001056
-0.006335
-0.006553
-0.004478
-0.002002
0.000182
0.001784
0.003859
0.003422
-0.001930
-0.005898
-0.005898
-0.001019
0.002694
0.005825
0.007609
0.005461
0.003604
0.001493
-0.001784
-0.005060
-0.005789
-0.002912
0.000000
0.005097
0.007827
0.009902
0.006335
0.003240
0.002585
0.000983
0.000182
-0.002257
-0.001893
-0.002767
-0.002985
0.001638
0.008337
0.012596
0.009065
0.002257
-0.002039
-0.003204
-0.004223
-0.003859
-0.001638
0.003167
0.009902
0.003750
0.003349
0.007718
0.002294
-0.001056
0.003277
0.001311
0.001493
0.004696
0.004988
0.005570
0.007609
0.005279
0.004150
0.004660
0.005133
0.004696
0.005679
0.004915
0.002366
0.002330
0.004842
0.004442
0.002621
0.003459
0.007354
0.008847
0.007572
0.009174
0.006517
0.001456
0.000510
0.003531
0.004405
0.005497
0.008992
0.009611
0.006954
0.004478
0.000000
-0.000437
0.002548
0.004915
0.008956
0.013033
0.013361
0.009648
0.008373
0.006189
0.004114
0.002512
0.003932
0.008155
0.010995
0.011468
0.009575
0.006080
0.002112
0.001129
0.003277
0.003058
0.001493
0.003022
0.009356
0.012014
0.008264
0.005861
0.005570
0.003895
0.001675
0.003313
0.007718
0.008519
0.006371
0.003277
0.002403
-0.000182
0.000692
0.002949
0.005789
0.005898
0.006043
0.007099
0.006262
0.004260
0.002403
0.002439
0.005133
0.003131
0.002949
0.004478
0.007609
0.006517
0.003277
0.005206
0.006225
0.007609
0.011759
0.010157
0.011286
-0.003495
-0.014817
0.003459
0.017002
0.034040
0.005643
-0.006662
-0.013215
-0.008883
0.020315
0.017948
0.010012
-0.001747
-0.004296
0.003568
0.003459
0.009029
0.003277
0.001857
0.000983
0.004405
0.005060
0.007172
0.007136
0.000728
-0.002730
-0.000765
0.005352
0.007463
0.008555
0.008592
0.007827
0.009174
0.007354
0.000947
-0.004733
-0.004369
-0.000874
0.002294
0.003786
0.000182
-0.003895
-0.005315
-0.003240
0.000291
-0.002548
-0.000947
0.004915
0.013179
0.013543
0.008992
0.014526
0.017912
0.016565
0.007864
0.005497
0.007172
0.008847
0.006189
0.001529
0.000364
-0.001056
-0.006189
-0.007500
-0.006990
-0.002730
-0.001711
0.000765
0.000947
0.002257
0.004114
0.004478
0.004077
0.002767
0.000655
-0.001529
-0.005716
-0.008555
-0.005789
-0.000182
0.004951
0.004624
0.004405
0.003786
0.004988
0.001711
0.000218
0.003386
0.008519
0.011431
0.007682
-0.000837
-0.005898
-0.004696
-0.003568
-0.002148
0.001930
0.005097
0.005934
0.005388
0.003495
0.003641
0.002512
0.001565
0.000765
0.000255
-0.000182
0.000109
0.000582
0.000036
-0.001966
-0.001930
-0.001383
-0.002075
0.000364
0.005060
0.009830
0.006917
0.001966
-0.001638
-0.001420
0.000400
0.003349
0.004842
0.005315
0.004223
0.003022
-0.000692
-0.001056
-0.002257
-0.005024
-0.002949
-0.000109
0.004660
0.008519
0.010958
0.009356
0.005497
0.002330
0.003240
0.003604
0.001893
-0.002002
-0.002112
-0.001311
-0.000765
-0.002949
-0.003786
-0.003131
-0.002548
-0.000291
0.005789
0.012706
0.012924
0.011286
0.007208
-0.002257
-0.011614
-0.010157
-0.001311
0.008301
0.013470
0.013470
0.009466
0.005060
0.003167
0.002366
0.002585
0.004260
0.008119
0.009247
0.005315
-0.000073
-0.000910
0.001347
0.007136
0.013470
0.015582
0.002002
-0.021734
-0.039064
-0.035969
-0.012924
0.015691
0.033858
0.038408
0.032838
0.020424
0.001238
-0.014308
-0.023263
-0.023810
-0.015509
-0.002512
0.010266
0.016492
0.019477
0.014417
0.009793
0.006407
0.003459
-0.002294
-0.007354
-0.009320
-0.005133
-0.000328
0.001893
0.003932
0.007245
0.009174
0.009502
0.009029
0.008446
0.005752
0.001201
-0.003022
-0.005898
-0.005534
-0.003604
0.001820
0.004696
0.004296
0.003422
0.003750
0.005461
0.007536
0.007172
0.003713
0.000473
0.001201
0.003240
0.001857
-0.000109
-0.001238
-0.001019
0.000400
0.002949
0.003459
0.001675
-0.001966
-0.004114
-0.004369
-0.002002
0.004260
0.010631
0.012160
0.010703
0.005424
-0.001311
-0.004587
-0.000582
0.004733
0.004806
0.004988
0.005279
0.003277
-0.001311
-0.001165
-0.001711
-0.001056
-0.000255
0.001274
0.002476
0.002694
0.003131
0.005206
0.006262
0.005170
0.002039
-0.000109
0.001129
0.001893
0.002621
0.002039
0.000910
-0.002039
-0.000728
0.004332
0.009866
0.009284
0.005789
0.000947
-0.001347
-0.001493
0.003131
0.008665
0.008992
0.007609
0.006262
0.002730
-0.000874
-0.002694
-0.000073
0.000619
0.002184
0.006225
0.008191
0.009101
0.004478
0.003313
0.001493
0.003677
0.003495
0.003422
0.006153
0.008847
0.009975
0.006844
0.003167
0.001238
-0.000036
0.003058
0.003859
0.006153
0.005497
0.006007
0.005789
0.002730
0.001930
0.000182
0.000182
0.004005
0.005934
0.007427
0.005643
0.007682
0.007463
0.004660
0.003495
0.004514
0.007208
0.006662
0.006808
0.007318
0.006917
0.005789
0.003095
0.004041
0.003531
-0.000837
-0.005752
-0.005534
-0.000546
0.003058
0.004260
0.002840
0.001893
0.002694
0.003859
0.004442
0.005679
0.008082
0.005861
0.005315
0.006735
0.003568
-0.000728
-0.005352
-0.003459
0.000473
0.009575
0.016201
0.014926
0.008228
0.003823
0.000728
-0.002621
-0.005679
-0.002148
0.001529
0.006954
0.009866
0.011322
0.009284
0.007682
0.007463
0.003677
-0.001420
-0.003022
-0.001565
0.003422
0.006589
0.006298
0.004478
0.002148
0.001129
-0.001165
-0.001274
0.002912
0.007536
0.008301
0.006808
0.004988
0.006407
0.007645
0.010121
0.012050
0.010303
0.007900
0.006589
0.005315
0.002658
-0.000910
-0.004041
-0.004150
-0.003277
-0.003422
-0.000910
0.003677
0.005242
0.007500
0.009393
0.008883
0.010266
0.007827
0.004223
0.002221
0.001092
0.000692
0.000801
0.001893
0.004842
0.007864
0.009502
0.003531
-0.004988
-0.012305
-0.010412
-0.001092
0.012123
0.023118
0.029088
0.032947
0.032256
0.023081
0.004624
-0.014708
-0.031964
-0.037862
-0.027632
-0.009684
0.009830
0.026649
0.035860
0.038299
0.030690
0.010266
-0.017366
-0.034040
-0.036588
-0.025193
-0.008301
0.009211
0.022899
0.025593
0.017366
-0.000874
-0.017438
-0.026212
-0.022972
-0.007937
0.013070
0.025448
0.022972
0.010412
-0.002148
-0.010703
-0.011359
-0.007099
-0.001711
-0.002621
-0.001784
0.003204
0.007791
0.008665
0.008046
0.007500
0.002148
-0.009939
-0.016892
-0.019550
-0.013980
-0.005497
0.002403
0.010558
0.012196
0.010194
0.007718
0.005607
-0.005242
-0.019040
-0.027523
-0.028688
-0.018749
-0.002366
0.013397
0.019805
0.009793
-0.005170
-0.012779
-0.010667
-0.007208
-0.005497
-0.006007
-0.009138
-0.008737
-0.007463
0.001129
0.006371
0.001966
-0.002949
-0.007645
-0.011322
-0.013871
-0.011759
-0.004551
0.000510
0.001930
-0.000692
-0.004077
-0.006699
-0.007245
-0.006007
-0.005060
-0.004150
-0.003531
0.001784
0.010121
0.013871
0.007718
-0.005206
-0.016055
-0.023992
-0.022135
-0.010230
0.002257
0.011686
0.015400
0.016456
0.009793
-0.004478
-0.017329
-0.019659
-0.012087
-0.004405
0.002621
0.005461
0.004551
0.002075
-0.001274
-0.004223
-0.007136
-0.008264
-0.008847
-0.005170
0.004005
0.008592
0.007463
0.003095
-0.003131
-0.008446
-0.011650
-0.010412
-0.008883
-0.005024
0.001347
0.007900
0.009320
0.007208
0.006772
0.006444
0.001784
-0.008992
-0.016820
-0.017693
-0.012014
0.000728
0.010230
0.008992
0.000328
-0.008519
-0.010521
-0.007318
-0.005242
-0.006553
-0.006589
-0.005716
-0.001493
0.005752
0.008956
0.004624
-0.002403
-0.008046
-0.011468
-0.011796
-0.006116
0.000000
0.005497
0.005752
0.000000
-0.003677
-0.009247
-0.012160
-0.010048
-0.003022
0.001930
0.002184
0.001347
-0.001893
-0.007172
-0.010194
-0.007754
-0.003531
-0.001638
0.002694
0.002039
-0.003604
-0.007645
-0.007427
-0.003750
-0.001747
0.001238
-0.000473
-0.003058
0.000146
0.001383
0.001019
-0.002548
-0.004915
-0.006735
-0.006480
-0.000546
0.002221
0.003204
0.000619
-0.001274
-0.001747
-0.004769
-0.004478
-0.000692
0.003604
0.003895
0.003058
0.001347
-0.002730
-0.002075
-0.001893
-0.002767
-0.001019
-0.000874
0.003459
0.002803
0.003095
0.003386
0.001129
-0.004077
-0.004988
0.000546
0.002840
0.004951
0.002476
0.001420
0.001784
-0.001966
0.001311
0.003204
-0.000109
0.000000
-0.000109
-0.003968
-0.002985
0.000874
0.002257
0.005971
0.002512
-0.001092
0.002476
0.001675
0.001966
0.007682
0.004369
-0.003677
-0.000947
0.005279
0.004733
0.009538
0.011104
0.003568
-0.005352
-0.004769
0.002002
0.005170
0.008082
0.007172
0.002621
-0.001056
-0.001056
0.004041
0.003167
-0.000182
0.001747
0.004332
0.003859
0.003459
0.005060
0.006116
0.004369
0.002512
0.003386
0.006080
0.003859
0.000801
0.002730
0.003859
0.001274
-0.001092
-0.001201
0.000837
0.002257
0.004114
0.006371
0.007172
0.004405
0.001638
0.003022
0.003459
0.003022
0.000765
0.002658
0.004005
0.004296
0.004769
0.004041
0.002512
0.001092
0.002585
0.005752
0.005170
0.003240
0.001165
0.004005
0.004005
0.001311
0.004587
0.006262
0.007063
0.006225
0.007245
0.007937
0.010631
0.009902
0.008046
0.006917
0.003750
0.000837
0.000546
0.000510
0.001056
0.001274
0.002221
0.001165
-0.001383
0.000619
0.003641
0.007099
0.006699
0.005206
0.001747
0.003422
0.006699
0.005424
0.007500
0.007026
0.006043
0.010048
0.007172
0.000146
-0.002548
-0.001565
-0.001638
0.002476
0.006517
0.004332
0.001092
0.002184
0.004878
0.005971
0.004769
0.003786
0.005497
0.007827
0.006553
0.005971
0.005679
0.003677
0.004769
0.004442
0.004733
0.003786
0.002658
0.002985
0.004005
0.005206
0.005206
0.006553
0.006881
0.007281
0.007791
0.007572
0.007099
0.004660
0.004332
0.003750
0.003058
0.003604
0.004077
0.004733
0.004806
0.005643
0.004077
0.002075
0.002366
0.002876
0.003459
0.004260
0.007136
0.006954
0.007026
0.007572
0.006772
0.005133
0.004077
0.004005
0.001638
0.002366
0.004660
0.003422
0.005170
0.006262
0.007463
0.007318
0.005898
0.007136
0.005861
0.005097
0.006371
0.006444
0.006153
0.007136
0.003167
0.000655
0.003313
0.000837
0.002840
0.006735
0.003531
0.004369
0.006772
0.006881
0.009174
0.008337
0.007718
0.007427
0.005024
0.005315
0.005898
0.003859
0.002621
0.000947
0.003167
0.005934
0.007281
0.007281
0.005242
0.005024
0.003677
0.003823
0.005206
0.005825
0.006298
0.007136
0.009174
0.007754
0.006662
0.006990
0.005388
0.003058
0.000291
0.001238
0.002476
0.001056
0.001347
0.001638
0.004041
0.005934
0.007754
0.008592
0.008847
0.009720
0.010339
0.011177
0.010740
0.007026
0.004915
0.003968
0.003568
0.004114
0.004660
0.005789
0.005424
0.004114
0.003895
0.004915
0.005315
0.004332
0.004624
0.004842
0.003859
0.004223
0.005716
0.008410
0.008410
0.007754
0.006881
0.006480
0.006626
0.006735
0.006735
0.004442
0.002512
0.004005
0.007172
0.007973
0.007463
0.008228
0.007973
0.006844
0.004296
0.002439
0.004733
0.003641
0.003459
0.005170
0.006881
0.007318
0.006444
0.005679
0.006480
0.007609
0.008264
0.010594
0.009466
0.005097
0.002658
0.003568
0.005424
0.006444
0.010376
0.012087
0.010412
0.007645
0.004842
0.006772
0.008446
0.009502
0.007208
0.004478
0.004514
0.004296
0.007281
0.007536
0.004551
0.004878
0.005789
0.003095
0.004842
0.009247
0.009247
0.010521
0.011541
0.008119
0.006589
0.009065
0.007973
0.005315
0.004041
0.003531
0.003568
0.008155
0.008992
0.005461
0.003641
0.005206
0.006699
0.004842
0.004187
0.006043
0.007318
0.008665
0.007791
0.007572
0.005388
0.003823
0.002658
0.002621
0.003531
0.003968
0.006444
0.006517
0.005607
0.005424
0.006444
0.007318
0.006262
0.005934
0.006553
0.007136
0.007354
0.007099
0.007281
0.006189
0.004842
0.002366
0.002767
0.004187
0.004442
0.004733
0.006772
0.007572
0.005352
0.004296
0.005133
0.008119
0.008009
0.004951
0.004260
0.004915
0.005898
0.007026
0.009065
0.006043
0.002294
0.005024
0.006007
0.005315
0.005461
0.006517
0.007937
0.010012
0.008446
0.006662
0.008628
0.008337
0.008519
0.008446
0.005898
0.004405
0.004041
0.006407
0.005679
0.002985
0.000947
0.001602
0.004041
0.003568
0.003240
0.004769
0.003677
0.003568
0.005424
0.007937
0.008046
0.006990
0.005170
0.001784
0.002221
0.004514
0.007463
0.008191
0.007318
0.005534
0.003240
0.000655
0.001201
0.003750
0.007572
0.010266
0.012779
0.011031
0.006517
0.002075
0.000765
0.001238
0.003058
0.004696
0.004769
0.003495
0.002985
0.001311
0.002330
0.004806
0.008046
0.005315
0.003968
0.008410
0.008483
0.006662
0.004988
0.003968
0.006007
0.005388
0.003895
0.003859
0.005461
0.006225
0.005279
0.004150
0.002184
0.002730
0.004587
0.005097
0.005279
0.005716
0.006407
0.005534
0.004514
0.003349
0.002658
0.003240
0.003058
0.004988
0.007390
0.007463
0.006589
0.008191
0.009356
0.008555
0.006444
0.004260
0.003349
0.005206
0.006553
0.007500
0.008992
0.009611
0.004369
-0.000983
-0.001529
0.002476
0.006517
0.005934
0.003604
0.003131
0.003859
0.005789
0.007682
0.008046
0.005315
0.002585
0.001747
0.000400
0.002476
0.006007
0.008119
0.006371
0.006189
0.009356
0.010121
0.009029
0.008046
0.007536
0.005716
0.004260
0.005534
0.002330
0.003204
0.004806
0.001711
-0.000473
0.000947
0.002694
0.002621
0.007937
0.011723
0.012487
0.011759
0.007937
0.005060
0.004405
0.004514
0.002294
0.002658
0.007245
0.003604
-0.002985
-0.001565
0.002221
0.002403
0.005534
0.007026
0.005497
0.003495
0.004041
0.005789
0.007318
0.010740
0.009611
0.008956
0.007937
0.005461
-0.000218
0.006007
0.005789
0.002840
0.001493
0.005170
-0.004041
-0.015509
-0.007245
0.011213
0.019914
0.014635
0.012524
0.009757
-0.002112
-0.009247
0.000073
0.011759
0.013179
0.008919
0.005315
0.002439
0.002002
0.002403
0.001129
-0.000801
-0.002148
0.001602
0.010958
0.013543
0.006371
-0.001966
-0.005315
0.003277
0.012232
0.014162
0.009975
0.002985
0.002112
0.005315
0.007281
0.005388
0.004733
0.005643
0.006080
0.006626
0.005315
0.002803
0.002330
-0.000437
-0.000255
0.004915
0.005607
0.002512
-0.001274
0.001165
0.007937
0.011577
0.017002
0.015873
0.011868
0.006589
0.002585
-0.000582
-0.006626
-0.008956
-0.006517
0.000510
0.007609
0.012014
0.012779
0.008483
0.001711
-0.002366
-0.002184
0.001602
0.002184
0.001966
0.005607
0.010849
0.012087
0.008628
0.000874
-0.002512
-0.001857
-0.003131
0.000328
0.002585
0.007354
0.009138
0.010012
0.011286
0.006153
-0.000874
-0.005861
-0.012487
-0.013652
-0.004660
0.010012
0.022171
0.025157
0.023882
0.020424
0.010194
-0.008446
-0.020060
-0.017766
-0.012342
-0.005461
0.007318
0.019150
0.026904
0.027851
0.023992
0.007572
-0.015363
-0.029562
-0.030144
-0.014890
0.006917
0.018276
0.019186
0.014526
0.006699
0.000801
0.004260
0.005752
0.000473
-0.006043
-0.005097
-0.002257
-0.004842
-0.010813
-0.013689
-0.004842
0.005315
0.009648
0.011322
0.010194
0.002476
-0.001493
-0.000983
0.002075
0.002949
0.004260
0.006262
0.002585
-0.002985
-0.009720
-0.012269
-0.013106
-0.006954
0.008519
0.016019
0.010922
0.001311
-0.005861
-0.004478
-0.002658
-0.005388
-0.002694
0.002148
-0.003459
-0.018458
-0.012851
0.007973
0.021370
0.019768
0.009356
0.000073
-0.009211
-0.008810
0.000473
0.000947
-0.015072
-0.033712
-0.036734
-0.021807
0.001638
0.020060
0.029525
0.027705
0.008082
-0.013761
-0.029562
-0.033639
-0.027450
-0.014344
0.004187
0.021370
0.028105
0.023336
0.005279
-0.014526
-0.025229
-0.028433
-0.022317
-0.012160
-0.001711
0.007026
0.011614
0.011796
0.012451
0.005170
-0.009575
-0.025302
-0.027159
-0.020424
-0.009975
-0.001930
0.005898
0.013761
0.015837
0.012596
0.006808
-0.005898
-0.018021
-0.028178
-0.027778
-0.018094
-0.007245
0.002767
0.006772
0.012014
0.010885
0.007318
-0.000146
-0.009429
-0.017256
-0.020861
-0.017584
-0.010012
-0.004514
0.002548
0.007245
0.006844
0.003131
-0.000546
-0.008737
-0.015363
-0.018094
-0.014817
-0.007281
-0.000983
0.004988
0.004915
0.001711
-0.002257
-0.005789
-0.006153
-0.007791
-0.009174
-0.011359
-0.007827
-0.003204
-0.002476
0.000510
0.000692
-0.001347
-0.004696
-0.005971
-0.007827
-0.010485
-0.009902
-0.006116
-0.004041
-0.000582
0.001602
0.001966
-0.000073
-0.004114
-0.005716
-0.006589
-0.008956
-0.012524
-0.010303
-0.004733
-0.003713
-0.002075
0.002221
0.006917
0.004624
0.000036
-0.005060
-0.009429
-0.010995
-0.008155
-0.003641
-0.001602
0.000910
0.002985
0.002221
-0.002439
-0.005497
-0.006007
-0.006699
-0.008883
-0.007536
-0.005097
-0.003313
-0.000801
0.002366
0.002694
0.000765
-0.002803
-0.005971
-0.006772
-0.003968
-0.001420
0.000692
0.003131
0.002658
0.001930
-0.001201
-0.004842
-0.008337
-0.006808
-0.003277
0.001820
0.005607
0.005716
0.003604
-0.000146
-0.003058
-0.005279
-0.003240
-0.000255
0.004114
0.008155
0.006153
0.001347
-0.001529
-0.002730
-0.003459
-0.000364
0.002512
0.003895
0.003932
0.002803
0.002184
0.002585
0.001784
-0.001165
-0.003495
-0.002767
-0.000546
0.002621
0.004806
0.004624
0.005388
0.002075
-0.002330
-0.002075
0.002148
0.004187
0.004150
0.006298
0.005752
0.001129
0.000692
0.002840
0.004442
0.005752
0.005679
0.004988
0.005024
0.005170
0.004660
0.000874
-0.002730
-0.003313
-0.000036
0.006371
0.009320
0.010521
0.010922
0.009029
0.007427
0.005607
0.004514
0.002658
0.000765
0.000218
-0.000400
-0.001383
0.000109
0.004114
0.007245
0.006116
0.003022
0.001238
0.000874
0.001784
0.003386
0.003932
0.005534
0.006626
0.007500
0.008665
0.012123
0.011177
0.007900
0.004769
0.001930
0.000000
-0.000146
0.000328
-0.000655
0.001238
0.002548
0.004878
0.007718
0.008446
0.009466
0.007463
0.009065
0.008774
0.007063
0.006298
0.005133
0.002585
0.001893
0.001274
-0.000182
0.000000
0.002439
0.005024
0.007099
0.008046
0.005279
0.002767
0.003932
0.005570
0.006881
0.007318
0.007354
0.006772
0.005060
0.003022
0.001493
0.000801
0.001129
0.002803
0.004114
0.004769
0.005789
0.005825
0.004223
0.003932
0.005060
0.004842
0.005170
0.005497
0.003786
0.004660
0.006735
0.005424
0.003968
0.004369
0.004514
0.003095
0.003277
0.004442
0.005315
0.006225
0.007172
0.008519
0.007937
0.006699
0.006735
0.002876
-0.001711
-0.003204
0.000582
0.003204
0.001493
0.000947
0.006116
0.007390
0.004187
0.006626
0.009247
0.009247
0.005570
0.001383
0.000619
0.001675
0.003313
0.005716
0.007609
0.008701
0.007390
0.004041
0.004077
0.005825
0.004878
0.004733
0.005206
0.006371
0.005570
0.004296
0.003386
0.000619
0.000364
0.001675
0.005534
0.007463
0.009320
0.009902
0.009429
0.007500
0.006735
0.005424
0.003968
0.003641
0.004187
0.004624
0.004915
0.006116
0.007609
0.005206
0.005534
0.006589
0.005679
0.007354
0.006881
0.006662
0.007937
0.006480
0.005825
0.006080
0.005971
0.010048
0.012851
0.012123
0.007827
0.005971
0.009211
0.009356
0.008555
0.009830
0.006080
0.002366
0.004405
0.002621
0.002075
0.002184
0.004442
0.007609
0.010740
0.013179
0.011905
0.008046
0.004150
0.001857
0.002548
0.007063
0.012160
0.013215
0.011577
0.009793
0.006335
0.003022
-0.001056
-0.000546
0.002221
0.004187
0.007645
0.010449
0.010266
0.008410
0.006699
0.004988
0.003750
0.003750
0.006335
0.008883
0.010339
0.012232
0.012232
0.008119
0.002112
-0.002585
-0.001019
0.003495
0.008119
0.008774
0.008009
0.005133
0.001274
-0.002184
0.000619
0.011359
0.019878
0.018531
0.010048
0.002039
-0.001347
0.001238
0.000983
0.000947
0.005461
0.011322
0.015800
0.013143
0.008446
0.004551
0.001493
-0.000874
-0.000218
0.006480
0.010813
0.009939
0.008592
0.006080
0.003604
0.000146
0.001711
0.004514
0.006626
0.010667
0.012014
0.010885
0.007099
0.006080
0.007281
0.006844
0.002658
0.000947
0.003058
0.007099
0.008737
0.008483
0.006444
0.005789
0.005934
0.007281
0.009065
0.009211
0.007973
0.005497
0.005097
0.005934
0.006589
0.006153
0.004296
0.005388
0.006153
0.003895
0.004077
0.005534
0.004405
0.003968
0.007208
0.008373
0.007245
0.007645
0.009538
0.007390
0.007500
0.004988
0.003058
0.003531
0.003641
0.005898
0.007026
0.009720
0.014089
0.013871
0.009757
0.002694
-0.001129
-0.004842
-0.005060
-0.000182
0.004332
0.010667
0.014744
0.014526
0.011286
0.009939
0.010121
0.005861
0.000473
-0.002257
-0.000765
0.001857
0.006262
0.010376
0.010449
0.008628
0.009393
0.006080
0.001529
-0.001784
-0.001893
-0.000619
0.001092
0.005716
0.009138
0.012232
0.013106
0.011031
0.009502
0.007354
0.003240
0.000692
-0.000947
0.000582
0.000291
0.002439
0.007864
0.011686
0.012779
0.013543
0.014417
0.010849
0.005716
0.003932
0.003604
0.001784
0.001092
0.001311
0.001784
0.000582
-0.000364
-0.000510
-0.000036
0.000801
0.002002
0.005279
0.008774
0.008956
0.008191
0.006772
0.003968
0.001092
0.002075
0.005170
0.005570
0.005789
0.005242
0.006153
0.005133
0.002221
0.001019
0.001201
0.000692
-0.000947
0.000073
0.004332
0.006844
0.007390
0.007463
0.007463
0.003568
0.001456
0.000255
-0.002403
-0.002330
0.000655
0.008337
0.015181
0.018822
0.014817
0.006662
-0.002621
-0.008701
-0.008847
-0.001529
0.006298
0.007827
0.006881
0.006808
0.006844
0.006735
0.005279
0.003786
-0.000073
0.000000
0.003750
0.004260
0.003568
0.004842
0.007172
0.006444
0.004624
0.002585
0.001092
0.002512
0.005934
0.007281
0.007245
0.005752
0.003859
0.004878
0.004260
0.002803
0.001930
0.002148
0.003386
0.003786
0.004733
0.006407
0.007827
0.007500
0.006262
0.006808
0.006444
0.005934
0.004369
0.005424
0.005825
0.005242
0.003677
0.002112
0.003495
0.002803
-0.000437
-0.002039
0.000182
0.003349
0.005752
0.007864
0.009648
0.010995
0.011541
0.008119
0.002767
-0.004624
-0.006735
-0.004296
0.007463
0.014089
0.020970
0.022499
0.014781
0.009466
-0.005789
-0.023118
-0.026358
-0.013288
-0.002840
0.003531
0.011322
0.016638
0.023992
0.026431
0.014562
-0.004842
-0.023518
-0.031892
-0.024210
-0.003932
0.015400
0.025229
0.024283
0.015691
0.005607
-0.004150
-0.012196
-0.014453
-0.009138
0.000218
0.004951
0.006225
0.005206
0.002694
-0.004150
-0.008665
-0.005643
-0.002840
0.000182
0.005497
0.006954
0.006298
0.009939
0.012706
0.007973
-0.001019
-0.007572
-0.009466
-0.006444
-0.001529
0.004150
0.004551
-0.000291
-0.001966
0.000874
0.006371
0.011614
0.009466
-0.000510
-0.006808
-0.008301
-0.009648
-0.005097
0.002730
0.006407
0.006007
-0.003895
-0.014599
-0.012487
0.000837
0.014599
0.020569
0.014963
0.000910
-0.012414
-0.020242
-0.023518
-0.014271
0.001893
0.012196
0.022535
0.032401
0.031782
0.015545
-0.002621
-0.017184
-0.019987
-0.014817
-0.006772
0.001347
0.000328
-0.013507
-0.027268
-0.035205
-0.034913
-0.025957
-0.012414
0.004951
0.020861
0.025957
0.025157
0.012232
-0.005424
-0.014453
-0.008919
-0.006808
-0.017074
-0.018239
-0.007718
-0.008337
-0.017803
-0.030799
-0.039755
-0.043214
-0.037134
-0.025557
-0.020278
-0.011759
-0.001019
0.004223
0.008264
0.010266
0.009611
0.010412
0.010703
0.005170
-0.005825
-0.007281
0.000947
0.005461
0.002949
0.000473
0.002257
-0.002075
-0.001966
0.001711
0.000000
0.002221
0.009101
0.011067
0.000182
-0.010339
-0.015582
-0.020460
-0.019768
-0.014890
-0.008701
-0.006808
-0.011286
-0.012196
-0.011140
-0.012378
-0.012232
-0.009902
-0.009174
-0.010885
-0.008992
-0.007718
-0.006444
-0.002439
-0.003131
-0.008337
-0.014744
-0.016747
-0.017293
-0.013616
-0.007172
-0.005497
-0.006371
-0.004514
-0.002039
-0.002221
-0.003167
-0.003131
-0.004405
-0.006007
-0.004951
-0.001420
0.000000
-0.001565
-0.007791
-0.011832
-0.010266
-0.010012
-0.007099
-0.001966
0.001711
0.003095
0.003859
0.002803
-0.004915
-0.011213
-0.015036
-0.015655
-0.011322
-0.009029
-0.011577
-0.014089
-0.010449
-0.006043
-0.004223
-0.003131
-0.002512
-0.003386
-0.004806
-0.004223
-0.006407
-0.010740
-0.012123
-0.010885
-0.006116
-0.002512
-0.001201
-0.001092
-0.002330
-0.003750
-0.004696
-0.005643
-0.004988
-0.003859
-0.006043
-0.008774
-0.006444
-0.002330
-0.001056
-0.002221
-0.000983
0.000437
0.001565
0.000874
0.000255
0.000328
0.001383
0.000328
-0.000510
-0.000801
-0.003058
-0.003786
-0.003568
-0.002658
-0.001420
-0.002112
-0.002658
-0.003786
-0.002257
-0.000874
-0.001274
-0.001638
-0.002694
-0.002366
-0.001784
0.000473
0.002294
0.002002
0.002985
0.002294
0.002403
0.001966
0.001311
0.001238
0.000400
0.000692
0.000983
-0.000255
-0.002148
-0.003495
-0.002403
-0.000655
0.002621
0.003823
0.004405
0.001201
0.000400
0.001493
0.005170
0.007354
0.005352
0.001019
-0.003823
-0.005388
-0.003313
-0.000619
0.003058
0.004296
0.008701
0.008628
0.000182
-0.007937
-0.005461
0.002148
0.007099
0.008883
0.009101
0.004660
-0.000073
-0.001201
0.001019
0.003349
0.004478
0.002949
-0.001565
-0.001383
0.000328
0.000655
0.001238
0.004842
0.009466
0.010631
0.008774
0.006662
0.003167
0.001420
-0.001675
-0.000655
0.002730
0.005242
0.008046
0.006480
0.002658
-0.000619
0.001056
0.003131
0.005789
0.010849
0.008919
0.005570
0.001456
-0.003786
-0.003386
-0.000109
0.003095
0.006298
0.009174
0.008191
0.006262
0.006043
0.008082
0.007354
0.006189
0.004915
0.000510
0.001930
0.002585
0.003750
0.004660
0.004041
0.003713
0.002949
0.001784
0.001383
0.001747
0.003713
0.005170
0.007463
0.009320
0.009247
0.007354
0.005060
0.006407
0.006080
0.005133
0.004587
0.004842
0.006225
0.005097
0.003277
0.002949
0.003349
0.005097
0.004733
0.004114
0.004369
0.004478
0.005461
0.006444
0.006553
0.008228
0.008737
0.008737
0.006808
0.004624
0.002876
0.001201
-0.000073
0.000546
0.000000
0.000000
0.001784
0.004150
0.006662
0.009029
0.010631
0.011868
0.010995
0.011723
0.011104
0.008847
0.007682
0.008555
0.010266
0.010012
0.010121
0.009793
0.008119
0.006553
0.004769
0.003604
0.002512
0.002694
0.003495
0.004660
0.006517
0.008337
0.009975
0.010266
0.012305
0.009575
0.002002
0.002840
0.007245
0.005424
-0.000400
0.001784
0.006153
0.008155
0.009065
0.009320
0.007864
0.006371
0.007973
0.010230
0.008264
0.008592
0.011249
0.009939
0.005898
0.005461
0.004915
0.005315
0.007791
0.006553
0.005242
0.008082
0.011395
0.009538
0.008446
0.010485
0.010594
0.007536
0.004624
0.006553
0.012196
0.013798
0.009538
0.001820
0.002075
0.005279
0.001675
-0.003786
-0.002658
0.004514
0.012669
0.021261
0.021953
0.015181
0.007318
0.001456
-0.004114
-0.008119
-0.003459
0.008847
0.020460
0.025302
0.017803
0.004988
-0.006043
-0.008337
-0.002585
0.002476
0.006189
0.007463
0.006589
0.006808
0.008555
0.007099
0.005789
0.008446
0.011796
0.005716
-0.005789
-0.013252
-0.016383
-0.013543
0.005934
0.002876
-0.001493
0.013143
0.013252
0.009575
0.016091
0.016747
0.015873
0.023154
0.016237
0.003386
-0.017256
-0.032984
-0.031564
-0.010194
0.014308
0.022353
0.020424
0.016929
0.008446
-0.000364
-0.001930
-0.006626
-0.015982
-0.014126
-0.002257
0.004332
0.002840
0.003131
0.005497
0.008555
0.008046
0.005679
0.003895
0.003022
0.000910
-0.001493
-0.001420
-0.004878
-0.007718
-0.008410
-0.005534
0.001092
0.007281
0.009793
0.013106
0.010922
0.001311
-0.007609
-0.014999
-0.018676
-0.019040
-0.002039
0.017621
0.021480
0.020242
0.013033
-0.001565
-0.011359
-0.014635
-0.015618
-0.011067
0.001274
0.009793
0.013325
0.013470
0.006480
-0.008082
-0.016892
-0.016747
-0.009502
-0.004405
0.003277
0.010230
0.007827
0.003968
0.002912
0.000000
-0.002585
-0.002621
-0.005534
-0.006917
-0.003895
-0.002730
-0.003422
-0.003895
-0.000255
0.004624
0.008046
0.008410
0.006662
0.009029
0.010084
0.009866
0.005279
0.000473
-0.004332
-0.007718
-0.005570
0.000473
0.004514
-0.002148
-0.008337
-0.006189
-0.000837
0.007500
0.015254
0.019441
0.014781
0.005716
-0.002403
-0.005279
-0.004041
-0.003277
0.001675
0.007900
0.008191
0.005424
0.003459
0.000655
-0.002257
-0.004041
-0.002148
-0.002294
-0.001930
-0.001056
-0.000400
-0.001311
-0.001930
-0.000510
0.001930
0.006407
0.008919
0.007463
0.001019
-0.008155
-0.011395
-0.008483
-0.002439
0.006662
0.011723
0.010703
0.006298
0.002366
-0.003495
-0.003677
-0.001784
-0.006662
-0.009830
-0.007208
-0.000218
0.007718
0.009684
0.003823
-0.006043
-0.009611
-0.005934
-0.003495
-0.000510
0.005898
0.010558
0.006298
0.000510
-0.004260
-0.004332
-0.001784
-0.003313
-0.000291
0.003313
0.000218
-0.004260
-0.006116
-0.004915
-0.002039
0.000510
0.004369
0.002403
0.000473
-0.000546
0.000983
0.004187
0.002803
-0.001311
-0.002002
0.002002
0.003277
0.000291
-0.002366
-0.004041
-0.002512
-0.002002
-0.000728
-0.000364
0.001092
0.004660
0.003677
0.001201
0.004296
0.008337
0.007136
0.009284
0.013980
0.011359
0.008701
0.003495
-0.002876
-0.003095
0.006589
0.017985
0.015946
0.005424
-0.007026
-0.016747
-0.012596
0.005752
0.019259
0.023955
0.024829
0.023773
0.022936
0.029161
0.028834
0.008847
-0.014417
-0.025339
-0.033530
-0.036442
-0.034549
-0.032401
-0.024501
-0.014235
-0.017657
-0.030545
-0.035496
-0.027996
-0.011286
0.003131
0.005752
-0.005279
-0.012742
-0.008628
0.006444
0.023773
0.035059
0.035860
0.027232
0.018421
0.010594
0.002730
-0.010194
-0.024210
-0.029343
-0.023810
-0.011031
0.003240
0.011213
0.010194
0.000801
-0.010958
-0.016419
-0.008191
0.003968
0.008301
0.006844
0.006153
0.006080
0.007427
0.006808
0.006626
0.007937
0.009575
0.005133
-0.000947
-0.000728
0.003167
0.005097
0.001675
-0.003641
-0.011067
-0.019186
-0.022135
-0.016892
-0.008592
-0.001311
0.003495
0.001456
-0.008774
-0.023518
-0.030326
-0.019659
0.003531
0.015545
0.010703
-0.002949
-0.014490
-0.016091
-0.009939
0.000582
0.009356
0.009174
0.004478
-0.005898
-0.013215
-0.009320
0.002694
0.012742
0.011504
0.000218
-0.010485
-0.011468
-0.005716
-0.000692
0.003240
0.007172
0.003750
-0.008009
-0.019441
-0.021225
-0.019477
-0.012997
-0.002366
0.004878
0.008883
0.016492
0.029380
0.030472
0.015582
-0.004005
-0.021225
-0.032984
-0.043724
-0.040229
-0.009757
0.019186
0.042741
0.047837
0.025957
-0.010376
-0.052534
-0.066732
-0.055665
-0.023227
0.005825
0.012050
0.008555
-0.001129
-0.013288
-0.020533
-0.025812
-0.017293
-0.003568
0.015108
0.036806
0.046308
0.044670
0.021334
-0.012706
-0.049694
-0.077945
-0.084498
-0.070300
-0.034149
0.006335
0.035387
0.056138
0.050131
0.022863
-0.007136
-0.025593
-0.037644
-0.043032
-0.036078
-0.025375
-0.016419
-0.011686
-0.008191
0.001420
0.010740
0.017329
0.014781
0.008592
-0.000255
-0.014562
-0.031928
-0.041758
-0.040593
-0.025375
-0.003349
0.007754
0.010194
0.014999
0.010194
-0.002767
-0.011796
-0.021188
-0.023045
-0.020569
-0.023445
-0.017293
-0.009429
-0.002294
0.005279
0.004369
0.001092
0.003495
0.000801
-0.004223
-0.006480
-0.011359
-0.016164
-0.011577
-0.007063
-0.007937
-0.008337
-0.006517
-0.004769
-0.004988
-0.000182
0.006080
0.004624
-0.003604
-0.007791
-0.006626
-0.007136
-0.008847
-0.007754
-0.007172
-0.004551
-0.003167
-0.004660
-0.009284
-0.011577
-0.010740
-0.006517
-0.000837
0.003495
0.003459
0.001565
-0.004005
-0.010521
-0.012924
-0.011541
-0.006844
-0.002585
-0.000146
0.000291
0.000510
0.000910
-0.001201
-0.003022
-0.001857
0.002039
0.003568
0.000073
-0.006662
-0.011104
-0.009502
-0.005752
-0.006589
-0.006080
-0.004769
-0.003495
0.003786
0.007463
-0.000874
-0.008155
-0.010667
-0.012414
-0.010339
-0.002512
0.003313
0.005206
0.006080
0.004005
-0.001893
-0.005461
-0.007645
-0.007827
-0.006735
-0.003968
0.002912
0.006007
0.003859
-0.001966
-0.008228
-0.008082
-0.006990
-0.002876
0.000874
0.003022
0.004842
0.003932
0.003713
0.001092
-0.000983
-0.004077
-0.005861
-0.004260
0.000109
0.003641
0.004223
0.003677
0.002621
0.001165
-0.000765
-0.002002
0.000291
0.000146
-0.001675
-0.001893
-0.000655
0.002294
0.003895
0.004988
0.005752
0.005789
0.002039
-0.001711
-0.001966
-0.001857
-0.003313
-0.000874
0.005024
0.006007
0.004260
0.002112
0.001347
0.000000
0.000582
-0.000291
-0.002257
-0.000546
0.003531
0.007609
0.010776
0.007318
0.002439
-0.001675
-0.002512
-0.000728
0.004114
0.008337
0.009320
0.007718
0.002730
-0.002621
-0.006262
-0.007099
-0.008337
-0.006116
-0.004769
-0.001820
0.002403
0.007500
0.010266
0.008592
0.005570
0.002658
0.002912
0.006772
0.008992
0.009284
0.006954
0.003422
0.001238
-0.001529
-0.004514
-0.003022
0.001784
0.003713
0.004296
0.006589
0.007063
0.009793
0.011286
0.009356
0.008774
0.007281
0.004842
-0.000400
-0.004150
-0.006772
-0.007354
-0.002366
0.001420
0.006735
0.009684
0.007864
0.005279
0.001529
0.002002
0.004842
0.006990
0.006772
0.006225
0.008337
0.007427
0.005242
0.004915
0.004842
0.004369
0.005461
0.005315
0.003713
0.003022
0.002039
0.000837
0.002039
0.002512
0.000874
-0.000874
-0.003786
-0.003531
-0.002148
0.000947
0.007245
0.012524
0.016201
0.013252
0.007318
0.004296
0.002585
0.001529
0.000619
0.002512
0.002621
0.002439
0.004769
0.006517
0.006553
0.003313
0.001274
0.001311
0.004077
0.005206
0.002985
0.005461
0.003240
-0.002184
-0.004150
-0.004842
-0.002512
0.003895
0.005133
0.007427
0.005206
0.001238
0.000000
-0.001165
-0.001820
-0.002184
0.002876
0.003277
0.003095
0.002803
0.005607
0.004878
0.004296
-0.000983
-0.004988
-0.011104
-0.016346
0.001165
0.021807
0.017912
0.009429
0.001820
-0.007318
-0.008592
-0.004806
0.001383
0.005206
0.006553
0.005679
0.006444
0.005060
-0.005024
-0.012924
-0.004587
0.005060
0.008446
0.010776
0.014635
0.011905
0.002949
-0.000765
0.000109
-0.000692
0.004041
0.011395
0.014635
0.013543
0.006917
-0.002585
-0.008810
-0.012342
-0.010558
-0.003750
0.004260
0.011650
0.014380
0.017548
0.019077
0.013325
0.008009
0.009393
0.008301
0.006298
0.004442
0.005643
0.011686
0.015909
0.016528
0.014672
0.013616
0.014999
0.016783
0.017256
0.008082
-0.007318
-0.020861
-0.026977
-0.022790
-0.011868
-0.001420
-0.000291
-0.003167
-0.007208
-0.011759
-0.013980
-0.014380
-0.008264
0.000364
0.008847
0.014016
0.016856
0.017329
0.019040
0.021079
0.022280
0.017730
0.011359
0.005679
0.002039
-0.003240
-0.008555
-0.009174
-0.006917
-0.004478
0.004551
0.012779
0.013325
0.013579
0.013470
0.010266
0.006954
0.006917
0.009393
0.011759
0.011941
0.009101
0.002366
-0.006553
-0.007754
-0.002512
-0.001347
-0.005024
-0.006917
-0.005206
0.000510
0.001893
0.001784
0.000364
-0.004369
-0.007937
-0.007208
-0.006990
-0.015291
-0.011249
0.004041
0.018968
0.026977
0.016747
-0.000837
-0.016747
-0.019805
-0.008737
0.002476
0.006844
0.006844
0.006335
0.003204
-0.002366
-0.004369
-0.002330
-0.002621
-0.002403
-0.002767
-0.002148
-0.000473
0.007136
0.010776
0.009866
0.007354
0.000073
-0.003568
-0.004005
-0.004733
-0.007791
-0.011468
-0.010157
-0.007827
-0.003859
-0.001238
0.002949
0.004187
0.001966
-0.000837
-0.006699
-0.009247
-0.008810
-0.001784
0.009211
0.013252
0.010194
0.001893
-0.008992
-0.016128
-0.015655
-0.007572
0.003386
0.009138
0.005424
0.000473
-0.003932
-0.007063
-0.008337
-0.007864
-0.002912
0.003531
0.007500
0.005279
0.001857
-0.001274
-0.002512
-0.000073
0.004223
0.008446
0.009502
0.006735
0.004150
0.003823
0.003204
0.001784
0.003677
0.005170
0.002221
-0.002621
-0.006480
-0.008992
-0.009502
-0.006189
-0.000146
0.006444
0.008810
0.005825
0.002257
0.000364
-0.000619
-0.001638
-0.003240
-0.001784
-0.001857
-0.004041
-0.003058
-0.004150
-0.006589
-0.005934
0.000073
0.005206
0.006517
0.006881
0.005279
0.002876
0.002658
0.003349
0.004005
0.002512
-0.003641
-0.004114
0.001092
0.004769
0.008082
0.006407
0.000874
-0.002476
-0.006917
-0.004077
0.005497
0.010594
0.007063
0.000473
-0.004260
-0.006080
-0.004332
0.006298
0.015582
0.015873
0.012414
0.009575
0.006517
0.002330
-0.001529
-0.005170
-0.006153
-0.003459
-0.002294
-0.002585
-0.001711
0.000728
0.003277
0.003349
0.005461
0.005170
0.002949
-0.001019
-0.003932
-0.003531
-0.002039
-0.000328
0.001165
0.003422
0.003823
0.003313
0.002803
0.001930
0.003167
0.005534
0.007463
0.004915
-0.000109
-0.004077
-0.005534
-0.002148
0.001347
0.003058
0.001602
0.000073
-0.000109
0.000473
0.001456
0.001092
0.001565
0.004296
0.006153
0.005971
0.004988
0.003277
0.000510
-0.001638
-0.002658
-0.002075
0.001966
0.005716
0.007463
0.007791
0.006881
0.000437
-0.003750
-0.003277
0.001165
0.004478
0.005279
0.006699
0.005388
0.002548
-0.000473
-0.000910
-0.002002
-0.002257
-0.000983
0.000437
0.001420
0.002330
0.004223
0.004369
0.001638
0.002876
0.003568
0.003095
0.000218
0.000109
0.001092
0.001602
0.003167
0.003604
0.003495
0.001347
-0.000400
0.000218
0.001238
0.001565
0.001966
0.003932
0.005060
0.004478
0.004332
0.006080
0.006844
0.003895
0.001238
0.002548
0.003204
0.004005
0.003531
0.004077
0.003277
0.003750
0.004041
0.002585
0.001056
-0.002039
-0.004187
-0.003058
0.001056
0.007973
0.010230
0.010849
0.007354
0.002403
-0.002803
-0.006954
-0.005388
-0.003422
0.002148
0.006371
0.005898
0.004660
0.005497
0.004733
0.000619
-0.000328
0.001019
0.000619
0.000801
-0.000073
0.001529
0.006153
0.007172
0.002403
0.000619
0.006080
0.008483
0.005752
0.004296
0.005570
0.005643
0.005934
0.003859
-0.003349
-0.009720
-0.008155
0.000364
0.007791
0.009320
0.005898
0.002585
0.002112
0.002476
0.004041
0.003641
-0.000218
-0.003750
-0.006080
-0.004260
-0.001274
0.004041
0.010012
0.012451
0.012378
0.009211
0.003349
-0.000328
-0.002294
-0.002439
0.000837
0.005133
0.002403
-0.003058
-0.004442
-0.002112
0.003713
0.008701
0.013507
0.015837
0.013288
0.006517
-0.002949
-0.011723
-0.012196
-0.010667
-0.008446
-0.005607
-0.003095
0.000400
0.002294
0.009684
0.017693
0.017438
0.004187
-0.014126
-0.028542
-0.031018
-0.020242
-0.001165
0.016528
0.027596
0.023373
0.009648
-0.005679
-0.015145
-0.018895
-0.016273
-0.007864
0.000619
0.002730
0.002767
0.001274
-0.004005
-0.006990
-0.007900
-0.003568
0.000473
-0.001383
-0.002767
-0.002366
-0.001930
-0.003823
-0.005825
-0.005971
-0.006153
-0.006335
-0.004696
-0.002985
-0.002803
-0.003531
-0.000073
-0.000801
-0.002658
-0.006335
-0.006153
-0.003495
-0.006007
-0.007536
-0.004187
-0.001129
-0.001383
-0.001857
-0.003786
-0.006517
-0.003386
-0.000400
0.003131
0.002330
-0.005497
-0.012123
-0.013033
-0.009174
-0.006298
-0.003495
-0.001784
-0.002621
-0.000874
0.001565
0.002730
0.000073
-0.006808
-0.009356
-0.006735
-0.003386
-0.000983
0.000765
0.002184
-0.000109
-0.002840
-0.002002
-0.000291
-0.001129
-0.001165
-0.002985
-0.004587
-0.000510
0.002512
0.002912
0.001820
-0.002585
-0.006116
-0.005170
-0.004369
-0.006553
-0.009174
-0.009393
-0.011140
-0.011359
-0.006444
-0.002840
0.000801
-0.000364
-0.006990
-0.005898
-0.006954
-0.011759
-0.012669
-0.004733
0.003349
0.009247
0.013616
0.013470
0.012123
0.005752
0.001347
-0.006335
-0.015509
-0.012779
-0.002949
0.010776
0.019586
0.011431
0.000328
-0.013252
-0.028870
-0.026504
-0.012232
-0.002366
0.005497
0.004587
-0.003895
-0.010776
-0.000983
0.011978
0.005679
-0.001675
-0.005607
-0.005825
0.002876
0.004260
-0.002512
-0.006043
-0.002912
0.004696
0.004733
0.000364
-0.002949
-0.003095
-0.002621
-0.004769
-0.009284
-0.008701
-0.003095
-0.000473
-0.001675
-0.002221
-0.002730
-0.004005
-0.006298
-0.006189
-0.002585
0.001493
0.003786
0.003459
0.003131
0.002621
0.000728
-0.001092
-0.000182
0.001347
-0.000255
0.001930
0.007354
0.011723
0.008737
0.001638
-0.001529
-0.004114
-0.010412
-0.014417
-0.011796
-0.010121
-0.008446
-0.006407
-0.007536
-0.010667
-0.008264
0.000182
0.009684
0.013434
0.009029
0.002112
-0.005170
-0.008155
-0.006917
-0.004442
-0.000073
-0.000400
-0.004842
-0.005934
-0.002621
0.000546
0.004842
0.005461
0.002840
0.001092
-0.001238
-0.001930
-0.001056
-0.002075
0.001711
0.008264
0.005934
-0.002876
-0.005716
0.002476
0.005716
0.000182
-0.010230
-0.015982
-0.010194
-0.005315
-0.005279
0.002949
0.010849
0.007318
0.000000
-0.002876
-0.004551
-0.004041
0.001201
0.005461
0.008592
0.004915
-0.002366
-0.006371
-0.008373
-0.008082
-0.006225
0.000000
0.004114
0.001529
0.002039
0.007827
0.003058
-0.005279
-0.009757
-0.009065
-0.006225
-0.003713
-0.001420
-0.001056
-0.005789
-0.008665
-0.005352
0.000218
0.006262
0.009611
0.007791
0.005060
0.003349
-0.000328
-0.003750
-0.004915
-0.003604
-0.004114
-0.004587
-0.002876
-0.000146
-0.000947
-0.000328
0.000874
0.001019
-0.000291
0.001383
0.002694
0.001019
0.000510
0.001165
-0.000837
-0.004150
-0.002912
-0.000182
0.000692
0.001638
0.002002
0.000874
-0.001711
-0.002985
-0.000255
0.002221
0.002767
0.002002
0.002148
0.001311
-0.002621
-0.003895
-0.004442
-0.002658
-0.000619
0.003240
0.005242
0.004514
0.005060
0.003750
0.001565
-0.000182
-0.001383
-0.000073
-0.000364
0.000546
0.000546
0.000036
0.001747
0.000655
-0.000765
-0.003058
-0.002585
0.000182
0.001820
0.003459
0.004951
0.005497
0.005424
0.004769
0.003713
0.001930
0.000947
-0.000109
-0.002694
-0.002294
0.001711
0.009320
0.010594
0.003204
-0.004587
-0.004733
-0.001747
0.001238
0.004951
0.005971
0.006371
0.008665
0.010157
0.007245
0.004551
0.003459
0.001529
-0.002767
-0.004369
-0.002840
0.000473
0.002949
0.004442
0.004478
0.003713
0.001347
-0.000728
0.000328
0.004915
0.007281
0.005898
0.004442
0.002148
0.000655
0.000437
0.001893
0.005024
0.006990
0.006990
0.005388
0.000510
-0.000910
0.001056
0.003349
0.003677
0.002039
0.000947
0.001456
0.001311
0.000983
0.000582
0.003058
0.004696
0.003495
0.001675
-0.000546
-0.002366
-0.002366
-0.000510
0.001966
0.003823
0.005206
0.006371
0.003240
0.001820
0.002912
0.004296
0.003968
0.004624
0.005315
0.004514
0.003022
0.003204
0.000765
-0.000255
0.001529
0.005133
0.006080
0.003422
0.001274
0.001056
0.003386
0.004332
0.003459
0.002476
0.002949
0.003349
0.000437
-0.002621
-0.001056
0.002803
0.004114
0.003240
0.004260
0.005752
0.006589
0.006043
0.003313
0.001675
0.001711
0.004150
0.006808
0.007536
0.003386
-0.001311
-0.003531
-0.002294
0.000510
0.005497
0.005971
0.003058
0.003823
0.004915
0.003495
0.004260
0.005789
0.005607
0.003932
0.001747
0.001201
0.002294
0.004187
0.004587
0.004733
0.003240
0.002294
0.001820
-0.000546
-0.002803
-0.002148
-0.000546
0.000801
0.003495
0.004806
0.002403
0.002803
0.004114
0.004915
0.005570
0.004514
0.004442
0.002840
0.002694
0.003786
0.006043
0.006298
0.004369
0.001930
-0.000510
-0.003058
-0.002585
-0.000364
0.002112
0.005279
0.008701
0.010594
0.009065
0.005898
0.002294
0.000837
0.001056
0.001383
0.000837
0.000328
-0.000218
0.000255
0.001383
0.001347
-0.000437
0.000255
0.001238
0.002221
0.003531
0.001711
0.000582
0.000837
0.000291
-0.000801
0.000036
0.001092
0.001274
0.000146
-0.000364
-0.003058
0.000000
0.003459
0.005607
0.005097
0.003750
0.004332
0.002002
0.001565
0.000036
-0.002112
0.000109
0.000619
0.002330
0.003750
0.004442
0.006917
0.006699
0.005971
0.004769
0.004223
0.003531
0.002730
0.000692
0.000947
0.003313
0.003641
0.002767
0.002694
0.004405
0.006480
0.006626
0.005461
0.003313
0.003095
0.003895
0.003859
0.004696
0.003204
0.001201
0.000400
0.001857
0.003240
0.003895
0.004005
0.003677
0.002803
0.003131
0.003131
0.002585
0.001347
0.001056
0.001565
0.002184
0.002912
0.003859
0.004223
0.003604
0.003713
0.003641
0.003859
0.002985
0.003095
0.004260
0.004587
0.004624
0.004332
0.003531
0.002548
0.002439
0.003677
0.005716
0.006444
0.004806
0.003386
0.003604
0.004005
0.002985
0.002403
0.003058
0.002621
0.002548
0.004077
0.004005
0.003895
0.005097
0.006225
0.005133
0.002767
-0.000364
-0.002221
-0.001056
0.000546
0.001784
0.003823
0.003131
0.002112
0.003495
0.003677
0.004150
0.004114
0.004405
0.004842
0.004551
0.004514
0.004332
0.003859
0.002767
0.002148
0.001383
0.001311
0.002767
0.003495
0.004624
0.004478
0.003313
0.002075
0.001165
0.001966
0.002439
0.002184
0.001602
0.001383
0.001784
0.002439
0.003459
0.004769
0.005279
0.001129
-0.003604
-0.002949
0.000837
0.003277
0.004296
0.005133
0.003823
0.000000
-0.001456
-0.001493
-0.002366
-0.000255
0.003823
0.005752
0.006043
0.004551
0.002912
0.001565
-0.000073
-0.001347
-0.000619
0.001820
0.004442
0.005060
0.002658
0.001201
0.000910
0.001129
0.001966
0.001820
0.002548
0.003459
0.002767
0.001129
0.000255
-0.000473
0.000400
0.002184
0.004005
0.002366
0.001019
0.002621
0.003823
0.002840
0.001638
0.002767
0.002330
0.001383
0.001420
0.002439
0.003495
0.002184
0.002257
0.003240
0.002985
0.002876
0.002730
0.002694
0.003240
0.003604
0.002039
-0.002184
-0.002075
0.001092
0.003167
0.003604
0.003568
0.004005
0.003786
0.002002
-0.001456
-0.000874
0.002257
0.003495
0.005497
0.004988
0.002184
0.000655
0.000473
-0.000400
-0.000728
0.000655
0.001238
0.002039
0.003240
0.004405
0.005461
0.004951
0.003786
0.000765
-0.000910
-0.000473
0.002330
0.003240
0.001420
0.001201
0.003750
0.005534
0.003968
0.003968
0.001784
-0.001565
-0.000109
0.001565
0.001784
0.001602
0.001092
0.001311
0.001930
0.004296
0.007354
0.006153
0.001675
0.002112
0.005170
0.005534
0.002257
0.000619
0.001784
-0.000146
-0.004187
-0.006189
-0.006553
-0.004660
0.000983
0.011978
0.019441
0.020242
0.017293
0.007791
-0.002330
-0.008519
-0.010339
-0.011431
-0.013652
-0.008956
0.003095
0.015363
0.021443
0.023336
0.015254
-0.002694
-0.017293
-0.022754
-0.020861
-0.008665
0.004332
0.013215
0.016783
0.014890
0.007172
-0.001238
-0.006844
-0.010995
-0.014708
-0.015800
-0.011905
-0.009138
-0.001383
0.010849
0.020533
0.017730
0.003495
-0.009830
-0.018021
-0.020642
-0.021807
-0.023882
-0.024174
-0.006808
0.016892
0.037826
0.041721
0.034331
0.023300
-0.000291
-0.021079
-0.029161
-0.034731
-0.033457
-0.027341
-0.017548
-0.011104
-0.000510
0.008046
0.011978
0.012160
0.013288
0.015218
0.006189
-0.009320
-0.020060
-0.025703
-0.026249
-0.026067
-0.021334
-0.011140
-0.002803
0.005097
0.007099
-0.002002
-0.007390
-0.007390
-0.003604
-0.000400
-0.005789
-0.014490
-0.017730
-0.018822
-0.017875
-0.013470
-0.002949
0.003750
0.001347
-0.001820
-0.006881
-0.014271
-0.020715
-0.022972
-0.016164
-0.008446
0.000910
0.007172
0.009866
0.012633
0.008810
-0.003313
-0.024356
-0.040629
-0.050022
-0.048566
-0.031455
-0.004114
0.017584
0.020897
0.010412
-0.001784
-0.009902
-0.017256
-0.025885
-0.028870
-0.023846
-0.011941
-0.001565
0.001930
-0.000655
-0.009320
-0.014380
-0.013033
-0.006917
-0.001747
-0.002112
-0.004951
-0.008264
-0.011468
-0.014963
-0.018057
-0.015873
-0.010594
-0.005206
-0.003786
-0.006116
-0.009902
-0.012779
-0.013033
-0.009611
-0.005206
-0.003895
-0.005024
-0.007973
-0.009939
-0.011686
-0.011868
-0.009029
-0.006881
-0.004405
-0.001930
-0.001711
-0.005388
-0.010412
-0.012815
-0.010230
-0.005497
-0.004150
-0.003713
-0.003095
-0.003131
-0.003859
-0.006881
-0.009538
-0.010740
-0.012014
-0.010449
-0.006990
-0.003022
-0.000874
-0.001420
-0.003859
-0.007318
-0.007500
-0.006517
-0.004915
-0.001784
0.000218
0.001347
0.000582
-0.001383
-0.003859
-0.005206
-0.005679
-0.006480
-0.002949
-0.000728
-0.002112
-0.003531
-0.003713
-0.002439
0.001565
0.002585
0.000910
0.001565
-0.002730
-0.009393
-0.015254
-0.018603
-0.015218
-0.008810
-0.000146
0.006662
0.007281
-0.000255
-0.006626
-0.008701
-0.009429
-0.006735
-0.002476
0.000874
0.001201
-0.001820
-0.004260
-0.003568
-0.000619
-0.001201
-0.003641
-0.002476
-0.002621
-0.005097
-0.003641
-0.001893
-0.004041
-0.003349
-0.002294
-0.004878
-0.004587
-0.003204
-0.002985
-0.003786
-0.002403
-0.001383
-0.002512
0.001129
0.003823
-0.000582
-0.004223
-0.002585
-0.003677
-0.006407
-0.003641
0.000728
0.001311
-0.000619
-0.001675
-0.001565
-0.004514
-0.005607
-0.001675
0.005279
0.005170
-0.000291
0.000728
0.001857
-0.000837
-0.000728
0.002439
-0.000546
-0.006080
-0.003277
-0.002985
-0.004514
-0.003786
-0.002221
0.000109
0.002039
0.000619
0.001893
0.003495
0.001165
-0.001930
-0.002585
-0.002985
-0.003677
-0.002621
-0.000182
0.003277
0.004988
0.004442
0.001675
-0.001420
-0.002112
-0.001675
-0.001274
-0.000510
0.000765
0.001165
-0.000947
-0.001747
-0.002148
0.000255
0.002366
0.002294
0.002294
0.000910
0.000655
0.002257
0.003313
0.005352
0.005825
0.006844
0.004187
0.001784
0.001056
-0.002949
-0.003895
-0.003095
-0.000910
0.001893
0.004587
0.004951
0.005060
0.004733
0.004442
0.003968
0.002912
0.000218
-0.002949
-0.004332
-0.003022
-0.001747
-0.001420
-0.001638
-0.000801
0.001238
0.004041
0.008446
0.009466
0.006480
0.000437
-0.001456
0.000328
0.004514
0.006954
0.005825
0.003641
-0.000947
-0.003167
-0.002403
0.000291
0.002658
0.002039
0.000655
0.001747
0.005242
0.005497
0.002658
0.003240
0.004915
0.006699
0.007609
0.006517
0.006407
0.006444
0.005679
0.003386
0.002221
0.002366
0.002112
0.000546
0.000619
0.002403
0.005388
0.005388
0.006116
0.005570
0.003641
0.000036
-0.001129
-0.001238
-0.000182
0.004077
0.006844
0.008665
0.007026
0.004114
0.004332
0.004696
0.003786
0.004369
0.006444
0.006844
0.002330
-0.001311
-0.003240
0.001493
0.006371
0.006335
0.004624
0.001529
0.000619
-0.000728
0.001019
0.003823
0.003895
0.003568
0.004842
0.006917
0.004806
0.004514
0.003895
-0.003386
-0.005279
-0.001238
0.004988
0.003786
-0.001201
0.001456
0.006153
0.009720
0.006735
0.002257
0.000255
0.000400
0.000291
0.000765
0.004296
0.010230
0.009101
0.003968
-0.002075
-0.007827
-0.011759
-0.005388
0.004442
0.014271
0.018167
0.015363
0.004915
-0.008992
-0.016055
-0.015436
-0.006735
0.004077
0.010667
0.014053
0.014453
0.010922
0.004587
-0.001420
-0.003641
-0.001747
0.003859
0.008919
0.007682
0.003968
0.002366
0.001857
-0.001784
-0.003349
0.000000
0.005097
0.006480
0.005607
0.003968
0.004806
0.003823
-0.001347
-0.007500
-0.005206
0.000328
0.005170
0.008919
0.007864
0.002985
-0.002476
-0.002730
0.000073
0.003058
0.007427
0.010485
0.010631
0.008919
0.006298
0.001820
-0.004077
-0.001238
0.000765
-0.001456
-0.007208
-0.012596
-0.008919
0.002585
0.014562
0.019040
0.016601
0.007754
-0.002512
-0.010376
-0.013325
-0.011796
-0.006407
0.002075
0.008483
0.010157
0.008665
0.000728
-0.004150
-0.005825
-0.004114
-0.002221
-0.002112
0.001602
0.004587
0.003022
0.002730
0.001529
-0.002912
-0.004551
-0.002730
0.002403
0.006808
0.007390
0.002694
-0.003641
-0.006844
-0.003968
-0.000582
0.003240
0.004696
0.005279
0.003022
-0.002476
-0.005971
-0.009138
-0.007682
-0.003495
0.000983
0.003495
0.003823
0.000874
-0.002184
-0.003786
-0.003495
-0.002621
-0.000983
0.000692
0.003204
0.003058
0.004260
0.004769
0.001019
-0.002330
-0.004660
-0.000910
0.006116
0.005679
0.001165
0.003095
0.005971
0.005716
0.005424
0.004478
0.000765
-0.002221
-0.000473
0.001747
0.000874
0.000000
0.000109
-0.000728
-0.004988
-0.005752
-0.004514
-0.004114
0.000692
0.007172
0.008264
0.005716
0.003786
0.002439
0.004369
0.005024
-0.001311
-0.007572
-0.005170
-0.002002
0.003131
0.006553
0.004988
0.002585
-0.001456
-0.003895
-0.001201
-0.001165
0.002621
0.002257
-0.000437
0.000983
0.002621
0.000910
0.000437
-0.000400
0.000473
0.002985
0.004696
0.003022
0.002112
0.002585
-0.001711
-0.001420
0.001129
0.002512
0.000655
-0.001129
0.000801
0.001311
0.000291
-0.002694
-0.001747
0.000692
-0.000364
-0.000837
-0.001311
0.000182
0.001602
-0.001311
-0.002221
-0.001201
0.000182
0.002075
0.001784
-0.002221
-0.002294
-0.001747
-0.000947
0.003167
0.004369
0.002840
0.004114
0.004150
0.002075
0.000437
-0.000073
-0.003604
-0.006553
-0.002767
0.002112
0.005024
0.003750
0.001347
0.003895
0.016019
0.009720
-0.002803
-0.003167
-0.004223
-0.004587
-0.003204
-0.004442
0.004077
0.008847
0.007536
0.009975
0.014417
0.012342
0.000146
-0.011140
-0.014053
-0.011796
-0.005861
0.000910
0.005789
0.009939
0.010922
0.006189
-0.003895
-0.005752
0.001565
0.004260
0.001238
0.002730
0.007827
0.008665
0.004551
0.000364
-0.001056
-0.002840
-0.000655
0.002840
0.009174
0.013397
0.013106
0.006407
-0.003058
-0.009284
-0.011031
-0.005461
0.004296
0.010703
0.013434
0.010703
0.005461
-0.000801
-0.003167
-0.001165
0.000728
0.004369
0.005570
0.006772
0.005934
0.004806
0.006116
0.005352
0.003568
0.003422
0.004150
0.004551
0.004696
0.006153
0.005898
0.002658
-0.000874
-0.002658
-0.000510
0.002439
0.002294
0.000619
-0.001638
-0.004041
0.000291
0.010922
0.015436
0.003022
-0.016383
-0.019732
-0.004150
0.017402
0.014817
-0.007937
-0.025921
-0.023336
-0.009611
0.002439
0.003531
-0.004660
-0.006699
-0.010703
-0.013252
-0.004005
0.001966
-0.000364
-0.010703
-0.028761
-0.029562
0.000000
0.033603
0.032474
0.009065
-0.017912
-0.013252
0.000510
0.007791
0.000000
-0.016820
-0.029052
-0.030654
-0.015982
0.006662
0.014162
0.012232
0.005607
-0.006335
-0.014854
-0.017402
-0.016929
-0.014999
-0.008410
0.002330
0.012342
0.011796
0.005315
-0.003531
-0.014562
-0.021698
-0.027778
-0.022171
-0.004769
0.009247
0.014963
0.009611
0.000291
-0.011941
-0.021625
-0.021771
-0.013215
-0.005570
-0.003277
-0.003677
-0.002403
-0.002985
-0.012232
-0.021443
-0.017293
-0.004878
0.002184
0.000328
-0.002184
-0.007318
-0.014053
-0.018458
-0.019113
-0.013543
-0.006917
-0.000255
0.001711
-0.003641
-0.008228
-0.013543
-0.017621
-0.017912
-0.013907
-0.008228
-0.003641
-0.005789
-0.010266
-0.008847
-0.002221
0.002767
0.000400
-0.005315
-0.009502
-0.013907
-0.017875
-0.018822
-0.015400
-0.002039
0.002985
-0.000947
0.003349
0.008446
0.003859
-0.007609
-0.018858
-0.021807
-0.016965
-0.007827
0.000728
0.003167
0.006116
0.002257
-0.013179
-0.023118
-0.018567
-0.009429
-0.004478
-0.004332
-0.001820
-0.004005
-0.007390
-0.005570
-0.003895
-0.007136
-0.004951
-0.005024
-0.011577
-0.011395
-0.011359
-0.007900
-0.000182
0.001565
-0.000582
-0.003277
0.000801
-0.002694
-0.012378
-0.008919
-0.008701
-0.011104
-0.010157
-0.005679
-0.002112
-0.001311
0.000728
0.000255
-0.003604
-0.005825
-0.005242
-0.004223
-0.006553
-0.007900
-0.006517
-0.004951
-0.003022
-0.005060
-0.004332
-0.003750
-0.006043
-0.008301
-0.006080
-0.002366
-0.002002
-0.002294
-0.002366
-0.003895
-0.004587
-0.005279
-0.007099
-0.010849
-0.008992
-0.003277
0.002803
0.004405
0.001347
0.000000
-0.000218
-0.003422
-0.010339
-0.013579
-0.007827
-0.000910
0.000328
-0.000692
-0.000582
0.000000
-0.000036
-0.001238
-0.001675
-0.003459
-0.004878
-0.005461
-0.007900
-0.005934
-0.001383
0.002257
0.003313
0.000255
-0.001165
-0.004915
-0.009247
-0.007609
-0.002949
0.000218
-0.000146
-0.001019
0.000291
-0.003459
-0.007354
-0.007718
-0.007354
-0.002294
-0.000364
0.004041
0.004005
0.003240
0.002694
0.003131
0.004187
0.001092
-0.001347
-0.003859
-0.004842
-0.005934
-0.007063
0.002439
0.009902
0.007536
0.000437
-0.003022
-0.003022
-0.003095
-0.001493
0.000510
0.004442
0.007172
0.003677
-0.000837
-0.005206
-0.009830
-0.006699
-0.005424
-0.001201
0.001129
-0.002221
-0.002294
-0.003277
-0.003022
-0.002221
-0.002912
0.000000
0.001602
0.004260
0.007427
0.006298
0.006844
0.005934
0.002184
0.002403
0.000000
-0.001638
-0.002039
-0.004769
-0.004442
-0.003386
-0.001857
0.000000
0.000328
0.000000
-0.000218
0.000692
0.002366
0.001784
0.001056
0.001056
-0.000837
-0.001711
0.002075
0.007354
0.010376
0.009466
0.004260
-0.003786
-0.004077
0.000291
-0.002912
-0.009611
-0.009793
-0.003786
0.001347
0.005898
0.009720
0.010266
0.008046
0.006517
0.004478
0.000582
-0.000400
-0.000146
-0.001675
-0.003422
-0.004114
-0.004041
-0.003531
0.000182
0.001201
0.000801
0.001347
0.002658
0.004187
0.005789
0.008810
0.010194
0.008228
0.006626
0.005242
0.001638
-0.002039
-0.003495
-0.003677
-0.002476
-0.002840
-0.004478
-0.002840
-0.000109
0.004223
0.008956
0.010485
0.006298
-0.000036
-0.003568
-0.004005
-0.002112
0.000801
0.002221
0.003167
0.002985
0.005497
0.007026
0.005861
0.004187
-0.003750
-0.012669
-0.015946
-0.014271
-0.006153
0.002184
0.010084
0.014053
0.016820
0.016892
0.013143
0.003859
-0.010012
-0.017693
-0.018713
-0.009939
0.007390
0.020278
0.020715
0.010558
0.001201
-0.005315
-0.008956
-0.010776
-0.010885
-0.004114
0.005424
0.009939
0.008628
0.005752
0.002840
-0.000546
-0.003349
-0.006553
-0.010703
-0.008701
-0.004005
0.001201
0.002840
0.003022
0.004806
0.005279
0.003240
0.001129
-0.000328
-0.000036
0.001420
0.002876
0.003495
0.005424
0.004769
0.002075
-0.000837
-0.002767
-0.004733
-0.006589
-0.005388
-0.002039
0.001201
0.001493
0.002330
0.001456
-0.001056
-0.001820
-0.001493
0.000437
0.001274
0.001201
0.000874
-0.000692
-0.002694
-0.002257
0.000000
0.003167
0.006007
0.007427
0.006371
0.002548
-0.001238
-0.004296
-0.005170
-0.003895
-0.001311
-0.000255
0.003750
0.006626
0.008810
0.010084
0.007354
-0.000655
-0.010449
-0.018057
-0.022426
-0.015691
-0.001165
0.010303
0.017438
0.016492
0.011249
0.000947
-0.011031
-0.019040
-0.019259
-0.014126
-0.005534
0.004369
0.010230
0.006772
0.004769
0.006007
-0.004442
-0.012487
-0.007791
-0.005315
-0.002912
0.003095
0.000692
-0.004405
-0.005315
-0.003823
-0.003459
-0.002803
-0.001238
-0.002112
-0.001347
0.000837
0.002221
0.004405
0.004660
-0.000437
-0.006080
-0.009029
-0.009247
-0.005352
-0.002694
0.000328
0.007864
0.009393
0.004806
-0.001966
-0.008046
-0.008009
-0.004514
-0.004369
-0.008046
-0.007718
-0.003349
-0.000692
-0.001165
-0.002439
-0.003713
-0.004296
-0.002439
0.001383
0.002658
-0.001019
-0.003422
0.001165
0.003349
0.002767
0.001820
-0.000619
-0.001201
-0.001274
-0.000364
-0.000546
-0.000801
0.001311
0.002257
0.000910
-0.002840
-0.005461
-0.003895
-0.002876
-0.004260
-0.003277
0.000546
0.003641
0.003277
0.001493
0.001893
0.000109
-0.003277
-0.003095
-0.002075
-0.001165
0.000109
0.000983
0.002767
0.000837
-0.001238
0.000692
-0.000400
-0.000728
0.001129
0.000218
-0.002803
-0.006080
-0.006007
-0.003568
0.001238
0.004405
0.003313
0.002476
0.003459
0.003240
0.001638
0.000218
-0.000146
-0.001638
-0.002949
-0.001675
-0.001784
-0.002730
-0.002840
-0.000218
0.001019
0.000910
-0.000364
0.000073
0.005097
0.007754
0.003167
-0.002039
-0.004005
-0.001857
0.000182
0.005024
0.006772
0.004478
0.002221
-0.000619
-0.001201
-0.000582
0.002730
0.007500
0.005861
0.000036
-0.001529
-0.000947
-0.001675
-0.002730
0.001529
0.007718
0.008373
0.005424
0.004878
0.001893
-0.004988
-0.007354
-0.003277
-0.002767
-0.002949
0.004041
0.009284
0.009939
0.009684
0.007463
0.003386
-0.000874
-0.002403
-0.003677
-0.003713
-0.001165
0.004223
0.006189
0.003641
0.002112
0.001930
0.002403
0.002585
0.000983
-0.003750
-0.006444
-0.003131
0.002585
0.009320
0.011650
0.006954
0.001019
-0.002184
-0.001456
-0.000837
-0.000109
0.000510
0.001529
0.001747
-0.001456
-0.001638
0.001747
0.005424
0.007572
0.007063
0.003786
-0.001383
-0.001456
0.001747
0.004041
0.002221
-0.000910
-0.000801
0.000218
0.000801
0.003313
0.006917
0.006917
0.006335
0.005352
0.001565
-0.003531
-0.008373
-0.009720
-0.011031
-0.011504
-0.003750
0.006954
0.022572
0.033348
0.033239
0.021844
0.005315
-0.006699
-0.012087
-0.017293
-0.017366
-0.011978
-0.004988
0.003349
0.012269
0.021625
0.024210
0.018895
0.004806
-0.015291
-0.032729
-0.039100
-0.031236
-0.011868
0.008592
0.023009
0.029125
0.027960
0.018130
0.003677
-0.012232
-0.022790
-0.027632
-0.025666
-0.016565
-0.004478
0.002548
0.005388
0.006225
0.003349
0.004223
0.007354
0.008737
0.003349
-0.008410
-0.019732
-0.024428
-0.019259
-0.009174
-0.000255
0.006699
0.009247
0.007536
-0.000619
-0.013470
-0.018094
-0.016747
-0.010194
-0.003750
-0.003677
-0.006517
-0.011031
-0.013834
-0.007463
0.003459
0.012123
0.011249
0.004988
-0.006007
-0.020242
-0.027304
-0.020679
-0.009466
-0.001893
0.005097
0.010048
0.009466
0.004296
-0.008701
-0.018931
-0.019514
-0.015327
-0.011249
-0.005352
0.003204
0.002585
-0.006335
-0.017657
-0.021552
-0.019696
-0.012851
-0.000255
0.006844
0.005170
-0.000109
-0.003495
-0.012196
-0.021334
-0.023118
-0.019914
-0.013179
-0.005060
0.002330
0.004842
0.000000
-0.008737
-0.014672
-0.016019
-0.014672
-0.013579
-0.014271
-0.009538
-0.003058
-0.003095
-0.005315
-0.005097
-0.003313
-0.002912
-0.003495
-0.004296
-0.008446
-0.013943
-0.015072
-0.008847
-0.003495
-0.000765
-0.001311
-0.003058
-0.003131
-0.006407
-0.008446
-0.008483
-0.007099
-0.005861
-0.005679
-0.003568
-0.003932
-0.003422
-0.004187
-0.006262
-0.008992
-0.009830
-0.008665
-0.008592
-0.007390
-0.007427
-0.008555
-0.008191
-0.007390
-0.004478
-0.002257
0.000036
0.001129
-0.003932
-0.014308
-0.018713
-0.012706
-0.006043
-0.003022
-0.000728
0.004296
0.006844
0.001493
-0.007937
-0.011577
-0.008337
-0.005534
-0.005388
-0.005497
-0.004660
-0.003022
-0.000437
-0.002366
-0.008301
-0.010048
-0.008992
-0.006589
-0.002039
0.001784
0.003167
0.002912
-0.003131
-0.011322
-0.012633
-0.009211
-0.004405
0.000036
0.001820
0.001456
0.001056
-0.000328
-0.004041
-0.005607
-0.004405
-0.005388
-0.002985
-0.002039
-0.002730
-0.001930
-0.000728
-0.001383
-0.005461
-0.007463
-0.009939
-0.008592
-0.004587
-0.000036
0.004806
0.004332
-0.001347
-0.008774
-0.013871
-0.010194
-0.001493
0.006589
0.006990
0.001129
-0.005097
-0.008628
-0.008082
-0.002658
0.000765
0.002221
0.001565
0.000036
-0.000182
0.000000
-0.000182
-0.001820
-0.004187
-0.003677
-0.001420
0.001019
0.002585
0.005060
0.004077
0.000400
-0.002184
-0.004041
-0.002330
0.000000
-0.000510
-0.001711
0.000874
0.002366
0.000582
-0.002002
-0.005024
-0.005024
-0.002658
0.001092
0.002403
-0.002075
0.004806
0.009393
0.009975
0.006917
-0.008228
-0.016892
-0.013579
-0.006371
0.003313
0.007390
0.010667
0.006844
0.001711
-0.000218
-0.005497
-0.006262
-0.006808
-0.005643
-0.004260
-0.000910
0.005679
0.008446
0.005170
0.000837
-0.000546
-0.000364
0.000765
0.002184
0.002039
0.002548
0.003386
0.001092
-0.003531
-0.000983
0.002257
0.002985
0.000582
-0.001747
-0.002148
0.000109
0.001092
-0.001820
-0.002767
-0.002876
-0.001784
0.000765
0.003349
0.003968
0.004150
0.001420
0.000000
0.000655
0.004187
0.006517
0.006990
0.004114
0.001311
-0.000728
-0.000765
0.000546
0.002039
0.003277
0.004150
0.003823
0.003277
0.002840
0.002184
0.001383
0.002148
0.002694
0.004369
0.005752
0.005352
0.004332
0.001638
-0.000073
-0.000655
-0.000437
-0.000947
-0.002294
-0.002366
-0.001456
-0.002257
-0.002330
-0.001274
0.000000
0.000000
-0.001675
-0.002148
-0.003750
-0.002585
0.003823
0.010012
0.013070
0.014599
0.014162
0.015909
0.018494
0.018203
0.017184
0.015837
0.012706
0.007390
0.003313
0.001602
-0.001529
-0.004769
-0.008373
-0.009211
-0.004514
-0.004587
-0.004077
-0.000874
-0.002476
-0.007900
-0.009174
-0.009429
-0.011431
-0.010157
-0.005643
-0.003349
-0.001602
0.001638
0.004041
0.006262
0.008009
0.008701
0.008228
0.008555
0.009502
0.008337
0.006189
0.007609
0.011759
0.014744
0.014708
0.013761
0.010449
0.003786
-0.000874
-0.001638
-0.004624
-0.009866
-0.013579
-0.014963
-0.013434
-0.010594
-0.007318
-0.006881
-0.008774
-0.011067
-0.008992
-0.005861
-0.004696
-0.003167
-0.000874
0.001529
0.004806
0.007718
0.009101
0.010157
0.009902
0.008847
0.006699
0.005388
0.005424
0.006699
0.007791
0.008446
0.009174
0.006517
0.004660
0.001893
-0.003495
-0.009029
-0.013579
-0.015618
-0.014417
-0.010813
-0.009320
-0.007572
-0.006735
-0.007791
-0.012669
-0.018713
-0.022572
-0.023627
-0.020897
-0.013798
-0.004842
0.002585
0.009648
0.011104
0.008373
0.006735
0.004514
0.005861
0.007063
0.008228
0.009320
0.007463
0.004296
0.003422
0.004405
0.003422
0.001238
-0.001420
-0.002512
-0.003823
-0.004806
-0.007026
-0.008410
-0.007572
-0.008082
-0.008046
-0.008046
-0.006517
-0.005497
-0.004150
-0.001930
-0.002294
-0.002476
-0.001857
-0.000328
0.001784
0.002767
0.003823
0.002112
-0.001129
-0.003204
-0.002730
-0.003568
-0.006553
-0.007572
-0.007318
-0.006335
-0.006735
-0.005679
-0.004733
-0.006007
-0.006225
-0.005315
-0.003713
-0.004696
-0.005279
-0.004624
-0.004260
-0.003422
-0.002621
-0.003459
-0.004077
-0.003531
-0.001019
-0.000874
-0.002075
-0.002439
-0.003386
-0.005497
-0.005825
-0.003713
-0.000619
0.001820
0.000874
-0.001456
-0.002876
-0.004733
-0.005388
-0.003786
-0.003459
-0.004041
-0.004587
-0.005315
-0.005024
-0.003495
-0.002330
-0.002840
-0.003932
-0.003386
-0.002840
-0.004041
-0.006043
-0.006662
-0.005315
-0.003131
-0.002476
-0.003058
-0.002294
-0.001092
-0.000109
0.001311
0.001092
-0.000692
-0.002512
-0.002694
-0.002985
-0.001456
-0.000728
0.000036
0.000728
0.001056
-0.002075
-0.004951
-0.004624
-0.003713
-0.002767
-0.001565
0.001420
0.003786
0.002221
0.000255
-0.002512
-0.006553
-0.007136
-0.004478
-0.000437
0.001893
0.004005
0.003313
0.001747
0.001274
0.000291
-0.001966
-0.004332
-0.002694
0.000692
0.002184
0.000837
0.001019
0.001092
-0.003240
-0.002002
0.000801
0.001638
0.000765
0.000983
0.001638
0.002330
0.000546
-0.001129
0.000874
-0.000983
-0.007099
-0.008410
-0.002512
0.003932
0.004442
0.004296
0.004696
0.001857
-0.003968
-0.006772
-0.004696
-0.001675
0.001420
0.000437
0.001493
0.002476
0.001784
0.001602
0.000000
-0.001420
-0.001311
-0.000073
0.002184
0.004915
0.008119
0.005388
0.001493
-0.001201
-0.000109
0.001857
0.001019
0.002002
0.004041
0.002112
-0.000109
-0.001857
-0.000692
0.002476
0.003750
0.003277
0.003677
0.001893
-0.000328
-0.000910
0.000765
0.003895
0.002803
0.000073
-0.001383
-0.001056
-0.000655
0.002075
0.003932
0.004369
0.001857
0.001129
0.001347
0.001383
0.000947
0.000182
-0.000291
-0.000546
0.002366
0.006189
0.005315
0.004114
0.005352
0.005497
0.002767
0.001456
0.004041
0.004733
0.002366
0.001675
0.002585
0.004769
0.006298
0.008228
0.005716
0.000182
-0.003713
-0.006189
-0.004150
0.001056
0.004587
0.005279
0.004223
0.006153
0.006990
0.003895
0.000364
-0.001602
-0.002985
-0.004150
-0.001638
0.003677
0.006954
0.010885
0.007354
0.001857
-0.002985
-0.003895
-0.003058
-0.003568
-0.004587
-0.004587
-0.005570
-0.001420
0.007063
0.012050
0.011723
0.008155
-0.001311
-0.012160
-0.012451
-0.004660
0.000182
0.004988
0.006662
0.003968
0.003641
0.004332
0.001311
-0.004878
-0.007682
-0.004587
-0.000692
0.000109
0.005388
0.016783
0.022608
0.022171
0.018021
0.006808
-0.008956
-0.019586
-0.023154
-0.021188
-0.017511
-0.013397
-0.009757
0.002730
0.027559
0.042122
0.046017
0.038627
0.007937
-0.029780
-0.060871
-0.068807
-0.045944
-0.009648
0.035678
0.069572
0.069026
0.037061
-0.007463
-0.044670
-0.059924
-0.050750
-0.024356
0.015727
0.049294
0.057558
0.035678
0.001893
-0.023518
-0.033566
-0.029707
-0.016019
0.001347
0.012633
0.018713
0.012524
-0.000400
-0.012342
-0.021407
-0.020788
-0.010303
-0.001201
0.006116
0.005352
-0.001274
-0.003531
-0.006225
-0.007754
-0.008774
-0.006735
-0.005861
-0.006225
-0.006043
-0.004442
-0.002257
-0.004150
-0.008301
-0.008483
-0.005679
-0.001820
-0.001274
-0.002294
-0.004478
-0.008919
-0.012305
-0.010776
-0.007754
-0.006844
-0.008555
-0.010194
-0.007609
-0.005170
-0.005388
-0.006080
-0.005789
-0.006662
-0.006772
-0.006153
-0.006189
-0.006043
-0.005060
-0.007427
-0.007682
-0.006007
-0.003750
-0.005279
-0.008446
-0.006735
-0.002949
-0.002039
-0.003495
-0.005352
-0.007791
-0.010521
-0.008373
-0.007390
-0.007318
-0.007864
-0.007718
-0.006662
-0.004733
-0.004041
-0.003713
-0.004260
-0.003022
-0.004150
-0.007609
-0.008337
-0.006553
-0.003167
-0.000218
0.001529
0.002476
-0.001784
-0.007827
-0.011468
-0.007682
-0.000947
0.001238
-0.000364
-0.002548
-0.001420
-0.002694
-0.005388
-0.008046
-0.012414
-0.010922
-0.010412
-0.009575
0.001565
0.003095
0.002075
0.003823
0.001274
-0.004696
-0.008883
-0.008191
-0.004514
-0.000837
0.005133
0.007245
0.004332
0.000546
-0.002767
-0.005461
-0.008665
-0.004296
0.000255
0.001893
0.005934
0.008519
0.004660
-0.001420
-0.000983
0.001930
0.002221
0.002803
-0.005024
-0.015618
-0.017220
-0.018057
-0.015545
-0.006844
0.001019
0.004951
0.004369
-0.000073
-0.001675
0.003713
0.007536
0.007973
0.009393
0.005716
-0.000692
-0.006298
-0.007900
-0.011104
-0.013543
-0.008592
-0.005461
-0.006153
-0.002585
-0.001056
-0.002512
-0.005752
-0.004915
0.002294
0.004114
0.003058
0.000983
-0.002585
-0.001565
-0.000218
-0.002294
-0.006808
-0.005643
-0.000983
-0.000801
-0.001311
-0.001165
-0.003095
-0.005242
-0.005279
-0.002221
-0.001675
-0.000728
0.002694
0.000728
0.001274
0.003786
0.002621
-0.001056
-0.006844
-0.008410
-0.006043
-0.001056
0.008119
0.009393
0.004223
-0.005861
-0.010558
-0.008956
-0.003095
-0.001056
0.002330
0.008774
0.010776
0.005716
0.002039
-0.000983
-0.005934
-0.009720
-0.010376
-0.006626
0.000109
0.002002
0.002184
0.003422
0.004041
0.000146
-0.002476
-0.000036
0.001930
0.000947
-0.001857
-0.007682
-0.011213
-0.008628
-0.005352
-0.000692
0.002876
0.004187
0.005497
0.003459
-0.001638
-0.007754
-0.006335
-0.001092
0.002730
0.001420
-0.003095
-0.004332
-0.002621
0.000473
0.001711
0.000765
-0.002512
-0.005024
-0.003823
-0.001347
0.001019
-0.000291
-0.002403
-0.002294
0.000146
0.003459
0.002512
-0.001784
-0.004332
-0.001675
-0.000364
-0.001420
-0.002403
-0.002767
-0.002548
-0.000255
0.002184
0.001857
0.000655
0.000437
0.000218
0.000947
0.000218
-0.000765
-0.001347
-0.000655
0.001456
0.004187
0.005716
0.004405
0.002330
-0.000837
-0.002221
0.000036
0.000728
0.000910
0.003167
0.003240
-0.000146
-0.002294
-0.003131
-0.002585
0.001565
0.006335
0.007536
0.006954
0.003968
0.000765
-0.000400
0.000000
0.000000
0.000874
0.003313
0.005315
0.004624
-0.000146
-0.002112
0.001165
0.002075
0.000837
0.000437
0.002184
0.006772
0.011978
0.011249
0.003895
-0.006954
-0.012742
-0.010958
-0.002148
0.009684
0.016892
0.015473
0.005716
-0.004551
-0.010376
-0.008774
-0.002912
0.004187
0.013252
0.020642
0.020351
0.012269
-0.002585
-0.017912
-0.027268
-0.029853
-0.023700
-0.010084
0.006371
0.019113
0.022390
0.017256
0.005716
-0.006444
-0.014744
-0.017147
-0.012560
-0.003495
0.007427
0.015181
0.017511
0.014599
0.008301
0.000801
-0.005752
-0.008119
-0.006553
-0.002730
0.002512
0.005534
0.006480
0.003604
-0.000146
-0.003131
-0.005934
-0.006517
-0.005315
-0.002985
0.000510
0.001383
-0.000655
-0.002548
-0.005971
-0.008009
-0.007427
-0.004915
-0.001420
0.001019
0.002366
0.005352
0.005060
0.001493
0.000619
0.000983
-0.000146
-0.001857
-0.001311
-0.000692
-0.000910
0.000437
0.001201
-0.001493
-0.004442
-0.006626
-0.007682
-0.006007
-0.003750
0.000400
0.003349
0.004442
0.004514
0.003058
0.003277
0.004077
0.003568
0.002767
0.000546
-0.001747
-0.002439
-0.001529
-0.000437
-0.000655
-0.000619
-0.000510
0.000619
0.000000
-0.000765
-0.000182
-0.000109
-0.001165
0.000801
0.001711
0.001820
0.002949
0.003349
0.003786
0.004514
0.001747
-0.001493
-0.004041
-0.005279
-0.006153
-0.005570
-0.002767
0.004150
0.008665
0.011286
0.009575
0.003095
-0.001930
-0.006080
-0.009174
-0.009429
-0.005315
-0.001056
0.002221
0.004733
0.006917
0.009174
0.011031
0.008519
0.002148
-0.002039
-0.002949
-0.008191
-0.012050
-0.009065
-0.002366
0.002184
0.005352
0.006080
0.004587
0.002112
0.000328
-0.000728
0.000510
0.000473
-0.002148
-0.003604
-0.004806
-0.006517
-0.006153
-0.001311
0.000765
0.003495
0.006007
0.007281
0.004878
0.000510
-0.003386
-0.005424
-0.004733
-0.003823
-0.000400
0.003531
0.005497
0.003204
-0.001529
-0.005352
-0.003095
-0.000036
0.001311
0.004988
0.007099
0.005643
0.001602
-0.001129
0.001311
0.002840
0.002148
0.000728
0.001456
0.003604
0.003823
-0.000291
-0.003750
-0.002476
-0.000510
-0.000619
-0.000692
0.001129
0.000400
-0.003313
-0.001638
0.001529
0.003204
0.003713
0.002039
-0.000255
-0.001930
-0.002403
-0.000364
0.002148
0.001966
-0.000728
-0.001857
-0.002512
-0.000073
0.005825
0.008628
0.006007
0.002912
0.003495
0.003568
-0.001747
-0.002803
-0.000655
0.000983
0.002148
0.003313
0.002730
0.001383
0.002730
0.002694
0.002585
0.002148
0.002002
-0.000582
-0.003022
-0.002694
-0.001456
0.000437
0.002621
0.002912
0.002294
0.002803
0.002694
0.001383
0.000619
0.001092
0.003204
0.004915
0.002148
0.003859
0.006553
0.003823
-0.000765
-0.001893
-0.002985
-0.005097
-0.003459
0.002694
0.008555
0.011759
0.010740
0.005861
0.000400
-0.003641
-0.004260
-0.001930
0.001747
0.004150
0.005352
0.005497
0.004915
0.002366
-0.000036
-0.002112
-0.002075
0.000473
0.001019
0.003422
0.007172
0.001274
0.000619
0.009466
0.007572
0.000182
0.000692
-0.000619
-0.004587
-0.001893
0.002403
0.002403
0.005206
0.005934
0.003895
0.003823
0.002330
0.000655
0.000218
-0.001383
-0.000473
0.003823
0.009538
0.012378
0.011941
0.006407
-0.003058
-0.003495
0.002184
0.006298
0.006480
0.004369
0.002184
0.008119
0.011868
0.005497
0.002002
0.003786
0.005643
0.003313
0.000473
-0.002621
-0.009939
-0.013070
-0.016310
-0.016383
-0.017985
-0.015655
-0.016201
-0.012669
-0.017111
-0.021953
-0.018603
-0.009247
-0.001820
0.003641
0.005898
-0.000655
-0.004514
0.001529
0.008228
0.011614
0.014453
0.014344
0.010339
0.001019
-0.007682
-0.010703
-0.010194
-0.007864
-0.001129
0.010776
0.018057
0.015727
0.011431
0.005497
-0.003677
-0.008883
-0.006007
-0.000036
0.007973
0.015218
0.016710
0.015764
0.011796
0.007063
0.001311
-0.004842
-0.006407
-0.007208
-0.006699
-0.001056
0.002294
0.000000
-0.005133
-0.007827
-0.009793
-0.011286
-0.011213
-0.008555
-0.003459
-0.000364
-0.000765
-0.001311
-0.003859
-0.004769
-0.006626
-0.005898
-0.004150
-0.005570
-0.005315
-0.003604
-0.005097
-0.007318
-0.009211
-0.010594
-0.007245
0.001857
0.014599
0.021698
0.020387
0.015764
0.011504
0.004878
-0.005097
-0.018713
-0.028069
-0.026030
-0.016492
-0.002767
0.010521
0.022972
0.028797
0.024101
0.011322
-0.010412
-0.029052
-0.037098
-0.029307
-0.011759
0.002439
0.010922
0.011249
0.008883
0.001311
-0.010048
-0.021043
-0.022280
-0.017875
-0.007354
0.003786
0.007245
0.005352
-0.004187
-0.011104
-0.017438
-0.021115
-0.023810
-0.025266
-0.023081
-0.017438
-0.004733
0.008082
0.013943
0.015837
0.010849
0.000692
-0.009284
-0.016456
-0.017184
-0.015254
-0.009757
-0.005607
-0.004005
0.001456
0.009101
0.012706
0.003531
-0.013470
-0.028215
-0.027851
-0.018239
-0.012342
-0.011322
-0.008337
0.001019
0.007791
0.006954
0.000619
-0.008665
-0.022499
-0.032146
-0.029307
-0.018494
-0.005752
0.002548
0.005570
0.003713
-0.003204
-0.010813
-0.015145
-0.016164
-0.013143
-0.007864
-0.002112
-0.001019
-0.002403
-0.005861
-0.008483
-0.007754
-0.010048
-0.010995
-0.008847
-0.005679
-0.002840
0.001966
0.003167
-0.000218
-0.003823
-0.008956
-0.012451
-0.010230
-0.010594
-0.012487
-0.011759
-0.008483
-0.003531
0.001711
0.004005
0.003240
-0.000328
-0.005352
-0.010048
-0.014271
-0.016820
-0.017220
-0.013070
-0.006589
-0.000837
-0.000765
-0.003349
-0.003823
-0.002949
-0.006662
-0.009975
-0.009757
-0.010558
-0.008701
-0.005861
-0.005206
-0.005497
-0.004369
-0.004296
-0.004988
-0.007937
-0.008483
-0.003313
0.000655
0.000801
0.001056
0.000400
-0.001565
-0.005279
-0.006662
-0.006444
-0.005242
-0.003713
-0.003459
-0.002548
-0.003240
-0.002476
-0.000837
-0.002694
-0.005206
-0.005861
-0.004077
-0.002912
-0.002767
-0.002439
-0.002294
-0.001529
-0.000546
-0.001019
-0.004478
-0.005570
-0.005279
-0.006007
-0.005497
-0.003022
-0.000765
-0.001529
-0.002585
-0.001056
-0.000036
-0.000473
-0.002257
-0.001565
-0.001311
-0.000910
-0.001274
-0.001747
-0.000619
-0.000546
-0.001456
-0.001602
-0.000255
0.001638
0.000692
0.001347
0.000619
0.001092
0.000109
-0.001711
-0.001784
-0.003750
-0.002002
-0.000655
0.001602
0.002002
0.001711
0.003422
0.002985
0.003313
0.002658
0.001456
0.001638
0.001311
0.002330
0.001129
0.002403
0.001420
-0.000036
0.001638
0.005534
0.006225
0.002403
0.002112
0.006116
0.007136
0.008191
-0.003604
-0.006007
-0.000400
-0.005534
-0.016128
-0.014781
-0.001493
0.016456
0.032001
0.035023
0.022426
0.000255
-0.020460
-0.028397
-0.024283
-0.019150
-0.008774
0.005789
0.015254
0.019914
0.015145
-0.002476
-0.011577
-0.003495
0.004405
0.002221
-0.001565
-0.002730
-0.003204
0.000582
0.002330
-0.000619
-0.000036
0.002476
0.003786
0.002585
0.000400
-0.003204
-0.005643
-0.002002
0.002366
0.006808
0.005898
0.000437
-0.000801
0.000146
0.002184
0.002294
-0.001602
-0.001747
-0.000910
-0.002585
-0.003459
-0.000619
0.003932
0.005607
0.006153
0.004587
0.002112
-0.001383
-0.001019
0.003131
0.007682
0.009684
0.002876
-0.004405
-0.009393
-0.004405
0.007973
0.012888
0.014672
0.012414
0.015436
0.012779
0.001820
-0.001347
-0.002694
-0.003677
-0.013871
-0.020278
-0.024756
-0.031855
-0.016273
0.005607
0.021006
0.031382
0.039646
0.034913
0.009429
-0.017475
-0.027086
-0.030399
-0.033057
-0.024428
-0.003240
0.014053
0.020242
0.021443
0.016565
0.008847
-0.000182
-0.009866
-0.014417
-0.012596
-0.011686
-0.006517
0.003386
0.011322
0.009247
0.004696
0.009830
0.008992
-0.001383
-0.007245
-0.009866
-0.012742
-0.014890
-0.013616
-0.001056
0.014708
0.019222
0.012232
0.005570
-0.002112
-0.015982
-0.018640
-0.013288
-0.006772
-0.002330
-0.001129
0.002184
-0.000983
-0.008701
-0.012342
-0.010995
-0.011468
-0.013070
-0.010230
-0.010740
-0.007645
-0.000109
0.003349
0.002257
-0.005679
-0.010995
-0.012342
-0.010485
-0.009247
-0.009393
-0.005242
-0.000801
-0.005242
-0.009720
-0.012888
-0.008410
0.000000
0.010048
0.007172
0.004187
0.004077
0.002330
-0.006772
0.003167
0.001129
-0.002621
-0.006444
0.001565
-0.006007
-0.010740
-0.011431
-0.006517
-0.004551
-0.000218
0.002439
0.001420
0.004624
0.004187
-0.008337
-0.017948
-0.018057
-0.019150
-0.020278
-0.011614
-0.007682
-0.005206
-0.007318
-0.008082
-0.008992
-0.015436
-0.014380
-0.008737
-0.006007
-0.005461
-0.000546
0.004187
0.002585
0.003095
0.004223
0.007318
0.007609
0.003022
-0.002985
-0.013834
-0.012050
-0.004951
-0.000437
0.002257
-0.000582
-0.002439
-0.002002
0.001056
-0.001784
-0.008155
-0.009830
-0.008592
-0.003022
0.000218
0.002548
-0.004187
-0.007172
-0.006043
-0.005170
-0.005825
-0.009939
-0.015400
-0.013943
-0.009211
-0.001311
0.005570
0.005242
-0.000910
-0.008919
-0.007682
-0.002403
0.004806
0.005716
0.001201
-0.003204
-0.007245
-0.009866
-0.009138
-0.005825
-0.003604
-0.003786
-0.002148
-0.001056
-0.005497
-0.005789
0.000000
0.005570
0.002512
-0.004223
-0.007536
-0.005934
-0.002112
0.002112
0.005060
0.008774
0.007026
0.002476
-0.006225
-0.013179
-0.012451
-0.008337
-0.004405
-0.004842
-0.004296
-0.001238
0.000692
-0.001456
-0.004514
-0.006007
-0.007390
-0.007500
-0.006262
-0.003022
-0.002366
-0.000473
0.000619
-0.001056
-0.004624
-0.003568
0.000692
0.003823
0.004405
0.001747
-0.000837
0.001092
0.004514
0.003313
0.002221
-0.000837
-0.010485
-0.014926
-0.010339
-0.004405
-0.001165
0.000182
0.002840
0.002876
0.002184
0.004260
0.007245
0.004988
-0.003386
-0.008701
-0.010521
-0.012706
-0.016055
-0.015727
-0.010412
-0.005716
-0.008774
-0.015618
-0.015545
-0.006262
0.001857
0.004478
0.003131
-0.000400
-0.005570
-0.004988
-0.001347
0.002294
0.006699
0.009284
0.004478
-0.004405
-0.005898
0.000765
0.002112
0.000073
0.001893
0.005607
0.000582
-0.004041
-0.005971
-0.005497
-0.005971
-0.003495
-0.004041
-0.007026
-0.005424
-0.001565
0.000692
0.001238
0.000255
-0.003131
-0.006735
-0.007463
-0.006699
-0.004769
-0.004041
-0.003750
-0.001966
-0.000109
-0.000218
-0.003022
-0.007500
-0.009356
-0.004478
0.000146
0.005097
0.006007
0.000473
-0.003859
-0.002294
0.001493
0.003022
0.003422
0.000910
-0.003604
-0.004077
-0.003641
-0.002840
-0.005352
-0.007973
-0.007026
-0.007281
-0.006553
-0.001165
0.004296
0.004733
0.000182
-0.005097
-0.009393
-0.008046
-0.004915
-0.001493
0.000655
0.003240
0.012014
0.015545
0.008701
-0.000801
-0.004551
-0.001238
0.000728
0.003823
0.006298
0.007500
0.009138
0.010048
0.002548
-0.016783
-0.028724
-0.023336
-0.011723
-0.001493
0.013725
0.026176
0.022353
0.004077
-0.017948
-0.033311
-0.041321
-0.029307
-0.009538
0.003167
0.017256
0.023664
0.031418
0.037462
0.032183
0.020169
0.002949
-0.014198
-0.032802
-0.042449
-0.042304
-0.035860
-0.016565
-0.001201
0.018968
0.044233
0.053044
0.047947
0.030435
0.004878
-0.033093
-0.064511
-0.078236
-0.060834
-0.015837
0.025521
0.058395
0.061490
0.026103
-0.018385
-0.047910
-0.056975
-0.051041
-0.031018
-0.002148
0.020606
0.030545
0.027632
0.012851
-0.011249
-0.037061
-0.050095
-0.050422
-0.033239
-0.005534
0.017730
0.028069
0.029452
0.020169
-0.001238
-0.023373
-0.040957
-0.047437
-0.044889
-0.031200
-0.004150
0.024283
0.033530
0.023045
0.006043
-0.010703
-0.026067
-0.031782
-0.033020
-0.024428
-0.012050
-0.008446
-0.006844
-0.005170
-0.003349
-0.002257
-0.008810
-0.014562
-0.013215
-0.010776
-0.010012
-0.009247
-0.002294
0.002476
0.000400
-0.006480
-0.015545
-0.020861
-0.020460
-0.013689
-0.007864
-0.006881
-0.007245
-0.004878
-0.001638
-0.001565
-0.003713
-0.005133
-0.006881
-0.010667
-0.010703
-0.012014
-0.017256
-0.021115
-0.015436
-0.006225
0.004041
0.005789
-0.002039
-0.015145
-0.028142
-0.034695
-0.028797
-0.013252
-0.002112
0.005206
0.007172
0.001966
-0.002476
-0.005898
-0.008082
-0.009502
-0.011104
-0.007354
-0.002257
-0.001966
-0.004005
-0.008446
-0.010012
-0.007864
-0.005570
-0.003204
-0.004041
-0.008082
-0.006444
-0.003349
0.000400
0.006699
0.013579
0.015363
0.005752
-0.009902
-0.020169
-0.022026
-0.013689
-0.004587
0.006662
0.015036
0.007900
0.000146
-0.000947
-0.000801
-0.003459
-0.010266
-0.011796
-0.010266
-0.006917
0.000874
0.001602
-0.010558
-0.017803
-0.007791
0.008992
0.010412
0.000801
-0.001019
0.001565
0.001165
-0.003240
-0.004478
-0.000765
-0.001274
-0.004150
-0.003240
-0.003422
-0.004332
-0.007354
-0.007427
0.001711
0.008009
0.008046
0.000874
-0.008373
-0.014744
-0.010922
-0.004696
0.000400
0.005352
0.007208
0.005570
-0.000218
-0.005861
-0.007791
-0.007427
-0.006407
-0.004187
0.001602
0.004077
-0.000146
-0.004005
-0.002002
0.003131
0.002730
-0.001493
-0.004296
-0.004988
-0.005679
-0.001966
0.001602
-0.001092
-0.001420
-0.001311
-0.001529
-0.000619
-0.002257
0.000000
-0.000255
-0.000801
0.000874
0.002257
0.004114
0.001165
-0.000765
-0.003349
-0.004077
-0.004332
-0.005461
-0.003422
-0.000036
0.001311
-0.000910
0.000291
0.001493
0.000146
-0.002803
-0.006043
-0.006262
-0.005570
-0.005898
-0.003932
-0.001638
0.000036
0.000692
0.004114
0.004733
0.004114
0.004442
0.002512
0.002075
-0.001165
-0.002512
-0.000291
0.001056
0.001019
-0.000437
-0.001820
-0.003422
-0.003568
-0.007026
-0.005170
-0.002621
-0.003422
0.000255
0.001565
0.001529
0.001056
0.000218
0.000255
-0.004114
-0.007827
-0.012924
-0.007718
-0.008810
-0.005534
-0.001347
-0.003859
-0.007718
-0.005570
0.001056
0.006662
0.009975
0.008155
0.000874
-0.001347
-0.008264
-0.018130
-0.015618
-0.004077
0.002403
0.001165
0.004696
0.007609
0.001274
-0.001966
-0.000218
0.000109
0.000218
0.002439
0.001529
0.002039
0.002730
0.001092
0.000328
0.001274
0.002257
0.002840
0.002257
0.001274
-0.001383
-0.003823
-0.001165
0.001238
0.001201
-0.000146
-0.000073
0.001201
0.000000
-0.002294
-0.004587
-0.007900
-0.015291
-0.016164
-0.003895
0.013397
0.023955
0.026831
0.028688
0.027268
0.018895
0.006444
-0.001238
-0.000947
0.004624
0.014453
0.017293
0.017657
0.018713
0.011723
0.008155
0.008810
0.002912
-0.000437
0.001857
0.002330
0.004915
0.012087
0.012924
0.007718
0.003422
0.001529
0.003823
0.012269
0.012596
0.001930
-0.004878
0.000874
0.012378
0.020424
0.022790
0.018858
0.005461
-0.007791
-0.008446
-0.002148
0.000364
0.006699
0.016565
0.018858
0.011286
0.004187
0.002330
0.002075
-0.000947
-0.002621
0.003932
0.012123
0.014417
0.011541
0.006298
-0.001420
-0.006954
-0.010922
-0.008592
-0.001966
0.002512
0.005679
0.004478
0.003386
0.006043
0.006662
0.007718
0.006262
0.003495
-0.000255
-0.004114
-0.017766
-0.028834
-0.030581
-0.028542
-0.018203
-0.017839
-0.029452
-0.042923
-0.033348
0.013215
0.062764
0.069681
0.023227
-0.027705
-0.041940
-0.028615
-0.022645
-0.025157
-0.011431
-0.001966
-0.006371
-0.013871
-0.010266
-0.001311
-0.000510
-0.000910
-0.003204
-0.008847
-0.010194
-0.013834
-0.010631
-0.004660
-0.007682
-0.012269
-0.009284
-0.001638
-0.003022
-0.009320
-0.014417
-0.014344
-0.011723
-0.011177
-0.007172
-0.003823
-0.003277
-0.000473
0.000801
0.001820
0.000837
-0.002840
-0.012414
-0.019295
-0.016164
-0.005060
0.004369
0.008774
0.007973
-0.000218
-0.008410
-0.007354
-0.008082
-0.007536
-0.002257
0.000073
0.000692
-0.004696
-0.013871
-0.017730
-0.013907
-0.012815
-0.009720
-0.006153
-0.000400
0.006881
0.007172
0.000146
-0.004187
-0.006371
-0.005861
-0.001893
-0.000692
-0.002949
-0.004769
-0.005133
-0.008228
-0.007063
-0.000546
0.004878
0.005789
0.002148
0.000546
-0.000910
-0.000073
0.001820
0.000692
0.000619
0.003022
0.004806
0.002840
0.001820
0.000765
-0.000546
-0.000837
-0.000728
-0.006662
-0.012196
-0.010521
-0.006517
-0.003459
0.001165
0.003568
0.001820
-0.002075
-0.003167
-0.003895
-0.007827
-0.009939
-0.007463
-0.002330
0.005424
0.013143
0.012378
0.003677
0.001383
0.002985
0.001930
0.001238
0.003422
0.005752
0.006043
0.004260
-0.002330
-0.008009
-0.004041
0.001238
0.002621
0.003604
0.003750
0.001857
0.002439
0.007172
0.007609
0.003786
-0.000619
-0.006153
-0.012596
-0.007500
0.003859
0.005971
0.005861
0.006080
-0.001129
-0.012742
-0.017475
-0.011322
-0.004114
0.001274
0.000983
-0.001311
0.000437
0.003022
0.004077
0.004696
-0.000765
-0.008446
-0.008628
-0.010485
-0.010995
-0.006772
-0.000036
-0.000728
-0.003386
-0.004988
-0.008410
-0.010449
-0.010703
-0.004260
-0.001092
-0.002876
-0.004915
-0.005461
-0.005534
-0.006335
-0.009211
-0.012014
-0.011541
-0.006007
-0.001347
0.002330
0.005461
0.007281
0.005206
0.002658
-0.001165
-0.005716
-0.009356
-0.012961
-0.012050
-0.007937
-0.004260
-0.005133
-0.004442
-0.000655
0.002658
0.004842
0.003349
0.000400
-0.001274
-0.000182
0.005825
0.010012
0.011249
0.008373
0.004369
0.001165
-0.005716
-0.010849
-0.014926
-0.014781
-0.010776
-0.008592
-0.006298
-0.006153
-0.011140
-0.018239
-0.020424
-0.019077
-0.014453
-0.006189
0.002366
0.011686
0.014708
0.011359
0.008410
0.009939
0.008592
-0.001274
-0.010667
-0.011796
-0.005424
-0.002075
-0.004842
-0.004696
-0.000619
0.004005
0.007536
0.009174
0.004005
-0.004624
-0.012815
-0.020533
-0.024975
-0.026212
-0.019696
-0.007973
0.001383
0.007245
0.010558
0.015108
0.015655
0.013798
0.005898
-0.005424
-0.013361
-0.017220
-0.014344
-0.008446
-0.003641
-0.003240
-0.004587
-0.003859
0.000400
0.005607
0.011577
0.013507
0.010813
0.005097
0.001274
-0.001711
-0.003277
-0.008992
-0.013325
-0.014708
-0.018167
-0.024865
-0.028287
-0.022499
-0.009393
0.004260
0.016237
0.025484
0.027559
0.020351
0.005679
-0.010521
-0.024465
-0.034440
-0.037535
-0.028870
-0.015473
-0.003932
0.003568
0.010521
0.013361
0.011067
0.000910
-0.012451
-0.018676
-0.019404
-0.020205
-0.018785
-0.016456
-0.013361
-0.010558
-0.007354
-0.002840
-0.001529
-0.003568
-0.004478
-0.006080
-0.010776
-0.018312
-0.023227
-0.021407
-0.014744
-0.008301
-0.005206
-0.001529
-0.000036
-0.000910
-0.004514
-0.010521
-0.017366
-0.019586
-0.014672
-0.010412
-0.003968
-0.000109
0.001092
-0.005388
-0.009247
-0.007463
-0.004260
-0.004514
-0.008883
-0.014635
-0.017220
-0.015108
-0.011286
-0.006990
-0.000874
-0.006153
-0.013252
-0.016273
-0.018931
-0.015982
-0.013725
-0.013725
-0.012123
-0.005352
-0.006772
-0.008956
-0.008555
-0.008337
-0.001857
0.002039
-0.000218
-0.004041
-0.005898
-0.004077
-0.000510
-0.003131
-0.011067
-0.016346
-0.012414
-0.009211
-0.008555
-0.007937
-0.007900
-0.008301
-0.011905
-0.010849
-0.004878
0.000255
0.002658
0.002694
-0.000437
-0.005206
-0.006954
-0.004514
-0.003641
-0.008883
-0.015291
-0.020351
-0.023300
-0.016310
-0.008919
-0.004587
-0.000655
0.004442
0.008519
0.003022
-0.005133
-0.009866
-0.009830
-0.008919
-0.006954
-0.003786
-0.005024
-0.007572
-0.010157
-0.006480
-0.001274
-0.001165
-0.004150
-0.006735
-0.005679
-0.006917
-0.011468
-0.013579
-0.008701
0.000692
0.004842
0.004150
0.000218
-0.001820
-0.006225
-0.009902
-0.010631
-0.010558
-0.007354
-0.007973
-0.007245
-0.002221
0.001056
0.002184
-0.006954
-0.027050
-0.036588
-0.028324
-0.010558
0.011686
0.025375
0.024319
0.005461
-0.016892
-0.031164
-0.035168
-0.018713
-0.000109
0.012596
0.013434
0.004551
-0.009939
-0.019259
-0.021698
-0.015509
-0.004077
0.004769
0.007026
0.002476
-0.003895
-0.007500
-0.007063
-0.005206
-0.005789
-0.006917
-0.006553
-0.004551
-0.003204
-0.003204
-0.005352
-0.004696
-0.004187
-0.006335
-0.005060
-0.007318
-0.011067
-0.009320
-0.010157
-0.007973
-0.001238
0.005607
0.004478
-0.001675
-0.011067
-0.019805
-0.020387
-0.012305
-0.006772
-0.005643
-0.006553
-0.006808
-0.004405
-0.002912
-0.005934
-0.008665
-0.005424
0.004077
0.010558
0.009393
0.003277
-0.003095
-0.003932
0.002112
0.006954
0.005643
0.000036
-0.002621
-0.001347
0.004769
0.011832
0.015800
0.012633
0.007900
0.002912
0.001347
0.002221
0.004260
0.006517
0.007682
0.007500
0.005971
0.006553
0.010230
0.011686
0.009138
0.006517
0.003531
0.003531
0.004878
0.005279
0.006735
0.008337
0.008774
0.006335
0.006153
0.010958
0.014526
0.015363
0.011868
0.007463
0.005097
0.004005
0.005570
0.011177
0.014708
0.015108
0.014162
0.010230
0.006589
0.007973
0.009284
0.009393
0.009975
0.009502
0.007900
0.006808
0.006772
0.007572
0.006917
0.004187
0.003095
0.002184
0.001456
-0.001165
0.001311
-0.005242
-0.002039
0.021771
0.028506
0.013871
0.005352
0.004005
0.001129
-0.000182
0.001311
0.002439
0.000291
0.003495
0.009502
0.010849
0.001711
-0.005934
-0.003677
-0.003495
-0.004478
0.000983
0.004769
0.005352
0.005133
-0.000619
-0.004296
-0.006990
-0.006735
-0.007973
-0.012560
-0.006298
0.002803
0.003604
0.004733
0.007063
0.002512
-0.002002
-0.003495
-0.008592
-0.010667
-0.006444
-0.002512
0.000983
0.005716
0.006881
0.001456
-0.004915
-0.009138
-0.008628
-0.007463
-0.004514
-0.000291
0.000218
-0.000801
-0.001311
-0.000582
-0.001565
-0.006808
-0.008628
-0.007136
-0.004223
-0.003422
-0.006080
-0.008701
-0.010849
-0.008337
-0.003895
-0.001238
-0.000983
-0.002439
-0.004951
-0.004223
-0.003313
-0.007099
-0.009320
-0.006517
-0.000255
0.003167
0.001092
-0.001238
-0.001857
-0.003240
-0.001784
0.005170
0.007609
0.003386
-0.000328
-0.006917
-0.012487
-0.010849
-0.003859
0.005534
0.014126
0.014999
0.012742
0.009684
0.003349
-0.003495
0.000655
0.006153
0.009029
0.012742
0.015291
0.013143
0.006589
-0.000364
-0.002112
0.000837
0.008701
0.017693
0.017293
0.005716
-0.005170
-0.005497
0.000000
0.006116
0.007026
0.003531
0.004696
0.010194
0.013798
0.019077
0.017766
0.010339
0.000619
-0.003531
-0.004915
-0.005643
-0.002767
0.002912
0.007973
0.010667
0.014635
0.016965
0.017985
0.017293
0.008264
0.001675
0.004951
0.002112
-0.001056
0.004260
0.005352
0.003531
0.006881
0.011104
0.010266
0.009065
0.007427
0.004514
0.005752
0.010048
0.011431
0.005934
-0.000619
-0.021880
-0.041139
-0.019259
0.025557
0.051769
0.044197
0.010230
-0.028724
-0.050677
-0.024683
0.015873
0.045981
0.063201
0.051806
0.014344
-0.022681
-0.046054
-0.052279
-0.047000
-0.028724
-0.002694
0.022098
0.033421
0.032838
0.016565
-0.005570
-0.018458
-0.022972
-0.024101
-0.021880
-0.012924
-0.004260
-0.003167
-0.007099
-0.016565
-0.028360
-0.029198
-0.018421
-0.006954
0.006371
0.018895
0.018931
0.009065
-0.002876
-0.012961
-0.024137
-0.036224
-0.037025
-0.027414
-0.014599
-0.007354
-0.005170
-0.006954
-0.011650
-0.014999
-0.011249
-0.002075
0.001238
0.000036
-0.002403
-0.009320
-0.015072
-0.013143
-0.008701
-0.008410
-0.013579
-0.015181
-0.004915
0.002621
-0.003131
-0.010703
-0.018130
-0.015327
-0.001857
0.001820
-0.010339
-0.019514
-0.011759
-0.004442
-0.003240
-0.001893
-0.003531
-0.009247
-0.015873
-0.015108
-0.009502
-0.006007
-0.000218
-0.000947
-0.006990
-0.010412
-0.012014
-0.014672
-0.013361
-0.004005
0.000837
0.000510
-0.001456
-0.005461
-0.014599
-0.018239
-0.013252
-0.005352
-0.000582
0.000619
-0.003459
-0.005424
-0.003240
-0.002257
-0.004405
-0.008119
-0.011941
-0.011905
-0.006480
-0.002294
-0.004624
-0.009939
-0.012123
-0.011213
-0.005242
-0.003641
0.002767
0.010339
0.004405
0.001966
0.001529
-0.005170
-0.008847
-0.011031
-0.012997
-0.012269
-0.003131
0.004806
0.003823
0.003859
0.001893
-0.002330
0.000000
0.003750
0.000947
-0.006917
-0.008701
-0.002476
0.000400
-0.004332
-0.007864
-0.002257
-0.001711
-0.000837
0.001675
0.008009
0.012305
0.008555
0.001311
-0.004442
-0.007609
-0.008847
-0.006335
-0.002876
-0.006662
-0.013288
-0.014854
-0.008483
0.001129
0.007318
0.009466
0.007791
0.004478
-0.002002
-0.007609
-0.006735
-0.007281
-0.006335
0.000728
0.003859
-0.002002
-0.004915
0.000146
0.003131
0.000655
0.003095
0.005388
0.006153
0.002730
-0.002221
0.000546
0.005716
0.005789
0.000291
-0.003713
-0.004733
-0.007099
-0.008628
-0.005643
0.003823
0.012050
0.008883
0.000728
-0.005898
-0.007973
-0.005388
0.000328
0.005060
0.008810
0.008264
0.003568
0.000036
-0.002148
-0.004405
-0.004296
-0.004332
-0.006043
-0.005534
-0.002840
0.000328
0.003713
0.000582
-0.000437
0.000437
0.003277
0.000364
-0.007208
-0.009284
-0.004223
0.004150
0.006116
0.000328
-0.004733
-0.005716
-0.003349
-0.000328
0.000036
-0.001274
0.000947
-0.000655
0.000328
0.005716
0.008628
0.006589
0.003750
0.002949
-0.001747
-0.004150
-0.003313
0.001129
0.003131
0.000255
-0.000255
-0.001602
-0.002949
-0.001711
0.002075
0.005679
0.007718
0.002548
-0.003677
-0.004332
-0.003750
-0.002985
-0.001019
0.004223
0.006808
0.008810
0.011650
0.013543
0.017948
0.017184
0.007463
-0.010157
-0.034440
-0.049148
-0.042777
-0.019077
0.005388
0.025411
0.038918
0.034149
0.019659
0.002075
-0.017074
-0.031855
-0.037389
-0.035314
-0.026322
-0.013725
-0.001747
0.001019
-0.004514
-0.010958
-0.013106
-0.006954
0.008774
0.025302
0.029999
0.023846
0.016419
0.005752
-0.009247
-0.016528
-0.015582
-0.005534
-0.001529
-0.009284
-0.017402
-0.019878
-0.017256
-0.011905
-0.000692
0.018749
0.038954
0.051842
0.052097
0.039100
0.018713
-0.006298
-0.035059
-0.056247
-0.065749
-0.060834
-0.036916
-0.001238
0.036552
0.055228
0.049403
0.023518
-0.010849
-0.043651
-0.067096
-0.070700
-0.059378
-0.031855
0.001311
0.029161
0.039100
0.031054
0.008665
-0.015327
-0.026467
-0.024392
-0.021953
-0.016128
-0.009939
-0.010339
-0.017839
-0.028287
-0.032438
-0.029999
-0.018312
-0.003531
0.011067
0.015254
0.010740
0.003641
-0.006189
-0.016783
-0.023154
-0.027450
-0.025557
-0.011504
0.004878
0.012050
0.010048
-0.003313
-0.014526
-0.024101
-0.029999
-0.030690
-0.022717
-0.013507
-0.009247
-0.005133
0.001347
0.005133
-0.000328
-0.006371
-0.013725
-0.016019
-0.017875
-0.015837
-0.009466
-0.003859
-0.001966
-0.002221
-0.002621
-0.002366
0.005170
0.004806
-0.006553
-0.015218
-0.021115
-0.027268
-0.027159
-0.033494
-0.038590
-0.035824
-0.034841
-0.034549
-0.028033
-0.014453
-0.007245
-0.003677
-0.008228
-0.013579
-0.009065
0.001711
0.014781
0.027996
0.029052
0.016856
0.002294
-0.007864
-0.013616
-0.016892
-0.019113
-0.021916
-0.022463
-0.017475
-0.012706
-0.005898
-0.003750
-0.005570
-0.005643
-0.006990
-0.005534
-0.003677
-0.010558
-0.016892
-0.017875
-0.015327
-0.014526
-0.013616
-0.007572
-0.002730
0.000437
-0.000182
0.001383
0.002148
-0.003422
-0.007864
-0.013143
-0.013616
-0.014235
-0.018276
-0.019368
-0.014963
-0.010194
-0.010339
-0.008155
-0.003859
-0.005315
-0.012924
-0.018858
-0.024283
-0.030799
-0.031491
-0.024538
-0.014926
-0.000255
0.005242
0.002876
0.001092
-0.004951
-0.010449
-0.013616
-0.011941
-0.008337
-0.004442
-0.000546
0.000582
-0.002767
-0.009429
-0.011978
-0.012050
-0.018931
-0.023518
-0.021188
-0.016856
-0.009720
-0.004332
-0.001274
-0.004150
-0.005279
-0.009247
-0.012269
-0.010339
-0.013252
-0.016820
-0.019222
-0.017438
-0.014926
-0.016601
-0.014963
-0.009538
-0.005679
-0.005607
-0.008337
-0.008555
-0.006225
0.000000
0.000874
-0.004442
-0.007827
-0.009393
-0.009065
-0.009065
-0.010813
-0.012196
-0.014963
-0.018822
-0.022098
-0.020788
-0.015837
-0.008919
-0.000364
0.003641
0.002366
-0.003531
-0.009174
-0.006699
-0.001602
-0.001311
-0.001893
-0.005097
-0.010594
-0.016710
-0.018749
-0.015363
-0.008592
-0.001383
0.003932
0.005716
0.004041
0.001129
-0.001711
-0.004733
-0.007645
-0.008373
-0.007500
-0.002876
0.001238
0.001966
0.003641
0.003095
0.000874
0.001165
0.002184
0.004405
0.002548
-0.000947
-0.003022
-0.006844
-0.005388
0.000947
0.004223
0.002730
-0.001201
-0.003058
-0.003240
0.000109
0.003277
0.007536
0.010995
0.011249
0.009174
0.003131
-0.002985
-0.007136
-0.013616
-0.015727
-0.009029
0.003313
0.017438
0.023882
0.021953
0.014053
0.006699
0.001092
0.000582
0.003277
0.007500
0.008009
0.007208
0.007609
0.008992
0.008082
0.007172
0.007754
0.006990
0.004223
0.003349
-0.000255
-0.007063
-0.006917
-0.002949
-0.007754
-0.016237
-0.004150
0.011577
0.008519
0.005971
0.017366
0.024792
0.020315
0.008264
-0.003422
-0.006917
-0.006407
-0.006298
-0.006371
-0.006371
-0.005133
0.000182
0.004551
0.004077
-0.000400
-0.005534
-0.006699
-0.000109
0.003313
-0.000728
-0.005570
-0.009611
-0.011978
-0.009101
-0.003750
-0.001383
-0.003968
-0.005497
-0.003641
-0.002694
-0.003823
-0.003568
-0.003422
-0.005716
-0.008337
-0.007682
-0.001565
-0.004442
-0.002912
-0.002366
-0.004223
-0.006407
-0.006990
-0.009138
-0.009975
-0.006954
-0.005424
-0.005461
-0.005133
-0.005971
-0.004951
-0.005534
-0.010631
-0.017511
-0.018713
-0.017621
-0.020460
-0.018968
-0.013033
-0.005789
-0.001165
-0.001930
-0.006225
-0.011213
-0.012087
-0.011067
-0.009538
-0.009720
-0.009538
-0.009284
-0.008701
-0.005607
-0.004114
-0.000182
0.001966
-0.001675
-0.005206
-0.008009
-0.009466
-0.009538
-0.006990
-0.002257
-0.000582
0.001383
0.003495
0.001456
-0.004842
-0.006772
-0.000728
0.005497
0.003313
-0.002694
-0.004733
0.000328
0.006517
0.004842
-0.004223
-0.009211
-0.000546
0.011322
0.015108
0.010121
-0.002002
-0.017730
-0.019040
-0.005570
0.012269
0.025448
0.028870
0.021443
0.003968
-0.016055
-0.025193
-0.016783
0.001675
0.014198
0.018822
0.016638
0.010266
0.002148
-0.004041
-0.003459
-0.005679
-0.007791
-0.004806
0.002985
0.011723
0.011614
0.006189
0.002730
0.001930
0.002730
0.007390
0.012560
0.013834
0.010376
0.006225
0.005097
0.001420
0.000910
0.003240
0.008082
0.006844
0.005643
0.007099
0.007754
0.005097
0.004660
0.006189
0.001493
-0.003895
0.000437
0.006735
0.008847
0.004442
0.000182
0.002330
0.004988
0.006480
0.011614
0.008264
0.001857
0.001820
-0.001529
-0.005388
-0.003968
-0.001638
0.004878
0.006917
0.001711
0.001529
0.002002
0.000364
-0.001165
-0.005570
-0.005861
-0.003313
-0.003022
-0.002621
-0.001456
0.000546
0.000473
-0.002985
-0.006116
-0.006626
-0.009174
-0.010703
-0.008919
-0.008009
-0.010012
-0.010084
-0.004551
0.002257
0.000947
-0.005352
-0.005242
0.005752
0.018021
0.011359
-0.006662
-0.019040
-0.021079
-0.013325
0.002075
0.016965
0.016383
0.002876
-0.006335
-0.010849
-0.015837
-0.011031
0.004041
0.017475
0.017621
0.003641
-0.013288
-0.018276
-0.018968
-0.015837
-0.004442
0.003459
0.004369
0.004405
0.003095
-0.001056
-0.004551
-0.002002
0.003786
0.008810
0.010449
0.005170
-0.001019
-0.007463
-0.009502
-0.004114
0.002912
0.005898
0.005570
0.002985
-0.001930
-0.001201
0.006844
0.009975
0.005825
0.000146
-0.001420
-0.001274
-0.002658
-0.007754
-0.011395
-0.013761
-0.015327
-0.016710
-0.015909
-0.013325
-0.009101
-0.005424
-0.001383
0.003204
0.003095
0.000546
0.002294
0.004150
0.000837
-0.002876
-0.003022
-0.004005
-0.007354
-0.007427
-0.006662
-0.007427
-0.006808
-0.003386
-0.003459
-0.005752
-0.005170
-0.002876
-0.000947
0.002985
0.006153
0.008009
0.007281
0.001711
-0.002439
-0.001893
0.000291
0.004077
0.006808
0.009247
0.008009
0.004514
0.000655
-0.005752
-0.009065
-0.003786
0.000983
0.002330
0.001129
-0.001056
-0.004915
-0.009211
-0.013325
-0.013070
-0.008446
-0.002403
0.000364
0.002585
0.003167
0.005861
0.010157
0.008701
0.000400
-0.006517
-0.012997
-0.014308
-0.007682
0.002840
0.008810
0.007682
0.000473
-0.003713
-0.004041
-0.002949
-0.000765
0.002294
0.002949
-0.000983
-0.005789
-0.005206
-0.000983
0.001602
0.000910
0.001201
0.004405
0.006116
0.004878
0.001456
-0.005352
-0.005060
0.002548
0.006335
0.001201
-0.009065
-0.010995
-0.009575
-0.010157
-0.007536
-0.004005
-0.002002
0.001638
0.004951
0.002658
-0.000983
-0.002439
-0.006225
-0.007572
-0.003713
-0.001201
-0.001784
-0.001820
0.000109
0.001129
0.003495
0.003313
-0.004405
-0.011796
-0.013288
-0.007172
0.000218
0.006080
0.011067
0.011650
0.008119
0.002257
-0.005607
-0.009793
-0.012014
-0.010412
-0.005388
0.000218
0.004733
0.006007
0.004769
0.003568
0.001966
-0.003349
-0.008519
-0.009320
-0.008009
-0.003641
-0.002621
-0.007245
-0.008956
-0.006699
-0.003859
0.001347
0.006990
0.007463
0.004077
0.002002
0.000692
-0.002767
-0.004005
-0.001711
-0.000655
-0.000364
0.000036
-0.000255
-0.002439
-0.003750
-0.004769
-0.004587
-0.002002
0.000328
0.001274
0.000655
0.000874
-0.000109
-0.002548
-0.005461
-0.005534
-0.003531
-0.002184
-0.003167
-0.004660
-0.001966
0.002730
0.006189
0.005570
0.002184
-0.002548
-0.006881
-0.011759
-0.016310
-0.016091
-0.012997
-0.009393
-0.004915
0.002730
0.009902
0.014599
0.014271
0.008264
0.002221
-0.002840
-0.011504
-0.015909
-0.020933
-0.028360
-0.023409
-0.005206
0.015873
0.034222
0.041030
0.032001
0.012378
-0.012196
-0.033384
-0.043068
-0.038845
-0.020169
0.007063
0.031418
0.040119
0.035387
0.016528
-0.002803
-0.012596
-0.021261
-0.029380
-0.031782
-0.030763
-0.023992
-0.013106
-0.002876
0.006153
0.013689
0.020242
0.017730
0.009720
0.001274
-0.008046
-0.011468
-0.014635
-0.012305
-0.014235
-0.020606
-0.025666
-0.037498
-0.042449
-0.038590
-0.023081
-0.001456
0.024902
0.052643
0.062837
0.049658
0.024465
-0.004806
-0.030945
-0.048602
-0.047619
-0.039974
-0.038044
-0.033421
-0.020642
0.002512
0.021807
0.029052
0.027851
0.013616
-0.009902
-0.028324
-0.035678
-0.031564
-0.020569
-0.005643
0.014854
0.023118
0.016528
0.002403
-0.013507
-0.028105
-0.038044
-0.038299
-0.029562
-0.015400
-0.001602
0.005861
0.005898
-0.001420
-0.008774
-0.020569
-0.031164
-0.029707
-0.019623
-0.005315
0.006662
0.002694
-0.002658
-0.008992
-0.024064
-0.039573
-0.047692
-0.044961
-0.039282
-0.031236
-0.021480
-0.008847
0.009830
0.025484
0.029052
0.018785
0.000218
-0.017438
-0.033348
-0.042704
-0.042085
-0.032511
-0.020096
-0.007354
0.001675
0.005133
0.012633
0.010521
0.002730
-0.001420
-0.006407
-0.011468
-0.013579
-0.016346
-0.015764
-0.014562
-0.009101
-0.005825
-0.003604
-0.000473
-0.002730
-0.005388
-0.008046
-0.010594
-0.017074
-0.025630
-0.029452
-0.027669
-0.020351
-0.008956
-0.001711
0.000728
-0.003167
-0.011104
-0.021807
-0.033967
-0.046163
-0.050313
-0.041175
-0.024683
-0.008919
0.002294
0.005716
-0.000765
-0.015618
-0.034622
-0.041430
-0.032875
-0.014963
0.009284
0.026140
0.026977
0.014235
-0.003422
-0.021552
-0.037789
-0.043068
-0.041758
-0.031600
-0.016091
-0.003095
0.007354
0.010230
0.010303
0.005607
-0.000692
-0.004624
-0.004332
0.003641
0.008665
0.012851
0.016128
0.010266
-0.001784
-0.016856
-0.026467
-0.032256
-0.033275
-0.025448
-0.017220
-0.010121
-0.005607
-0.007937
-0.015618
-0.022280
-0.025157
-0.023118
-0.017985
-0.010667
-0.002730
0.003786
0.005570
0.004150
-0.000218
-0.008082
-0.012451
-0.013725
-0.018385
-0.021989
-0.020351
-0.019004
-0.016091
-0.009939
-0.004260
-0.002767
-0.003786
-0.006662
-0.006699
-0.010157
-0.011359
-0.010667
-0.013252
-0.012742
-0.010339
-0.009538
-0.006589
-0.004878
-0.006808
-0.010958
-0.013434
-0.013070
-0.013798
-0.016237
-0.015764
-0.009757
-0.007390
-0.006589
-0.005643
-0.005898
-0.007572
-0.009830
-0.005060
0.003058
0.001347
-0.005716
-0.009684
-0.005607
0.000036
-0.005825
-0.012633
-0.014781
-0.017693
-0.014198
-0.007208
-0.004988
-0.004624
-0.002876
0.001493
0.001747
-0.000328
-0.002366
-0.004587
-0.009320
-0.013179
-0.011395
-0.007099
-0.003313
-0.002876
-0.004478
-0.006844
-0.011978
-0.004988
0.015509
0.020897
0.008774
-0.001092
-0.008155
-0.010594
-0.007827
-0.010521
-0.015509
-0.013798
-0.003750
0.007026
0.007026
0.002403
0.000182
-0.000255
-0.001165
-0.002912
-0.007791
-0.007864
-0.002912
-0.001893
-0.004551
-0.002876
-0.002403
-0.003859
-0.005097
-0.002803
-0.004150
-0.005352
-0.004296
-0.004369
-0.003531
0.000801
0.004806
0.004187
0.000473
-0.001784
-0.003641
-0.004114
-0.005097
-0.004696
-0.005388
-0.005934
-0.005279
-0.005825
-0.009575
-0.013579
-0.013725
-0.011868
-0.010995
-0.010157
-0.007973
-0.006007
-0.005315
-0.006589
-0.009211
-0.009429
-0.008373
-0.007718
-0.004915
-0.002876
-0.004260
-0.006153
-0.008373
-0.011249
-0.012160
-0.011796
-0.008483
-0.003277
0.005679
0.009720
0.006007
0.006626
0.007026
0.001565
-0.008373
-0.011322
-0.007245
-0.004369
-0.003750
-0.003859
-0.004442
-0.002330
0.002075
0.004733
0.002403
0.000000
-0.000400
-0.002985
-0.006990
-0.008446
-0.007718
-0.003713
-0.000910
0.000182
0.001784
0.003313
0.000218
-0.002730
-0.000437
0.004187
0.005206
0.003750
0.006517
0.008810
0.005898
0.002512
-0.000655
-0.001893
0.000364
0.003932
0.003641
0.004114
0.006335
0.008009
0.007791
0.005206
0.006043
0.008264
0.007136
0.005716
0.005497
0.006626
0.006662
0.005242
0.004660
0.007172
0.010121
0.010412
0.011468
0.011541
0.008301
0.004660
0.002658
0.000328
0.000400
0.001893
0.005206
0.009101
0.009975
0.011213
0.012087
0.011431
0.013252
0.013798
0.009975
0.004951
0.002912
0.001019
-0.002548
-0.002840
0.002148
0.004442
0.002840
0.002840
0.005971
0.006808
0.008119
0.012888
0.011359
0.008373
0.008410
0.005607
0.004296
0.002876
0.001893
0.000255
-0.002512
-0.004587
-0.002621
0.002512
0.009757
0.014744
0.015618
0.013215
0.011031
0.005716
0.000218
-0.004114
-0.005716
-0.002366
0.002803
0.004005
0.004806
0.005206
-0.001129
-0.007572
-0.009720
-0.005934
-0.000437
-0.000073
0.001056
0.000655
-0.004150
-0.006480
-0.009174
-0.010157
-0.013397
-0.023627
-0.024647
-0.005024
0.033712
0.076234
0.071210
0.037862
0.009793
-0.012305
-0.024501
-0.033494
-0.032037
-0.026467
-0.023009
-0.007864
0.003313
0.012997
0.023409
0.027050
0.023081
0.010048
-0.000146
-0.009575
-0.012706
-0.007208
-0.004842
-0.011468
-0.019332
-0.017875
-0.011031
-0.009611
-0.002912
0.007791
0.011832
0.007900
0.003349
0.002912
0.004223
0.004369
-0.000109
-0.010339
-0.016892
-0.015545
-0.010703
-0.007791
-0.005934
-0.003422
-0.002257
-0.002002
-0.003131
-0.004478
-0.005497
-0.005461
0.001092
0.004077
0.004005
0.004369
-0.002002
-0.014417
-0.020861
-0.021225
-0.020133
-0.014235
-0.009284
-0.006881
-0.005752
-0.006626
-0.007063
-0.003386
0.001092
0.005133
0.006189
0.003313
0.001602
-0.000801
-0.005898
-0.009065
-0.008847
-0.007536
-0.005315
-0.004150
-0.003568
-0.001711
-0.001019
0.000255
0.003095
0.000510
-0.004733
-0.008264
-0.011104
-0.009757
-0.004587
-0.005679
-0.009320
-0.009393
-0.005534
-0.003968
-0.002512
0.004150
0.010631
0.009538
0.001857
-0.001857
-0.002330
-0.005898
-0.009830
-0.011905
-0.010776
-0.004442
-0.002257
-0.000218
0.005206
0.007827
0.005424
0.000546
-0.002949
-0.002876
-0.003386
-0.002585
-0.000109
0.001056
-0.000874
-0.004114
-0.009684
-0.015436
-0.012232
-0.000619
0.006225
0.002694
-0.003422
-0.001529
0.004223
0.005934
-0.001311
-0.008373
-0.008446
-0.001638
0.000983
-0.002840
-0.008883
-0.005097
-0.001420
-0.001820
-0.002912
-0.002585
-0.005752
-0.007609
-0.002039
0.000109
-0.000546
-0.001675
-0.006589
-0.010776
-0.011650
-0.008992
-0.005534
-0.003204
-0.000655
0.002658
0.006881
0.006990
0.002912
0.002585
-0.001420
-0.004332
0.002257
0.009684
0.007718
0.000582
-0.005388
-0.003495
0.004223
0.006080
0.001092
-0.005097
-0.010266
-0.013798
-0.009611
-0.001056
0.002621
0.002730
0.001966
0.003713
0.006735
0.006917
0.004260
0.001274
0.002184
-0.002476
-0.008337
-0.009029
-0.004005
0.000364
0.000947
0.001857
0.001129
-0.000109
0.001747
0.007645
0.010885
0.004842
-0.002184
-0.010631
-0.014453
-0.009538
0.003313
0.012524
0.012232
0.003459
-0.006917
-0.013179
-0.010012
-0.000073
0.006225
0.008883
0.006407
0.000291
-0.005825
-0.010740
-0.012706
-0.010631
-0.007427
-0.001456
0.003823
0.007791
0.007609
0.003277
-0.001056
-0.005752
-0.008956
-0.008847
-0.004696
0.000255
-0.000109
-0.002621
-0.004478
-0.006298
-0.006225
-0.005607
-0.003313
-0.004187
-0.005752
-0.004442
-0.000765
0.002476
0.001238
-0.000837
-0.004077
-0.009720
-0.010012
-0.003823
0.002730
0.002730
-0.000218
-0.002330
-0.002949
-0.000400
0.003568
0.005279
0.001201
-0.005279
-0.007172
-0.009247
-0.007645
-0.003349
0.001602
0.006153
0.007099
0.002039
-0.004587
-0.008155
-0.010121
-0.008665
-0.002112
-0.000400
0.000910
-0.001857
-0.007500
-0.009393
-0.006808
-0.006043
-0.005643
-0.002767
-0.003495
-0.004951
-0.005643
-0.001383
-0.000073
0.001602
0.003531
0.008774
0.007318
-0.000582
-0.009393
-0.019768
-0.014562
0.001165
0.006116
0.004478
0.002548
-0.007172
-0.015072
-0.009902
-0.000255
0.008373
0.011868
0.009684
0.005789
0.001092
-0.004442
-0.011177
-0.013725
-0.013179
-0.013543
-0.010667
-0.006954
-0.003932
-0.005534
-0.008446
-0.003968
0.006153
0.016892
0.027159
0.030435
0.023919
0.013325
-0.001274
-0.020642
-0.036770
-0.040811
-0.035641
-0.025375
-0.002221
0.014744
0.022790
0.023482
0.015873
-0.000510
-0.017038
-0.022754
-0.023664
-0.016783
-0.003786
0.017766
0.032911
0.032146
0.023373
0.008628
-0.010631
-0.027887
-0.032583
-0.022208
-0.007063
0.008774
0.020169
0.019077
0.001711
-0.021370
-0.036734
-0.043724
-0.041758
-0.028906
-0.004514
0.017438
0.027887
0.027669
0.021771
0.011286
0.000182
-0.014744
-0.026831
-0.035569
-0.041139
-0.036260
-0.020933
0.000000
0.016019
0.017402
0.007281
-0.011723
-0.024865
-0.027887
-0.022535
-0.012342
-0.004587
0.001347
0.001638
-0.005934
-0.014562
-0.020679
-0.018349
-0.009174
-0.002949
-0.003786
-0.000874
0.002039
0.000582
-0.007245
-0.022426
-0.025339
-0.026103
-0.025812
-0.020460
-0.009029
0.002002
0.006153
0.009466
0.004187
-0.004769
-0.011104
-0.016892
-0.022426
-0.024756
-0.022463
-0.016419
-0.011723
-0.007136
-0.003313
-0.001347
-0.002912
-0.007572
-0.011286
-0.012451
-0.011468
-0.012487
-0.012633
-0.010740
-0.007973
-0.006080
-0.004005
-0.003932
-0.003932
-0.003495
-0.006772
-0.009720
-0.012160
-0.011577
-0.010339
-0.010157
-0.009101
-0.009284
-0.008046
-0.008264
-0.010594
-0.012997
-0.014744
-0.012487
-0.007172
-0.001274
0.000801
0.003022
0.004187
-0.001529
-0.007572
-0.008992
-0.008301
-0.009466
-0.011868
-0.012742
-0.012087
-0.010339
-0.009029
-0.010157
-0.009029
-0.005643
-0.005534
-0.005024
-0.005279
-0.008009
-0.009757
-0.010376
-0.012414
-0.015218
-0.010849
-0.003131
0.003131
0.007281
0.009429
0.007026
0.000000
-0.002439
-0.003131
-0.004660
-0.002767
-0.003204
-0.004951
-0.005497
-0.006844
-0.007136
-0.004332
0.000765
0.001893
-0.001201
-0.007136
-0.013361
-0.012342
-0.005170
-0.000655
0.003604
0.006735
0.005752
0.003895
-0.001201
-0.007463
-0.009939
-0.008665
-0.004442
0.000036
0.001529
0.003859
0.005388
0.000765
-0.008373
-0.015181
-0.016710
-0.011468
-0.001675
0.007973
0.010521
0.006116
0.000765
-0.002221
-0.004369
-0.005133
-0.001529
0.003895
0.001347
-0.005352
-0.009939
-0.010339
-0.005024
0.001820
0.004223
0.001930
-0.000801
-0.003095
-0.003823
-0.003240
-0.005279
-0.007427
-0.008774
-0.007536
-0.004733
-0.003022
-0.000255
0.002985
0.000837
-0.005279
-0.005242
-0.003313
-0.005861
-0.007609
-0.003531
0.001274
0.002730
0.001638
0.000510
0.000510
0.000947
-0.001201
-0.002985
-0.000437
-0.000473
-0.000947
-0.000255
0.000000
-0.000109
-0.000692
0.001092
0.002912
0.002476
-0.000073
-0.003932
-0.006662
-0.006589
-0.004988
-0.009284
-0.005607
0.021152
0.023773
-0.005024
-0.012706
0.004187
0.007172
-0.000910
-0.002184
0.002803
-0.002694
-0.006480
0.005497
0.008665
0.000400
-0.002840
0.003095
0.003313
-0.004660
-0.006080
-0.000947
-0.000801
-0.001056
-0.003531
-0.003968
0.003167
0.005242
0.003641
0.005752
0.007754
0.000473
-0.009065
-0.003895
0.003859
0.003349
0.002803
0.001857
0.000146
-0.002039
-0.000983
0.002876
0.006772
0.006808
0.004332
0.002439
0.000437
-0.001966
-0.003895
-0.003786
-0.004223
-0.004114
-0.002476
0.001056
0.003459
0.000437
-0.002876
-0.002184
-0.001675
-0.001966
-0.000910
-0.002075
-0.003823
-0.001347
0.002221
0.002621
0.001274
0.000437
0.000582
-0.000218
-0.001420
-0.003313
-0.001820
0.001529
0.003895
0.001056
0.001711
0.005206
0.005133
0.002621
0.001893
0.001238
-0.002403
-0.007063
-0.009502
-0.006262
0.002694
0.007463
0.006517
0.009138
0.010012
0.007791
0.006007
0.002439
-0.001456
-0.001820
0.003240
0.006735
0.006335
0.006808
0.007609
0.008301
0.007645
0.003932
0.002294
0.002985
0.004442
0.006808
0.009393
0.012342
0.011067
0.007609
0.003022
-0.001711
-0.003895
-0.003459
0.000000
0.005024
0.007500
0.008046
0.009393
0.010339
0.010740
0.011468
0.009902
0.005242
0.006844
0.010376
0.007281
0.003531
0.003823
0.004150
0.004514
0.004624
0.004733
0.006043
0.005388
0.004951
0.005024
0.007245
0.010703
0.009902
0.005789
0.003022
0.004733
0.007063
0.005898
0.007827
0.011978
0.013397
0.010485
0.006589
0.004842
0.005060
0.004296
0.003277
0.004806
0.011905
0.016055
0.009211
0.000255
-0.003167
-0.001420
0.006335
0.012888
0.015072
0.013834
0.013325
0.012888
0.006371
-0.002694
-0.006262
-0.007136
-0.001056
0.007572
0.008337
0.005898
0.005825
0.004260
0.003459
0.005242
-0.000655
-0.007136
-0.002002
0.004915
0.006407
0.000437
-0.007427
-0.012633
-0.008264
-0.000582
0.004296
0.007536
0.010485
0.010376
0.001857
-0.010339
-0.012342
-0.007827
-0.004478
-0.003422
-0.003131
-0.003240
-0.002148
-0.003167
-0.010048
-0.013252
-0.008847
-0.002840
0.003349
0.006626
0.007281
0.011796
0.010048
0.002476
-0.000582
-0.003750
-0.005570
-0.006335
-0.003131
0.000036
-0.007172
-0.011796
-0.010958
-0.004660
0.006917
0.015545
0.021698
0.018676
0.007463
-0.006189
-0.013907
-0.014562
-0.014963
-0.009902
0.001565
0.010740
0.009138
-0.000983
-0.015691
-0.022390
-0.016383
-0.005315
0.004114
0.011431
0.016201
0.013725
0.004915
-0.003459
-0.009866
-0.008810
-0.000364
0.005497
0.007754
0.006043
0.000837
-0.003495
-0.005060
-0.003495
-0.004696
-0.006662
-0.004806
-0.001201
-0.000801
-0.003604
-0.007791
-0.007354
-0.000874
0.003932
0.001383
-0.004769
-0.009757
-0.010922
-0.009939
-0.008883
-0.006153
-0.001092
0.002075
0.001165
-0.002294
-0.006335
-0.006662
-0.003058
0.002330
0.008228
0.006917
0.001675
-0.002985
-0.003968
-0.002803
-0.000291
0.004442
0.008373
0.005060
-0.003895
-0.010849
-0.010303
-0.008737
-0.008737
-0.009393
-0.004842
-0.001784
-0.003058
-0.002585
-0.000546
0.002075
0.007208
0.015254
0.017220
0.010631
0.000400
-0.007281
-0.010194
-0.008883
-0.010958
-0.010776
-0.007900
-0.005643
-0.004733
-0.003422
-0.002912
-0.002912
-0.002621
-0.002039
0.001019
0.002184
-0.000728
-0.001383
-0.003167
-0.001420
0.003131
0.000692
-0.001383
-0.001201
0.001529
0.006043
0.007208
0.005060
0.000801
-0.003677
-0.003349
-0.004478
-0.006699
-0.003641
-0.000400
-0.004332
-0.008737
-0.004951
-0.003240
-0.004150
0.000218
0.003750
0.001056
-0.002039
-0.001456
0.000947
0.003095
0.000837
-0.004041
-0.007973
-0.007208
-0.002476
0.004951
0.012596
0.014016
0.009611
-0.000182
-0.009502
-0.010885
-0.005607
-0.002257
0.002075
0.003786
0.005352
0.006844
0.001493
-0.006990
-0.016965
-0.024392
-0.019004
-0.001129
0.018239
0.022499
0.010740
-0.001893
-0.008373
-0.009029
-0.007754
-0.005424
-0.004696
-0.006116
-0.006007
-0.003568
0.000510
0.002767
0.000947
-0.000765
-0.000546
-0.003786
-0.005934
-0.003604
0.000400
0.003422
0.004150
0.002439
0.000837
-0.002148
-0.004551
-0.001311
0.000255
-0.003386
-0.006735
-0.004769
0.004660
0.015727
0.017038
0.010412
0.003131
-0.003895
-0.007427
-0.005825
-0.001711
-0.003095
-0.004696
-0.004187
-0.001274
0.000109
-0.002002
-0.006626
-0.007354
-0.005097
-0.003313
-0.005352
-0.003204
0.000328
-0.000510
0.000837
0.000073
0.003240
0.006735
0.005570
0.004296
0.003240
-0.000910
-0.006225
-0.011031
-0.011031
-0.005352
0.002694
0.003349
0.000182
-0.001311
-0.001274
0.004915
0.011759
0.011177
0.004405
-0.002621
-0.011577
-0.016965
-0.010849
-0.002985
-0.001201
-0.002366
-0.004005
-0.003750
0.000000
0.004624
0.006517
0.006189
0.001129
-0.005024
-0.011541
-0.016128
-0.016419
-0.007682
0.002148
0.010084
0.013725
0.008228
-0.001820
-0.009975
-0.014308
-0.014271
-0.014599
-0.012815
-0.008082
-0.005752
-0.002912
0.001347
0.003859
0.002330
-0.003495
-0.007318
-0.006480
-0.003895
0.001857
0.008483
0.014198
0.016710
0.013834
0.004041
-0.008191
-0.017220
-0.018276
-0.013106
-0.004223
0.001456
0.002221
0.003131
0.006153
0.003932
-0.003459
-0.007136
-0.004696
-0.000218
0.002221
0.002039
0.001274
-0.006881
-0.009393
-0.008883
-0.006626
-0.003349
-0.005607
-0.004878
-0.005861
-0.012196
-0.019040
-0.016091
-0.004077
0.006735
0.013579
0.023555
0.032802
0.031673
0.021807
0.007536
-0.007245
-0.020751
-0.031491
-0.037826
-0.037098
-0.030836
-0.020933
-0.006116
0.009902
0.022353
0.024683
0.017839
0.008301
-0.000546
-0.011723
-0.021225
-0.026322
-0.028142
-0.025229
-0.016710
-0.009284
-0.003932
0.000801
0.001857
0.002512
-0.001966
-0.011286
-0.020133
-0.023409
-0.023118
-0.020387
-0.012924
-0.004150
0.003167
0.005424
0.004223
0.000582
-0.006990
-0.007281
0.002039
0.008919
0.006189
-0.006007
-0.017730
-0.025557
-0.029707
-0.028033
-0.024101
-0.015764
-0.006080
0.002912
0.005060
0.002221
-0.001966
-0.009393
-0.015837
-0.016346
-0.014599
-0.014526
-0.015327
-0.011868
-0.009429
-0.008519
-0.006589
-0.008483
-0.013798
-0.015072
-0.014744
-0.014708
-0.015800
-0.013907
-0.011249
-0.010922
-0.006553
0.000000
0.000291
-0.001930
-0.001602
-0.002439
-0.002512
-0.000109
-0.002694
-0.007463
-0.007245
-0.008264
-0.014526
-0.018167
-0.016492
-0.013616
-0.008519
-0.000582
0.002767
0.001966
-0.002148
-0.006517
-0.007245
-0.007827
-0.007864
-0.009684
-0.012633
-0.013434
-0.011395
-0.006589
-0.002075
-0.000765
-0.006043
-0.006335
-0.001675
0.003095
0.006954
0.002876
-0.008883
-0.022390
-0.027814
-0.025957
-0.017220
-0.001747
0.010922
0.014744
0.010048
0.002366
-0.007318
-0.016091
-0.017402
-0.017803
-0.012160
-0.003167
0.005024
0.008992
0.004551
-0.004478
-0.013288
-0.017730
-0.018858
-0.012669
-0.005315
-0.001056
-0.001056
0.001311
0.004660
0.001311
-0.003531
-0.006189
-0.006371
-0.007682
-0.009101
-0.010194
-0.007900
-0.006043
-0.004624
-0.002039
-0.000728
-0.001383
-0.001675
-0.005388
-0.008337
-0.008009
-0.008592
-0.009101
-0.007682
-0.006298
-0.005315
-0.003459
-0.000837
0.000255
-0.001311
-0.002039
0.000291
0.001056
0.000619
-0.001383
-0.007754
-0.009975
-0.007645
-0.004405
-0.000400
0.003204
0.002585
-0.001201
-0.004442
-0.006517
-0.006589
-0.004041
0.001893
0.003568
-0.000073
-0.002075
-0.000473
-0.002439
-0.004260
-0.002512
-0.000291
-0.000036
-0.001238
-0.000510
0.001129
-0.000400
-0.001238
-0.000765
-0.000510
0.000182
0.003932
0.006917
0.006954
0.006153
0.005424
0.002694
0.000910
0.002221
0.003095
0.001747
-0.001383
-0.004332
-0.005643
-0.004806
-0.001675
0.002767
0.006517
0.005424
0.003131
0.003422
0.004187
0.002621
0.002002
0.002439
0.000947
-0.001638
-0.002439
-0.001784
0.001092
0.003022
0.004915
0.005133
0.004332
0.000400
-0.001930
-0.003058
-0.001529
0.002912
0.002330
-0.001019
-0.001820
-0.001201
-0.001019
0.001675
0.000437
-0.002767
-0.000874
0.003349
0.002476
0.000400
0.000983
0.002876
0.001565
0.000000
-0.000546
0.000364
0.001820
0.002730
0.002949
0.003895
0.006116
0.008082
0.006772
0.005060
0.003277
0.003786
0.003422
0.001420
-0.000218
-0.002767
-0.004260
-0.001565
0.004988
0.007900
0.006844
0.002548
-0.001092
-0.000546
0.002112
0.004405
0.009065
0.011213
0.007463
-0.000437
-0.007172
-0.007136
-0.003932
-0.002730
-0.000182
0.005024
0.004551
0.000655
0.003095
0.005934
0.006662
0.005971
0.004223
-0.000109
-0.003459
-0.003095
-0.002002
0.000910
0.006589
0.008483
0.008774
0.007245
0.005971
0.003204
-0.000655
-0.003313
-0.002803
0.002148
0.008228
0.012269
0.013543
0.011686
0.001274
-0.011650
-0.018057
-0.015254
-0.010012
-0.003677
0.005206
0.014672
0.022608
0.023555
0.012706
0.001311
-0.008992
-0.013397
-0.013434
-0.010048
-0.001529
0.005898
0.012997
0.016638
0.012851
0.004951
-0.001056
-0.001529
-0.003313
-0.005170
-0.002730
-0.001129
-0.000328
0.004150
0.009611
0.009575
0.004369
-0.000255
-0.000837
0.003422
0.011031
0.008483
-0.003131
-0.007572
-0.002002
0.005133
0.011978
0.013689
0.006699
0.000910
-0.000874
-0.000765
0.003131
0.007718
0.006444
0.009029
0.018167
0.015145
-0.002512
-0.014526
-0.010339
-0.001675
0.005060
0.019477
0.030982
0.030545
0.016383
-0.004005
-0.016638
-0.018676
-0.022135
-0.018567
-0.000619
0.017985
0.022863
0.018931
0.011978
0.006153
0.001565
-0.008155
-0.003713
0.002548
0.009247
0.021625
0.022572
0.000255
-0.023081
-0.033603
-0.030727
-0.014089
0.011249
0.034404
0.046090
0.042304
0.018385
-0.008992
-0.025521
-0.037789
-0.043214
-0.038627
-0.030982
-0.017256
0.000655
0.017184
0.027013
0.028433
0.017256
-0.001019
-0.016929
-0.026394
-0.024792
-0.018785
-0.013689
-0.009429
-0.007718
-0.005679
-0.000582
0.003859
0.003968
0.001311
-0.003240
-0.014635
-0.020387
-0.020824
-0.020679
-0.017766
-0.012961
-0.007609
-0.003058
0.004041
0.012342
0.014635
0.007937
-0.001784
-0.012560
-0.019259
-0.024683
-0.017803
-0.008301
-0.003240
-0.001820
-0.003313
-0.004077
-0.004332
-0.002730
-0.004332
-0.007172
-0.007754
-0.008082
-0.008628
-0.011905
-0.014271
-0.015582
-0.014162
-0.011577
-0.007609
-0.004660
-0.002148
-0.004915
-0.008992
-0.005315
-0.001711
-0.002112
-0.003459
-0.003167
-0.005607
-0.008009
-0.008046
-0.011322
-0.013179
-0.009830
-0.005607
-0.003058
-0.000182
0.001092
-0.000473
-0.002148
-0.007682
-0.014599
-0.012997
-0.010012
-0.010849
-0.009502
-0.008847
-0.007754
-0.001747
0.003750
0.005752
0.005825
0.003277
-0.001893
-0.004260
-0.005170
-0.006225
-0.006080
-0.006335
-0.006917
-0.005133
-0.005279
-0.004041
-0.001893
-0.001456
0.000073
0.000182
-0.001056
-0.003022
-0.001129
-0.000400
-0.002840
-0.003386
-0.004223
-0.003495
0.000073
0.001747
0.000000
-0.001383
-0.000073
-0.000364
-0.001347
-0.002075
0.000728
0.003859
0.004988
0.004150
0.005097
0.007354
0.004005
-0.000619
-0.002985
-0.003313
-0.002949
-0.003677
-0.003386
-0.001565
0.000291
0.002366
0.002075
0.002366
0.003131
0.003459
0.002840
0.000400
-0.002730
-0.004296
-0.001274
0.004296
0.006589
0.003713
-0.000947
0.000000
0.004478
0.002694
0.002112
0.004077
0.002585
-0.002439
0.000765
0.004951
0.001056
-0.007536
-0.005789
0.002039
0.003568
0.000437
-0.000109
-0.000437
-0.002439
-0.000582
0.007645
0.009029
0.003204
0.001747
0.002257
-0.007427
-0.015218
-0.011286
-0.006735
-0.003531
0.008992
0.017256
0.005352
-0.012524
-0.016965
-0.009393
-0.002257
-0.004769
-0.013434
-0.011504
-0.000801
0.007026
0.008046
0.005752
0.002221
-0.002985
-0.008847
-0.010813
-0.009502
-0.006772
-0.003386
0.000109
0.002912
0.002366
0.002658
0.001893
-0.000728
-0.004223
-0.006517
-0.004878
0.000400
0.007099
0.008483
0.005424
0.001930
-0.001311
-0.004551
-0.006517
-0.002949
-0.000728
-0.001930
-0.002403
0.000000
0.004260
0.004041
0.003022
0.002294
-0.000983
-0.005315
-0.010740
-0.009247
-0.007318
-0.001857
0.003386
0.006917
0.007354
0.002658
-0.003095
-0.011395
-0.014963
-0.009466
0.000364
0.009502
0.015181
0.012524
0.001638
-0.009247
-0.012596
-0.005789
0.000073
0.002840
0.002148
-0.000947
-0.003277
-0.003422
-0.000073
0.005570
0.006990
0.003604
-0.003604
-0.009211
-0.013179
-0.014854
-0.009065
-0.001274
0.005789
0.010667
0.011140
0.009502
0.004150
-0.002912
-0.011286
-0.014999
-0.014817
-0.009029
-0.000655
0.007718
0.014016
0.014016
0.010667
0.004150
-0.005315
-0.010995
-0.011796
-0.008956
-0.004551
0.000364
0.002621
0.002694
0.002184
-0.000582
-0.004951
-0.004769
-0.005097
-0.006662
-0.006881
-0.005279
-0.003677
-0.002585
-0.002694
-0.003641
-0.003750
-0.003022
-0.004842
-0.007791
-0.005898
-0.001201
0.000400
-0.001420
-0.003095
0.000000
0.000146
0.000473
0.000364
-0.003277
-0.005716
-0.004915
-0.005825
-0.004041
0.003604
0.010885
0.019441
0.022171
0.014126
-0.001311
-0.014854
-0.025957
-0.034731
-0.032183
-0.019623
-0.008919
0.002221
0.008337
0.014890
0.015982
0.010194
-0.001602
-0.014708
-0.028142
-0.027523
-0.014162
-0.004696
0.000874
0.008774
0.013980
0.008446
-0.003713
-0.015181
-0.021844
-0.022171
-0.014890
-0.004660
0.007536
0.013252
0.011104
0.004951
-0.004405
-0.015800
-0.024683
-0.023409
-0.010594
0.002621
0.013325
0.011832
0.006189
-0.000146
-0.005607
-0.007318
-0.007718
-0.010266
-0.011067
-0.005861
0.000073
0.001638
0.000000
-0.003277
-0.004150
-0.005497
-0.009939
-0.012851
-0.010558
-0.005607
-0.003495
-0.000983
0.002694
0.002621
0.000000
-0.004260
-0.007427
-0.010594
-0.013834
-0.009902
-0.001493
0.005461
0.005971
-0.000546
-0.008155
-0.013070
-0.011905
-0.010995
-0.007500
-0.002985
-0.000874
0.000291
0.000400
-0.002548
-0.004587
-0.004369
-0.004915
-0.009684
-0.013980
-0.017038
-0.012924
-0.006517
-0.000801
0.002876
0.006626
0.006153
0.002075
-0.003677
-0.010230
-0.012232
-0.007026
0.002694
0.008992
0.010121
0.003495
-0.006225
-0.013325
-0.015218
-0.009866
-0.001347
0.005570
0.005279
-0.003422
-0.010813
-0.018057
-0.018567
-0.010194
0.001602
0.012633
0.014162
0.010194
0.000437
-0.016856
-0.033639
-0.036151
-0.019150
0.000000
0.014235
0.018931
0.015837
0.007682
-0.003713
-0.012596
-0.017256
-0.016201
-0.011832
-0.010339
-0.005679
0.001893
0.006080
0.005934
0.004514
0.003531
0.000036
-0.003349
-0.008665
-0.012087
-0.011905
-0.007354
0.000437
0.004187
0.004551
0.003531
0.003058
0.001747
-0.004077
-0.010740
-0.011978
-0.008446
-0.003677
0.001784
0.003167
0.001711
-0.002512
-0.007536
-0.009684
-0.008992
-0.006225
-0.005060
-0.003422
-0.001930
-0.001565
-0.000874
-0.001966
-0.003932
-0.004296
-0.006043
-0.006043
-0.005898
-0.005461
-0.003422
-0.000655
0.001347
0.000765
-0.000728
-0.001529
-0.001711
-0.002075
-0.003968
-0.004915
-0.003058
0.000073
-0.000109
-0.003932
-0.004988
-0.005170
-0.008119
-0.007318
-0.001747
-0.004951
-0.008337
-0.003895
0.002476
0.007427
0.006153
-0.001675
-0.001711
-0.001747
-0.007063
-0.004187
0.001930
-0.001129
-0.004769
-0.003131
-0.001238
-0.000837
0.002366
0.004551
0.000910
-0.003131
-0.003932
-0.002694
-0.002694
-0.003750
-0.003713
-0.002330
-0.002803
-0.004041
-0.003932
-0.002184
-0.000328
-0.003240
-0.000910
0.001602
0.000510
-0.000837
-0.001529
-0.002694
-0.002840
-0.004114
-0.003095
0.002840
0.002112
-0.002002
-0.002840
-0.002585
-0.003204
-0.002294
-0.002985
-0.003386
-0.003750
-0.003277
-0.000073
0.002694
0.000437
-0.003459
-0.003204
-0.003240
-0.004332
-0.003495
-0.000473
0.001638
0.001638
0.001675
0.001311
0.000146
-0.002658
-0.004405
-0.003277
-0.002294
-0.002840
-0.001893
0.001056
0.003604
0.005315
0.006553
0.009211
0.011031
0.010631
0.005971
-0.003786
-0.013252
-0.015727
-0.013761
-0.007063
0.001420
0.004733
0.003823
0.003386
0.003495
0.001857
-0.001966
-0.003859
-0.002075
0.000947
0.004369
0.003641
0.001820
0.003604
0.005752
0.003058
-0.000255
-0.002694
-0.003531
-0.004405
-0.004150
-0.002912
-0.000109
0.000765
0.000255
-0.000291
0.001820
0.004587
0.005097
0.006116
0.009975
0.011395
0.011686
0.011104
0.008555
0.006990
0.005315
0.005315
0.005679
0.004878
0.007645
0.008373
0.009065
0.012742
0.012742
0.013725
0.007609
0.002803
0.008774
0.006080
0.004041
0.006407
0.005497
0.004260
0.006553
0.010157
0.010157
0.010485
0.008810
-0.005097
-0.010194
0.001383
0.016310
0.025921
0.023627
0.012851
-0.004114
-0.017329
-0.011031
0.000619
0.014089
0.024428
0.023773
0.015218
0.002039
-0.009575
-0.016492
-0.019623
-0.014271
-0.004587
0.006589
0.015363
0.015837
0.011614
0.006335
0.001638
-0.004587
-0.008592
-0.010303
-0.012633
-0.010521
-0.006699
-0.002803
-0.003641
-0.002730
0.000109
0.000400
0.001966
0.002985
0.003095
-0.000510
-0.005752
-0.009065
-0.012924
-0.014490
-0.011650
-0.003895
-0.000400
-0.002330
-0.005716
-0.008847
-0.008155
-0.006153
-0.006153
-0.008228
-0.006881
-0.008483
-0.008264
-0.006080
-0.000692
0.008883
0.009648
0.002949
-0.004551
-0.012014
-0.016055
-0.013652
-0.008847
-0.006335
-0.000291
0.004332
0.004332
0.002840
-0.000036
-0.002002
-0.002512
-0.006808
-0.007645
-0.007172
-0.005388
-0.003095
-0.002148
-0.000765
0.001383
0.001311
0.000109
-0.002694
-0.002767
-0.003240
-0.003895
-0.002548
-0.002221
-0.000364
-0.000692
-0.000910
0.000400
0.000910
0.000546
-0.002403
-0.006517
-0.007172
-0.000837
0.005388
0.003131
-0.003313
-0.010194
-0.011067
-0.008228
-0.006371
-0.007318
-0.007645
-0.009538
-0.010885
-0.000728
0.013980
0.011905
0.002912
-0.002694
-0.004733
-0.003604
-0.002767
-0.000036
0.003459
0.007208
0.005643
0.005133
0.002876
-0.005898
-0.010594
-0.007500
-0.002912
-0.000582
0.004551
0.008119
0.006954
0.004369
0.002039
-0.000510
-0.004551
-0.008228
-0.006589
-0.002294
0.000182
0.001966
0.002257
0.002366
0.001930
0.001857
-0.000255
-0.002658
-0.003022
-0.000837
0.002112
0.004114
0.005497
0.007536
0.005934
0.004005
0.000910
-0.002002
-0.002585
-0.001165
-0.002184
-0.005352
-0.004769
-0.001165
0.000328
-0.002949
-0.006298
-0.006371
-0.003313
-0.000619
0.000947
0.001638
0.000437
0.000073
0.002949
0.006262
0.009356
0.007864
0.006553
0.003313
-0.000182
-0.002221
-0.004041
-0.001274
0.002548
0.004369
0.004951
0.002730
-0.001383
-0.003677
-0.004624
-0.004769
-0.001857
0.002730
0.005461
0.005825
0.005242
0.003240
0.001420
-0.000473
0.000619
0.001930
0.001784
0.000765
0.001420
0.001420
0.000619
0.001347
0.003277
0.005279
0.007390
0.007718
0.004769
0.004442
0.006007
0.003932
0.000437
-0.002221
-0.004478
-0.003022
-0.002803
-0.003895
-0.004332
-0.001493
0.002912
0.002585
0.003713
0.007281
0.009793
0.007937
0.004332
-0.001747
-0.007318
-0.006844
-0.008155
-0.005352
0.001930
0.007937
0.008046
0.004077
0.000109
-0.005170
-0.003968
0.000400
0.002075
0.000182
0.003422
0.004442
0.001602
0.000765
0.003495
0.000801
-0.000655
0.004041
0.003568
-0.003641
-0.006517
-0.007500
-0.006772
-0.003131
0.004551
0.011759
0.013980
0.009793
0.001201
-0.005097
-0.007390
-0.007937
-0.006043
-0.001019
0.006808
0.010376
0.009065
0.005279
-0.001092
-0.008555
-0.011723
-0.010048
-0.004842
0.000910
0.007827
0.012160
0.014053
0.011686
0.004187
-0.003677
-0.006954
-0.007427
-0.005352
0.001019
0.006699
0.009356
0.008046
0.004660
0.001092
0.000400
0.000146
0.000000
0.000036
-0.000692
-0.004514
-0.001893
0.002184
0.005861
0.005971
0.004442
0.002221
-0.003968
-0.008264
-0.003823
0.003058
0.003277
0.002912
0.003240
0.004624
0.005097
0.001565
-0.004114
-0.002548
0.003786
0.002840
-0.001129
0.000765
0.003459
0.003058
0.001092
0.002330
0.004114
0.002403
-0.000947
0.000619
-0.000073
-0.002366
-0.000146
0.002039
0.002512
0.004296
0.005279
0.001529
0.000473
-0.000364
-0.002403
-0.001820
-0.002075
0.000692
0.005898
0.006225
0.003932
0.002148
0.002876
0.002840
0.002476
0.001711
0.001456
0.000728
-0.000619
0.000146
0.001129
0.002548
0.002184
0.000765
0.000510
0.001129
0.001675
-0.000692
-0.003095
-0.001311
0.001347
0.004077
0.003022
0.003240
0.005898
0.005752
0.004296
-0.000619
-0.003859
-0.004842
-0.004005
-0.001930
-0.002039
-0.001311
0.001966
0.005825
0.006335
0.002949
0.001784
0.000000
-0.004223
-0.007572
-0.008483
-0.004951
-0.001056
0.003277
0.005825
0.009065
0.009757
0.006917
0.003277
0.001019
0.002476
0.001602
-0.001274
-0.002112
0.000291
0.002476
0.000910
-0.000328
0.001092
0.004478
0.006153
0.007791
0.015108
0.016091
0.013434
0.007754
0.002002
-0.003859
-0.010521
-0.015691
-0.015436
-0.007463
0.001857
0.008082
0.015436
0.016528
0.010339
0.000000
-0.005461
-0.005097
-0.007500
-0.006225
-0.004369
-0.002184
-0.000218
-0.001201
-0.001675
0.002403
0.009793
0.011504
0.008228
0.006189
0.002658
-0.001493
0.000947
0.009611
0.018567
0.017184
0.008956
-0.009065
-0.028360
-0.035678
-0.029634
-0.007172
0.017839
0.031054
0.023737
0.011468
-0.004806
-0.020205
-0.028324
-0.022863
-0.004442
0.014744
0.028069
0.028870
0.020569
0.008774
-0.009211
-0.019295
-0.022244
-0.017621
-0.007026
0.005570
0.013943
0.011759
0.004878
-0.001602
-0.010376
-0.017621
-0.020387
-0.016892
-0.009902
-0.001893
0.003750
0.009720
0.011614
0.008301
0.003713
-0.003823
-0.008046
-0.010558
-0.010995
-0.008155
-0.006772
-0.006116
-0.002221
0.005424
0.008774
0.004369
-0.003313
-0.008191
-0.007354
-0.004150
-0.001565
-0.000765
-0.000983
0.001383
0.005752
0.007172
0.004551
-0.000728
-0.005242
-0.004514
-0.002403
-0.000910
-0.001711
-0.003859
-0.003641
-0.001420
0.000109
0.001056
0.002476
0.001311
0.001129
0.002148
0.003895
0.003786
0.002439
-0.000619
-0.002148
-0.000073
0.000874
-0.001638
-0.003386
-0.003932
-0.001347
0.000801
0.001747
0.001238
0.003932
0.006080
0.005352
0.002985
0.000437
-0.001456
-0.004223
-0.003095
0.001238
0.008009
0.011431
0.010012
0.008810
0.007500
0.001019
-0.009284
-0.019623
-0.019368
-0.011468
-0.001238
0.007572
0.019441
0.024610
0.019550
0.007063
-0.011067
-0.023081
-0.025302
-0.018421
-0.006917
0.003240
0.007973
0.009065
0.009247
0.004551
-0.000400
-0.002476
-0.006626
-0.008919
-0.009138
-0.007208
-0.005170
-0.002403
-0.000036
-0.000109
-0.002548
-0.006116
-0.010339
-0.010376
-0.006917
-0.003022
0.005898
0.010740
0.004551
-0.001347
-0.004187
-0.006589
-0.005388
-0.002585
-0.003386
-0.005315
-0.005315
-0.001747
0.001638
0.002148
-0.000328
-0.003022
-0.002767
-0.003677
-0.003022
-0.002439
-0.003459
-0.004660
-0.005971
-0.004733
-0.002585
-0.001565
-0.001529
-0.001529
-0.001930
-0.006043
-0.008774
-0.006772
-0.002840
-0.002148
-0.002330
-0.001456
-0.003677
-0.004988
-0.005279
-0.004806
-0.000619
0.000728
-0.001311
-0.001930
-0.000510
-0.001711
-0.003313
-0.001820
-0.004769
-0.006043
-0.004951
-0.004696
-0.005024
-0.005242
-0.007827
-0.008992
-0.007791
-0.006080
-0.005024
-0.005170
-0.008082
-0.010521
-0.011577
-0.009393
-0.005279
-0.003604
-0.003349
-0.003531
-0.005825
-0.004878
-0.000983
-0.002184
-0.002366
-0.005570
-0.009830
-0.010995
-0.006444
-0.001383
0.001784
0.001383
-0.004296
-0.011395
-0.012050
-0.007026
0.003859
0.011504
0.011614
0.007791
0.003495
0.005097
0.008628
0.005570
-0.003313
-0.003859
0.000655
0.002476
0.000655
-0.000655
0.002767
0.011759
0.014781
0.008046
0.001456
-0.000400
0.008919
0.012160
-0.000728
-0.010339
-0.010995
-0.006189
0.000837
0.004041
0.008191
0.013834
0.018640
0.018749
0.013834
0.002730
0.000765
0.005170
0.013470
0.019295
0.019332
0.011359
0.002002
-0.003095
-0.004878
-0.003022
-0.000510
0.001602
0.004624
0.008301
0.012014
0.014053
0.012888
0.009065
0.003713
-0.000291
-0.003750
-0.002294
-0.000073
0.002840
0.004514
0.004260
0.002658
0.002912
0.004951
0.003531
0.000109
-0.002439
-0.004587
-0.006735
-0.003823
0.001493
0.005352
0.008701
0.007645
0.003095
-0.004332
-0.014926
-0.021443
-0.021443
-0.014781
-0.006189
0.001747
0.003568
-0.001238
-0.006881
-0.009065
-0.006262
-0.001675
0.001456
-0.001311
-0.006990
-0.011468
-0.013470
-0.011468
-0.004696
0.002039
0.003349
0.000728
-0.003131
-0.008410
-0.010885
-0.007791
-0.004187
-0.003750
-0.001129
-0.002184
-0.006699
-0.007427
-0.005643
-0.001784
-0.001456
-0.003167
-0.002330
-0.000837
-0.000255
-0.000510
-0.000255
-0.002184
-0.005133
-0.005825
-0.008665
-0.010558
-0.010813
-0.006116
-0.000655
0.003058
0.003167
0.003277
0.003240
0.000619
-0.000765
-0.003131
-0.003277
-0.003968
-0.002767
-0.002439
-0.003058
-0.003167
-0.005497
-0.004005
-0.001420
0.000874
0.002912
0.003641
0.002658
0.003095
0.002912
0.005279
0.003968
0.001092
-0.001347
-0.003349
-0.005789
-0.007318
-0.005607
0.003022
0.008155
0.008628
0.006007
-0.002002
-0.007973
-0.005206
0.000000
0.002730
0.001784
-0.002658
-0.000765
0.001092
-0.002949
-0.002257
-0.002257
-0.007318
-0.008628
0.000073
0.012779
0.013070
0.003422
-0.000910
-0.001820
-0.003713
-0.004915
-0.004696
0.000619
0.006043
0.008774
0.007718
0.004077
-0.002148
-0.006043
-0.005789
-0.003459
0.000655
0.003568
0.006043
0.006225
0.005898
0.003859
0.000947
0.000910
0.000255
-0.000218
0.002621
0.003531
0.002002
0.002585
0.004842
0.005497
0.005242
0.005133
0.002840
0.000036
-0.000728
0.001529
0.005279
0.007427
0.005643
0.003859
0.004369
0.004332
0.002294
0.000291
0.000473
0.001165
0.003131
0.005898
0.008737
0.007827
0.005497
0.002767
-0.000692
-0.003204
-0.006844
-0.007354
-0.003895
0.002257
0.003968
0.003859
0.000910
0.000000
0.002658
0.010776
0.016091
0.011031
0.001529
-0.005570
-0.003131
0.000328
0.004696
0.004551
0.001820
-0.000910
-0.003204
-0.002767
0.001056
0.003750
0.002476
0.000036
-0.002621
-0.001602
0.003786
0.006881
0.006189
0.002330
-0.000728
-0.000146
0.002403
0.006007
0.007609
0.006043
0.002585
0.000255
0.000837
0.001420
0.002803
0.004150
0.006881
0.006043
0.004769
0.002548
0.000036
0.000437
0.000619
-0.000182
0.000291
0.002585
0.000983
0.000619
0.003968
0.004587
0.003022
0.002294
0.000837
-0.002621
-0.003277
-0.001238
0.002221
0.006881
0.008992
0.006553
0.004988
0.002476
0.000947
0.002184
0.002949
0.001092
0.000837
0.001274
0.000582
-0.000692
0.000655
0.003313
0.004915
0.003495
0.003750
0.003895
0.004114
0.005497
0.007718
0.007754
0.004587
0.000692
0.000765
0.002658
0.003859
0.006735
0.008992
0.010012
0.013106
0.014817
0.013943
0.011031
0.006662
0.003859
0.006043
0.011796
0.011614
0.004915
-0.002658
-0.007900
-0.006662
0.001529
0.007026
0.003932
-0.006735
-0.017220
-0.019404
-0.013616
-0.006517
0.001529
0.007463
0.005497
-0.000036
0.000109
0.006335
0.012305
0.015363
0.015181
0.011832
0.005352
-0.001820
-0.004260
-0.001274
0.005461
0.011067
0.010885
0.006553
0.001383
-0.002585
-0.004405
-0.006407
-0.006662
-0.007827
-0.008774
-0.007754
-0.005170
-0.000364
0.001820
0.000619
-0.003422
-0.006080
-0.002403
0.001966
0.000218
0.001820
0.010885
0.019332
0.019040
0.011868
0.008701
0.008410
0.008082
0.010703
0.011905
0.007973
0.004369
0.002985
-0.002257
-0.007099
-0.006699
-0.002148
0.000910
0.003204
0.002476
-0.001347
-0.002075
-0.002039
-0.002403
-0.002585
-0.000328
0.003240
0.004951
0.003859
0.001019
-0.001893
-0.003713
-0.003495
-0.001092
-0.000437
-0.000073
0.000765
0.000328
-0.000291
-0.001201
-0.002912
-0.003932
-0.004405
-0.003422
-0.003167
-0.004223
-0.005024
-0.001820
-0.001565
-0.000874
-0.001092
-0.003277
-0.004478
-0.006262
-0.006517
-0.002403
0.005060
0.009211
0.011031
0.010776
0.007245
0.001820
-0.001274
-0.002876
-0.005497
-0.005097
-0.002366
-0.002876
-0.003240
-0.001165
0.000400
0.000146
0.000218
-0.000036
-0.001274
-0.001565
-0.002039
-0.001529
0.000291
0.001493
0.003095
0.004114
0.004005
0.000328
-0.004114
-0.005133
-0.005789
-0.006116
-0.006043
-0.004478
-0.002840
-0.000655
0.000692
0.001857
0.003932
0.005497
0.006116
0.002803
-0.000983
-0.002039
-0.002876
-0.003932
-0.003167
-0.001347
0.000910
0.001784
0.000582
-0.002548
-0.000364
0.002876
0.003022
0.001747
0.002876
0.004842
0.005789
0.006371
0.006298
0.002148
-0.002439
-0.005898
-0.006298
-0.004551
-0.001711
0.002548
0.004077
0.003604
0.002002
0.001165
0.001784
0.001893
-0.000364
-0.001565
0.001420
0.002039
0.001056
-0.000036
-0.002694
-0.002439
-0.002621
-0.003713
-0.004733
-0.003058
0.001675
0.005024
0.005133
0.004842
0.004041
0.000910
-0.001602
-0.003859
-0.001456
0.002548
0.004769
0.004624
0.001493
-0.001274
-0.002039
-0.000837
0.001165
0.001019
0.001930
0.002512
0.003459
0.002840
-0.000874
-0.001784
-0.001675
-0.001966
-0.000364
0.004988
0.008665
0.006990
0.002803
0.000364
0.002621
0.003968
0.004114
0.002621
0.000910
0.000328
-0.002294
-0.004769
-0.001857
0.008992
0.016164
0.013325
-0.001966
-0.021625
-0.028724
-0.008410
0.019332
0.024428
0.011868
-0.003750
-0.013507
-0.015473
-0.000692
0.018130
0.021298
0.008883
-0.004842
-0.002876
0.005607
0.009830
0.007754
-0.001456
-0.009684
-0.009320
-0.001529
0.004260
0.009793
0.007500
0.000328
0.000109
0.003568
0.003313
0.001747
-0.000291
-0.004114
-0.003713
-0.001019
-0.001711
-0.000801
-0.000036
0.000582
-0.000182
0.000000
0.001056
0.001602
0.002002
0.001201
0.003167
0.001711
-0.002403
-0.003058
0.000000
0.004041
0.006407
0.008665
0.008992
0.004769
-0.002294
-0.009902
-0.013980
-0.012014
-0.008155
-0.003568
0.001565
0.006007
0.011832
0.014198
0.007572
-0.004332
-0.017111
-0.019040
-0.012997
-0.004733
0.004733
0.008264
0.008519
0.006662
0.006371
0.006626
-0.001420
-0.017657
-0.024683
-0.017657
-0.004733
0.007791
0.018494
0.022135
0.014890
0.004696
-0.006371
-0.011213
-0.014817
-0.016273
-0.012342
-0.008264
-0.005461
0.000000
0.000692
0.001420
0.002366
0.002257
-0.002512
-0.010776
-0.015800
-0.011031
-0.007099
-0.006444
-0.004660
-0.005170
-0.006589
-0.008519
-0.004842
0.000437
-0.000510
-0.004041
-0.007572
-0.006298
-0.008628
-0.009538
-0.002403
0.009029
0.016638
0.011759
0.001565
-0.008373
-0.017548
-0.015509
-0.008301
-0.004769
-0.012997
-0.018603
-0.007973
0.008082
0.016965
0.013288
-0.001056
-0.012560
-0.019550
-0.015837
-0.003022
0.001201
-0.005716
-0.018931
-0.027487
-0.020933
-0.000983
0.022390
0.035387
0.025484
0.001201
-0.032110
-0.051332
-0.054791
-0.037571
-0.007463
0.024428
0.044670
0.043068
0.022572
-0.009356
-0.036697
-0.046126
-0.037207
-0.012742
0.009211
0.016783
0.016383
0.012524
0.003058
-0.014744
-0.029853
-0.035969
-0.030217
-0.015145
0.002075
0.019477
0.026140
0.022499
0.013725
-0.002039
-0.026212
-0.045034
-0.050714
-0.037061
-0.002221
0.028542
0.029562
0.004878
-0.032802
-0.053480
-0.039573
0.001930
0.038336
0.036260
0.005133
-0.031346
-0.047801
-0.042085
-0.022463
0.001675
0.012669
0.005279
-0.005024
-0.011395
-0.009284
-0.005206
-0.003823
-0.011322
-0.019514
-0.018968
-0.012560
-0.006917
-0.006990
-0.009393
-0.010521
-0.011905
-0.008483
-0.004114
-0.002840
-0.005024
-0.009356
-0.011031
-0.013579
-0.015145
-0.015327
-0.011431
-0.006990
-0.005607
-0.005643
-0.009502
-0.013798
-0.012888
-0.008337
-0.006844
-0.010849
-0.014344
-0.015509
-0.015837
-0.012414
-0.008628
-0.006444
-0.007609
-0.009393
-0.006917
-0.001966
-0.000837
-0.006407
-0.011577
-0.014344
-0.011868
-0.007572
-0.004150
-0.005242
-0.009356
-0.008373
-0.003240
-0.003677
-0.004187
-0.002221
-0.003095
-0.007609
-0.007827
-0.006043
-0.008956
-0.010885
-0.009502
-0.003677
-0.001747
-0.004478
-0.004660
-0.004442
-0.005352
-0.006881
-0.007536
-0.006808
-0.007427
-0.005497
-0.002112
-0.000328
-0.001602
-0.004587
-0.004660
-0.002221
-0.000983
-0.002148
-0.002840
-0.003459
-0.003095
-0.002512
-0.001347
-0.000218
-0.002512
-0.004077
-0.004696
-0.006153
-0.006225
-0.005971
-0.002949
-0.001056
0.000582
-0.001129
-0.002912
-0.002730
-0.001747
0.000546
0.002039
-0.000655
-0.001711
-0.002912
-0.000692
0.000473
-0.000109
0.000000
-0.005497
-0.005679
-0.005206
-0.004442
-0.001966
0.001420
0.001747
0.000255
-0.001711
-0.001675
0.000437
-0.001638
-0.001820
-0.000510
-0.000692
-0.001129
-0.002112
0.000109
0.001383
0.000655
-0.000728
-0.003022
-0.000582
-0.002949
-0.002002
0.000983
0.002403
0.003932
0.004114
0.005825
0.001056
-0.001347
0.000437
-0.001165
0.008810
0.011067
0.002148
-0.001857
-0.008191
-0.005242
0.000692
0.008301
0.006553
-0.000546
-0.002257
-0.000182
0.003932
-0.000546
-0.003968
0.000546
0.005497
0.005497
0.003386
0.004005
0.004041
0.003713
0.003058
0.002221
0.002257
0.001347
0.001711
0.001711
0.003713
0.003058
-0.000510
-0.000582
-0.000619
0.002221
0.004187
0.005497
0.004842
0.002803
0.000837
-0.000510
0.001638
0.001784
0.001274
0.001638
0.002294
0.005315
0.004332
0.002548
0.002767
0.001747
0.002876
0.002767
0.004551
0.005898
0.006407
0.005133
0.002075
0.001383
0.003022
0.002949
0.005097
0.006699
0.006589
0.002767
0.002476
0.003823
0.003823
0.005971
0.004806
0.003677
0.000983
-0.001456
-0.001493
0.000073
0.000510
0.001019
0.001056
0.000109
0.002039
0.006043
0.005279
0.005097
0.002949
0.000000
-0.001602
-0.000473
0.001784
0.003568
0.004369
0.002002
0.001311
0.002803
0.005242
0.007536
0.007026
0.006371
0.005752
0.004551
0.003167
0.002985
0.002257
0.002330
0.004041
0.002840
0.001966
0.002658
0.002403
0.002803
0.003058
0.001347
-0.000874
-0.001893
-0.002585
-0.001056
0.000983
0.002694
0.004187
0.005097
0.006735
0.007500
0.005352
0.003750
0.000801
0.000255
0.000765
0.000473
0.000510
0.003604
0.006954
0.006772
0.005971
0.003604
0.000692
-0.001311
-0.001966
-0.002585
-0.002548
-0.000728
0.000947
0.001274
0.000182
0.000947
0.002075
0.002548
0.004878
0.007754
0.011359
0.013798
0.012524
0.010084
0.008519
0.006589
0.003240
0.002730
0.002184
0.000036
-0.001820
-0.002476
-0.002039
-0.001420
-0.000910
0.000036
0.002512
0.005242
0.008628
0.009575
0.007754
0.002621
-0.003604
-0.003422
-0.000910
-0.000364
0.002075
0.004624
0.004405
0.005024
0.007500
0.007718
0.006225
0.004223
0.002585
0.000983
0.001711
0.004806
0.006189
0.004878
0.003568
0.003677
0.003531
0.004260
0.004806
0.004514
0.003604
0.001784
0.002221
0.000000
-0.000255
0.002294
0.002403
0.004150
0.002512
0.000000
0.000364
0.002366
0.004915
0.003895
0.002112
0.001019
0.001747
0.001675
0.002585
0.005024
0.004878
0.004260
0.003677
0.005534
0.005279
0.005461
0.007026
0.005461
0.004442
0.004150
0.002949
-0.000364
0.001456
0.006298
0.003095
0.004114
0.003277
0.002803
0.003095
0.002512
0.002694
0.000910
0.001092
-0.000036
0.002585
0.010012
0.005352
-0.004332
-0.006444
0.005643
0.014890
0.010594
0.001420
-0.001820
0.004150
0.003968
0.002694
-0.001165
-0.001456
0.002585
0.001857
0.003277
0.004296
0.004296
0.002658
0.000073
0.000765
0.002366
0.004915
0.003568
0.002621
0.002621
0.002439
0.004041
0.002658
0.002840
0.003167
0.003095
0.002075
0.001201
0.003677
0.004587
0.003058
0.002694
0.003058
0.003786
0.003058
0.002112
-0.000364
-0.000218
0.003349
0.005752
0.004769
0.002730
0.003568
0.003349
0.003531
0.004223
0.003386
0.002876
0.002876
0.004187
0.004806
0.003895
0.003240
0.003422
0.003786
0.003058
0.001638
0.002294
0.003277
0.003495
0.005060
0.008555
0.007827
0.005570
0.001930
0.001311
0.003531
0.004878
0.004660
0.002730
0.001311
0.003022
0.003968
0.002257
-0.000255
0.002730
0.007245
0.008665
0.006262
0.004332
0.000655
-0.000437
0.001274
0.000000
0.000655
0.002184
0.004624
0.005534
0.005570
0.003313
0.000000
0.000582
0.002075
0.004842
0.007099
0.006735
0.007026
0.004260
0.003786
0.003641
0.002767
0.002294
0.003932
0.004296
0.003677
0.003131
0.000983
-0.000728
0.000510
0.003240
0.003531
0.003895
0.005461
0.007063
0.005060
0.004442
0.003713
0.003968
0.002985
0.002694
0.002912
0.003349
0.003495
0.004296
0.005497
0.004769
0.006116
0.005170
0.004369
0.005279
0.005898
0.004296
0.002330
0.001857
0.003277
0.004150
0.005461
0.005170
0.005716
0.003859
0.004077
0.004769
0.003386
0.002039
0.001784
0.006735
0.007536
0.006298
0.002803
0.004077
0.004624
0.001456
0.003604
0.004842
0.004150
0.004296
0.004842
0.004260
0.009502
0.008847
0.005133
0.005716
0.009101
0.008992
0.009101
0.008919
0.005534
0.003277
0.005060
0.003058
-0.000692
-0.011759
-0.014016
-0.010776
-0.006007
-0.000510
0.005971
0.019586
0.025302
0.021916
0.017293
0.008483
0.002730
-0.004442
-0.012342
-0.017548
-0.015691
-0.006881
-0.003786
-0.000619
0.003895
0.011504
0.016164
0.016164
0.011286
0.004733
0.000765
-0.004842
-0.008301
-0.006225
0.000655
0.002658
-0.000182
-0.002548
0.002184
0.004514
0.008555
0.009502
0.002403
0.006881
0.014926
0.002294
-0.012961
-0.017766
-0.018931
-0.020642
-0.004296
0.019113
0.020278
0.007572
-0.002658
0.000328
-0.000728
-0.005497
0.001165
0.002439
-0.005898
-0.009247
-0.007281
-0.004769
-0.000291
0.002767
0.003641
0.005352
0.004842
0.002476
0.005279
0.005170
0.000437
-0.006699
-0.006298
-0.001820
-0.001493
-0.008228
-0.008009
-0.002658
-0.001456
-0.000510
0.003895
0.008992
0.007645
-0.000328
-0.004769
-0.006371
-0.007900
-0.006589
-0.002767
0.002002
-0.002366
-0.004624
-0.003531
-0.001238
-0.004733
-0.004660
-0.004005
-0.005242
-0.004405
-0.000692
0.003604
0.002476
-0.001784
-0.003968
-0.002694
-0.004223
-0.008956
-0.005133
-0.000036
0.002803
0.004187
0.002148
0.000692
-0.003386
-0.002476
-0.001238
0.000328
0.002112
0.002985
0.003313
0.006517
0.009611
0.004842
-0.005424
-0.011832
-0.010740
-0.007536
-0.004223
-0.001129
0.002294
-0.001966
-0.004551
-0.005024
-0.006881
-0.006917
-0.005825
-0.007536
-0.011104
-0.009757
-0.002184
0.000874
0.003204
0.002876
0.000364
-0.003932
-0.004915
-0.003859
-0.004988
-0.006007
-0.004988
0.000874
0.003823
0.004478
0.002221
0.001711
0.002694
0.001311
-0.002366
-0.003786
-0.003932
-0.005424
-0.004223
-0.001129
-0.000400
0.002039
0.004514
0.003677
-0.001930
-0.003932
-0.001420
-0.000619
-0.003604
-0.006153
-0.005060
-0.005424
-0.001092
0.005934
0.009356
0.012487
0.004806
-0.004660
-0.007645
-0.008737
-0.002803
0.003677
0.003750
0.007172
0.005206
-0.001966
-0.005898
-0.007500
-0.008082
-0.005060
0.001311
0.010703
0.013834
0.012050
-0.001638
-0.015982
-0.013798
-0.004114
0.001311
0.003823
0.004951
0.007281
0.004769
-0.003677
-0.006626
-0.001711
0.002730
0.001056
-0.004951
-0.014235
-0.010449
0.002694
0.013434
0.017839
0.012997
0.006371
-0.000837
-0.010121
-0.014526
-0.011431
-0.002658
0.001201
0.006189
0.012888
0.013834
0.017074
0.013215
-0.002512
-0.037243
-0.062254
-0.050204
-0.000255
0.054864
0.072484
0.042741
-0.011359
-0.052789
-0.057558
-0.031309
0.003131
0.016638
0.011031
0.001456
-0.002403
-0.000473
-0.005060
-0.011431
-0.017985
-0.014562
-0.007099
0.002949
0.008337
0.005752
0.001311
0.000801
0.005279
0.003240
-0.007427
-0.015873
-0.019805
-0.019950
-0.013397
-0.005024
0.000146
0.001966
0.005315
0.003641
0.001857
-0.005024
-0.011868
-0.011541
-0.008082
-0.003386
-0.000874
-0.001493
-0.003641
-0.006335
-0.006371
-0.006407
-0.003349
-0.001966
-0.001274
-0.002403
-0.004223
-0.004187
-0.001092
-0.004405
-0.011504
-0.009830
-0.005570
-0.004041
-0.006116
-0.004951
0.000400
0.002912
-0.000874
-0.001129
0.001420
-0.001857
-0.005279
-0.004260
-0.002730
-0.003204
-0.007136
-0.008337
-0.002257
0.000255
-0.000619
-0.003058
-0.000692
0.001092
-0.003313
-0.009029
-0.009029
-0.006225
-0.007500
-0.006407
-0.002002
0.001056
0.000255
-0.006225
-0.008191
-0.006844
-0.004005
-0.000582
0.001274
-0.000291
-0.005424
-0.006626
-0.004223
-0.002694
-0.001019
-0.001274
-0.002257
-0.003531
-0.002112
0.000473
-0.001165
-0.003058
-0.003313
-0.003641
-0.003932
-0.002912
-0.000437
-0.000910
-0.002330
-0.004842
-0.003167
-0.000874
0.000000
-0.002075
-0.002621
-0.002803
-0.003459
-0.000546
0.001347
0.003204
0.001056
-0.001747
-0.002366
-0.001092
-0.003495
-0.004660
-0.001784
-0.000983
-0.000801
-0.000619
0.001129
0.000582
-0.003277
-0.004114
-0.006153
-0.009793
-0.009101
-0.000510
0.008665
0.012305
0.012050
0.003823
-0.004150
-0.008264
-0.010885
-0.006371
0.001711
0.006954
0.007136
0.006881
0.004806
-0.001347
-0.004223
-0.005861
-0.004733
-0.002039
0.001930
0.005643
0.001565
-0.002985
-0.005934
-0.005497
-0.002912
-0.001311
0.002148
0.003459
0.004806
0.005607
0.007937
0.006735
0.006189
0.006589
0.004150
-0.002002
-0.006699
-0.009393
-0.008883
-0.002184
0.004951
0.009720
0.009320
0.005570
0.001456
-0.000983
0.001347
0.003349
0.002403
0.004332
0.004769
0.003677
0.003167
0.005607
0.007208
0.007063
0.006589
0.005133
0.003895
0.003131
0.004041
0.003604
0.004842
0.006335
0.007463
0.007390
0.007718
0.008228
0.008264
0.009466
0.010703
0.005898
0.005097
0.006808
0.004806
0.005424
0.007754
0.006407
0.002767
0.005607
0.005716
0.004369
0.006954
0.005352
0.004988
0.005279
0.004769
0.006007
0.007536
0.005679
0.003859
0.004624
0.006517
0.005716
0.003131
0.004514
0.005206
0.004878
0.004296
0.002512
0.002621
0.002621
0.001456
0.001966
0.008555
0.009575
0.003968
0.000728
0.001747
0.000182
-0.003750
-0.005388
-0.004660
-0.003641
-0.002366
0.001165
0.003568
0.004187
0.004988
0.006808
0.003095
0.000947
0.001456
0.001529
0.000437
0.001056
0.001056
-0.001165
-0.005352
-0.004005
0.001747
0.002658
0.002257
0.004296
0.007390
0.003495
0.002840
0.000073
0.000437
-0.000255
0.000218
0.001493
0.003568
0.004842
0.001201
0.001092
-0.000036
-0.001129
-0.000109
0.000437
0.003750
0.004223
0.002548
0.005024
0.003968
0.002694
0.001347
0.003277
0.002985
0.003495
0.003531
0.006007
0.008082
0.003204
0.002912
0.005315
0.004332
0.000874
0.000947
0.000473
0.002075
0.002730
0.000947
0.004624
0.005607
0.002039
0.002658
0.001784
0.000000
0.001019
0.000910
-0.000546
-0.001930
0.001201
0.006225
0.002548
0.007354
0.010194
0.003277
0.002002
-0.000510
-0.006735
-0.003895
0.000728
0.003786
0.008483
0.011650
0.008883
0.002257
-0.000328
-0.000947
-0.003022
-0.000146
0.004514
0.005279
0.000255
0.000619
0.006080
0.004988
0.003167
0.002512
0.001675
0.000328
-0.002403
-0.003422
-0.009211
-0.010194
-0.009174
-0.008155
-0.004260
-0.002330
0.010485
0.018531
0.011832
0.005024
-0.005424
-0.011177
-0.006735
-0.005315
-0.003895
0.000473
0.011322
0.013871
0.009502
0.011832
0.012014
0.007172
-0.002403
-0.003313
0.002439
0.004733
0.001675
0.003495
0.011431
0.012269
0.004114
-0.003641
-0.004587
0.000437
0.001529
0.001893
0.001383
0.004988
0.009320
0.008665
0.005097
0.004405
0.003641
-0.001238
-0.001383
0.001565
0.003495
0.004223
0.004951
0.003531
0.005206
0.007026
0.005607
0.003859
0.004988
0.004915
0.008301
0.009393
0.012232
0.012779
0.003386
-0.002366
0.003604
0.007572
0.006808
0.007136
0.008774
0.010194
0.009393
0.006225
0.002767
0.004187
0.006043
0.011140
0.011723
0.006116
0.000146
-0.000510
0.003932
0.000874
0.001383
0.003095
0.003131
0.003677
0.005461
0.005716
0.001893
-0.001493
-0.002257
0.001456
0.007063
0.008155
0.010012
0.009757
0.005097
0.003568
0.005388
0.003277
-0.003495
-0.002366
0.004806
0.010703
0.011286
0.004806
0.005133
0.006335
0.000546
-0.005789
-0.008373
-0.002257
0.004806
0.007136
0.001930
-0.000146
-0.003895
-0.006007
-0.004878
-0.002294
0.000947
0.002476
0.002658
0.005024
0.005497
0.003859
0.000073
-0.002767
-0.005789
-0.008082
-0.008665
-0.003750
0.000801
-0.000546
-0.002621
0.000400
0.000437
-0.003240
-0.004405
-0.003131
-0.002184
-0.001019
0.003713
0.006407
0.002548
-0.002439
-0.006007
-0.004442
-0.003495
-0.001456
0.000801
0.004988
0.009174
0.009138
0.005971
0.002330
-0.001747
-0.002294
0.000036
0.004187
0.006116
0.008992
0.010776
0.011177
0.010885
0.011759
0.010376
0.005752
0.002912
-0.000728
-0.002330
0.008919
0.025484
0.026831
0.008956
-0.018239
-0.045726
-0.055519
-0.055701
-0.046163
-0.026504
-0.012596
-0.009939
-0.017948
-0.023045
-0.028870
-0.020788
-0.000910
0.011723
0.017147
0.024538
0.026540
0.022244
0.023591
0.024101
0.019077
0.010813
0.001092
-0.003604
-0.004442
-0.004806
-0.003895
-0.010121
-0.015946
-0.015218
-0.008956
-0.000692
0.006043
0.010667
0.013252
0.016091
0.011905
0.007645
0.000801
-0.003859
-0.001893
0.000000
0.000728
-0.000837
-0.002912
-0.004332
-0.002366
-0.001930
-0.003095
-0.004442
-0.008228
-0.009393
-0.008919
-0.004296
-0.004405
-0.004332
-0.005898
-0.005643
-0.000582
-0.001311
-0.001893
-0.001747
-0.005060
-0.007427
-0.007208
-0.003641
-0.001784
0.000619
0.000473
0.002002
0.002767
-0.000582
-0.001711
-0.003386
-0.002949
-0.008373
-0.008119
-0.003641
-0.004769
0.001675
0.008301
0.012378
0.009939
0.005170
0.006480
0.004988
0.003932
0.001747
-0.005789
-0.010776
-0.012961
-0.012305
-0.010740
-0.004405
0.001347
0.002621
-0.001820
-0.005898
-0.006407
-0.004733
-0.002803
0.002221
0.004223
0.000218
-0.002257
-0.003604
-0.001565
-0.000582
-0.002803
-0.006371
-0.008155
-0.008228
-0.006735
-0.005497
-0.005971
-0.004442
-0.005024
-0.006735
-0.005607
-0.004478
-0.002330
0.000036
-0.000146
-0.001347
-0.003422
-0.004187
-0.003167
0.003713
0.005934
0.003750
-0.001493
-0.009393
-0.011577
-0.011322
-0.007864
-0.001966
0.000510
0.001966
0.001165
0.000182
-0.003095
-0.006298
-0.010084
-0.014016
-0.014781
-0.007718
0.003167
0.009429
0.013106
0.014562
0.011796
0.001092
-0.012232
-0.020351
-0.021043
-0.013033
-0.005060
0.001274
0.005971
0.005861
0.001602
-0.006990
-0.010885
-0.006407
-0.001784
-0.001056
-0.002730
-0.000255
0.000765
0.002439
-0.002512
-0.007536
-0.005534
0.000000
0.002002
-0.000655
-0.004660
-0.010958
-0.015400
-0.019477
-0.011541
0.000801
0.006844
0.009393
0.011468
0.008483
0.005789
0.003859
0.002257
0.000801
-0.005789
-0.010303
-0.006225
-0.004296
-0.001747
-0.001347
-0.003932
-0.008956
-0.014198
-0.014417
-0.002403
0.017475
0.021516
0.011868
-0.003459
-0.019441
-0.025921
-0.020679
-0.010776
-0.003240
0.000473
0.000400
0.001529
0.006444
0.008519
0.008992
-0.000510
-0.011832
-0.016164
-0.016929
-0.013507
-0.006153
-0.000837
0.002694
0.006517
0.005934
0.002002
-0.006080
-0.013288
-0.012815
-0.006808
0.000582
0.005352
0.005679
0.000655
-0.002403
-0.006480
-0.011286
-0.014854
-0.017948
-0.019550
-0.017693
-0.012014
-0.004806
0.004296
0.010594
0.010012
0.007390
0.003240
-0.001201
-0.008519
-0.012123
-0.014672
-0.014635
-0.012014
-0.006444
-0.003022
-0.001092
0.002694
0.000510
-0.000400
-0.001565
-0.005242
-0.007536
-0.011796
-0.014672
-0.016892
-0.015582
-0.012123
-0.009611
-0.002039
0.001201
0.004041
0.001675
-0.002730
-0.005097
-0.009466
-0.010194
-0.008483
-0.004587
-0.003895
-0.004806
-0.005716
-0.009029
-0.004733
-0.004733
-0.005607
-0.001784
-0.005789
-0.007463
-0.008046
-0.008228
-0.006262
-0.003495
-0.005060
-0.010194
-0.011832
-0.009866
-0.003932
0.000364
0.003095
0.002257
-0.003568
-0.010266
-0.013033
-0.011577
-0.008373
-0.002403
0.000000
0.001711
0.004624
0.003968
0.002221
0.000582
0.000073
-0.000910
-0.000546
-0.001201
0.000000
-0.002439
-0.007281
-0.010922
-0.010594
-0.009757
-0.006153
0.000109
0.006371
0.004005
-0.002767
-0.005461
-0.001347
0.004551
0.005570
-0.000728
-0.011322
-0.020133
-0.020497
-0.010776
0.001311
0.013434
0.023919
0.022171
0.004733
-0.011359
-0.014708
-0.014672
-0.010339
-0.003095
0.003386
0.005570
0.003422
0.001784
-0.005424
-0.006262
-0.006844
-0.008810
-0.005024
0.000874
0.000837
-0.001056
0.001820
0.003240
-0.000983
0.002439
0.002876
-0.000765
0.000109
0.004842
0.003677
0.000073
-0.000291
-0.001383
-0.004077
-0.002621
-0.000765
0.000728
0.000983
0.000582
0.002257
0.005497
0.004478
0.001383
-0.000036
-0.001493
-0.003349
-0.004842
-0.004696
0.001747
0.003459
0.001420
0.000473
-0.001201
-0.004624
-0.007208
-0.006007
-0.004005
-0.001675
-0.001711
-0.001966
0.002548
0.004915
0.004369
-0.002803
-0.011031
-0.010776
0.003022
0.013361
0.006080
-0.001383
-0.002985
-0.003568
-0.001966
-0.003204
-0.003095
-0.004551
-0.002548
-0.000218
0.001019
0.003204
0.004296
0.004915
0.004514
0.001019
-0.002949
-0.002221
-0.001784
-0.004005
-0.002840
-0.000801
-0.002439
-0.004478
-0.007099
-0.005752
-0.004624
-0.003713
-0.000947
0.000473
0.000692
-0.000582
-0.000582
0.000182
0.003240
0.003531
0.001857
0.004587
0.005861
0.005716
0.001638
-0.003968
-0.004260
-0.004405
-0.004696
-0.004915
-0.001456
0.002039
0.000765
0.001274
0.001420
0.001930
-0.000218
-0.001056
0.003422
0.007427
0.006881
0.004260
0.002730
0.003386
0.002148
0.001784
0.001129
0.003895
0.005570
0.009284
0.010084
0.007427
0.006153
0.002658
0.001274
0.000109
0.000874
0.001420
-0.002439
-0.001311
0.006007
0.012779
0.013361
0.010703
0.007354
-0.002330
-0.008956
-0.008592
-0.002476
0.009284
0.018130
0.021953
0.018858
0.009830
0.001311
-0.003131
-0.004332
-0.004260
0.001311
0.007245
0.012742
0.013980
0.007463
-0.003531
-0.007026
-0.004806
0.001092
0.008373
0.012633
0.009356
0.006335
0.003167
-0.002403
-0.003713
0.000364
0.004223
0.004915
0.003058
0.001347
0.000146
-0.004077
-0.001784
0.006553
0.012123
0.014089
0.009684
0.002294
0.002730
-0.000073
-0.002330
-0.005424
-0.001019
-0.001019
-0.005060
-0.007354
-0.004951
-0.000182
0.003240
0.004551
0.004114
0.002257
0.003459
0.004878
0.001857
-0.001747
-0.000510
0.002184
0.003459
0.005752
0.008701
0.002548
-0.011031
-0.014126
-0.008446
-0.003713
0.006116
0.015400
0.018312
0.012123
0.000473
-0.008483
-0.014344
-0.014999
-0.008810
0.001238
0.008956
0.010121
0.007318
0.000983
-0.002585
-0.004624
-0.008919
-0.010813
-0.006626
0.000510
0.005861
0.007427
0.006589
-0.002876
-0.014308
-0.017584
-0.012160
0.000510
0.016674
0.028906
0.023955
0.008992
-0.006917
-0.022645
-0.026285
-0.019878
-0.005424
0.005570
0.014308
0.014271
0.009611
0.001347
-0.009065
-0.012706
-0.012742
-0.006189
-0.000291
0.003422
0.006844
0.004077
0.001493
-0.002148
-0.005388
-0.011104
-0.013070
-0.005752
0.002184
0.007390
0.004988
0.003823
0.004988
0.001675
-0.002585
-0.005898
-0.006335
-0.009393
-0.007463
-0.006335
-0.002876
-0.000364
0.000582
0.001711
0.001311
-0.000655
-0.000728
-0.000728
0.000036
-0.003641
-0.004806
0.001201
0.006298
0.007536
0.002767
-0.000073
-0.004296
-0.007063
-0.007463
-0.003713
0.001893
-0.000874
-0.008373
-0.009284
-0.001019
0.001711
-0.001456
-0.005279
-0.009138
-0.007682
-0.003240
-0.001493
-0.003240
-0.006808
-0.004660
0.000910
0.000837
-0.000837
0.001784
0.001311
-0.000655
-0.001019
-0.005388
-0.003932
0.000510
-0.001930
-0.005352
-0.006517
-0.005825
-0.002221
0.001274
0.003604
0.003641
0.003531
0.002294
0.001529
-0.001420
-0.001638
-0.002112
-0.004806
-0.006262
-0.004878
-0.002148
-0.000582
-0.002257
-0.002876
-0.001784
-0.000437
0.000546
0.001893
-0.002002
-0.006990
-0.010885
-0.006262
0.003095
0.006626
0.010995
0.013033
0.010084
0.000655
-0.005170
-0.007427
-0.007682
-0.003968
-0.002221
0.001784
0.003240
0.001383
0.001893
0.000692
0.002366
0.003095
0.002439
0.000000
-0.002403
0.000036
-0.000510
-0.002148
-0.000400
0.005242
0.006335
0.000983
-0.002876
-0.000619
0.001638
-0.001456
-0.005497
-0.007791
-0.004915
-0.001493
0.001602
0.005279
0.004624
0.001056
0.000109
0.002439
-0.000765
-0.004733
-0.004551
-0.000910
0.004077
0.003313
0.001638
-0.001165
-0.001565
-0.002658
-0.003022
-0.000073
0.000546
0.001238
0.000255
0.002767
0.002803
0.000983
0.000473
-0.001311
-0.003386
-0.003495
0.000364
0.000473
-0.003713
0.000255
0.002221
0.002075
-0.002002
-0.002221
0.000328
0.001711
0.003895
0.002184
0.002039
-0.000218
-0.002439
-0.002585
0.000364
0.002548
0.001092
0.000400
0.002148
0.004405
0.005461
0.003204
0.002439
0.001165
-0.002221
-0.010776
-0.014453
-0.009611
-0.002112
0.008919
0.018094
0.022098
0.021043
0.013871
-0.000364
-0.016929
-0.026431
-0.024647
-0.015036
-0.001201
0.010958
0.021807
0.021006
0.015909
0.007754
-0.001747
-0.012123
-0.020897
-0.025411
-0.020751
0.002730
0.017766
0.019841
0.018603
0.006844
-0.006844
-0.015727
-0.015837
-0.009502
-0.003568
0.003131
0.003604
0.004005
-0.000582
-0.003459
-0.000765
-0.003277
-0.004696
-0.007500
-0.005461
0.000473
0.008774
0.019259
0.020387
0.011140
0.000255
-0.004587
-0.007245
-0.009830
-0.008665
-0.008956
-0.008046
-0.011504
-0.012378
-0.011395
-0.012414
-0.014344
-0.017329
-0.023737
-0.024283
-0.016528
-0.000109
0.016892
0.022754
0.022463
0.013761
0.004223
0.003386
0.009247
0.014053
0.014635
0.001165
-0.015181
-0.034076
-0.042267
-0.030617
-0.008082
0.010157
0.012961
0.002985
-0.014599
-0.032219
-0.039646
-0.031819
-0.009284
0.014817
0.028870
0.030836
0.018385
-0.000947
-0.022390
-0.037134
-0.039027
-0.027559
-0.008555
0.008992
0.019732
0.017803
0.008228
0.000619
-0.001747
-0.000291
0.004551
0.003277
-0.003495
-0.008774
-0.010339
-0.009939
-0.007026
-0.003277
-0.001456
-0.000291
-0.001420
-0.005170
-0.009793
-0.014781
-0.014380
-0.008009
-0.002912
-0.000109
-0.000692
-0.003386
-0.007900
-0.010813
-0.013871
-0.014526
-0.009356
-0.003932
0.000546
0.002002
-0.001420
-0.004951
-0.006007
-0.005060
-0.003422
-0.000546
0.003641
0.002075
-0.005388
-0.013470
-0.015509
-0.009356
-0.004332
-0.005607
-0.010121
-0.010813
-0.007645
-0.002621
0.004405
0.009138
0.010121
0.006444
0.003204
-0.002148
-0.009211
-0.012160
-0.012706
-0.013143
-0.010703
-0.003932
-0.001238
-0.002366
-0.003204
-0.005424
-0.006699
-0.008446
-0.011140
-0.009466
-0.005643
-0.003022
-0.005133
-0.004587
-0.005461
-0.009720
-0.010412
-0.008046
-0.003495
-0.000473
0.001820
0.001383
0.000182
-0.001311
-0.005424
-0.009538
-0.011978
-0.010740
-0.008119
-0.006007
-0.003167
-0.002876
-0.004769
-0.008628
-0.010631
-0.006553
-0.001638
0.002876
0.002148
0.000400
-0.002039
-0.005461
-0.010157
-0.013616
-0.011395
-0.007245
-0.004260
-0.003968
-0.000983
0.003095
0.004842
0.007754
0.007645
0.000146
-0.011577
-0.022208
-0.024756
-0.023263
-0.013288
0.000983
0.009393
0.008264
0.004150
-0.002585
-0.010157
-0.015400
-0.017657
-0.013980
-0.001930
0.006116
0.003641
-0.001274
-0.005133
-0.011286
-0.013507
-0.006735
0.002221
0.004696
0.002621
0.001747
-0.001675
-0.005206
-0.006225
-0.005024
-0.003932
-0.004041
-0.004878
-0.005170
-0.008228
-0.009502
-0.008992
-0.006589
-0.004514
-0.003895
0.003058
0.009902
0.012961
0.007864
-0.002548
-0.012560
-0.020023
-0.019950
-0.012451
0.000073
0.008301
0.006080
0.000328
-0.005716
-0.007318
-0.003058
-0.000510
-0.001347
0.000619
0.003131
-0.001311
-0.008847
-0.011978
-0.011614
-0.007937
-0.000619
0.000837
-0.001675
0.001238
0.002730
0.003750
0.001784
-0.000036
-0.001747
-0.002912
-0.001966
0.001784
0.002694
0.002476
0.003022
0.003823
0.001675
-0.001820
-0.003968
-0.001092
0.001201
0.000947
0.000255
0.000874
0.001857
0.002512
0.004478
0.002985
0.001784
0.000364
0.000000
-0.000400
-0.000692
0.001565
0.006007
0.007754
0.002658
-0.002184
-0.000619
0.001930
0.003786
0.005643
0.008410
0.006480
0.004624
0.007536
0.007026
0.004005
0.001675
0.001056
0.000619
-0.001274
0.002403
0.007318
0.008555
0.008774
0.006662
0.007791
0.008555
0.006699
0.002257
-0.000910
0.004187
0.007463
0.006407
0.003677
0.001602
0.002730
0.004005
0.007208
0.006298
0.001383
-0.000765
-0.001565
0.001966
0.002476
0.003823
0.002039
-0.004624
-0.005861
-0.000765
0.005170
0.004769
0.003750
0.002912
0.001420
-0.000874
-0.005206
-0.008519
-0.007791
-0.005607
-0.001165
0.002439
0.003313
0.008446
0.008919
0.002039
-0.003713
-0.007427
-0.005388
-0.003167
-0.005352
-0.003713
-0.000765
0.002294
0.002548
-0.000692
0.000146
0.000182
-0.003495
-0.007208
-0.009065
-0.008992
0.003641
0.024829
0.034659
0.028652
-0.000947
-0.032292
-0.035714
-0.021443
0.003095
0.014817
0.017111
0.023336
0.034294
0.042231
0.026540
-0.003313
-0.033202
-0.050422
-0.039683
-0.017402
0.004442
0.022208
0.030763
0.033748
0.032547
0.030326
0.022135
0.004223
-0.012342
-0.021771
-0.025521
-0.025375
-0.019077
-0.006298
0.006298
0.019878
0.026940
0.022280
0.012633
0.003823
0.000328
0.000947
-0.002403
-0.007937
-0.010703
-0.013288
-0.011359
-0.007609
-0.002840
-0.000328
0.000837
0.002694
0.005570
0.007718
0.003022
-0.003277
-0.011067
-0.015946
-0.015982
-0.012924
-0.009393
-0.004369
0.000910
0.004041
0.003641
0.001820
-0.001201
-0.004296
-0.006589
-0.008737
-0.010521
-0.008919
-0.006990
-0.005825
-0.003277
0.000182
0.003568
0.003604
0.007136
0.010339
0.007536
0.002803
-0.001201
-0.006589
-0.011468
-0.012232
-0.007791
-0.002548
0.000619
0.001784
0.005898
0.005716
0.004005
0.001201
-0.003386
-0.004187
-0.003277
-0.003968
-0.005024
-0.003277
-0.002075
-0.001893
0.000036
0.004733
0.005279
0.005315
0.006517
0.002658
-0.003459
-0.004842
-0.006990
-0.008919
-0.007318
-0.004769
-0.004077
-0.002840
0.001019
0.004332
0.003750
0.002039
-0.000874
-0.003641
-0.003568
-0.004369
-0.002694
-0.001383
-0.000510
-0.000437
0.001238
0.001857
-0.001092
-0.002112
-0.004114
-0.006844
-0.008737
-0.006298
-0.004296
-0.004769
-0.004660
-0.004114
-0.004842
-0.003531
0.000546
0.000910
0.000255
0.000364
-0.001201
-0.002221
-0.003859
-0.002476
-0.001165
-0.001311
-0.001784
-0.004478
-0.005242
-0.003167
0.001129
-0.000364
-0.001383
0.000837
0.002112
0.002330
0.003204
0.003968
0.002730
0.000910
0.001784
0.001311
-0.001238
-0.005133
-0.006954
-0.005934
-0.004332
-0.004332
-0.002221
0.000983
0.003277
0.004806
0.006954
0.007536
0.004769
0.003349
0.001238
-0.002075
-0.000109
-0.000328
-0.002184
-0.003677
-0.003932
-0.003895
-0.001857
0.000400
0.000182
-0.000146
0.002512
0.003204
0.002803
0.001711
0.000000
0.000000
0.000328
-0.001056
-0.002112
-0.000582
-0.000947
-0.003204
-0.003495
-0.000036
0.001638
0.002039
0.003641
0.002658
0.003459
0.005752
0.007937
0.007754
0.003968
0.001820
0.000255
0.001638
0.001784
0.001565
0.002476
0.000000
-0.002803
-0.004514
-0.004696
-0.000291
0.003713
0.006553
0.005752
0.005315
0.006917
0.006225
0.005607
0.003823
0.001383
-0.000182
-0.000109
0.000910
0.000510
0.000182
-0.000910
-0.002658
-0.002876
-0.001347
0.001820
0.003022
0.004660
0.003568
0.002112
0.002476
0.002621
0.002403
0.001784
0.002366
0.002730
0.002585
0.002075
0.000473
0.000947
0.000218
0.001565
0.002767
0.004369
0.004369
0.001529
0.002112
0.002112
0.001565
-0.001565
-0.002148
0.000874
0.004624
0.008228
0.006043
0.003677
0.003750
0.005206
0.007427
0.006589
0.003277
-0.001347
-0.002002
0.000910
0.002694
0.004405
0.001383
0.000000
0.001092
0.003677
0.004405
0.001602
-0.000546
0.000182
0.004878
0.006735
0.005461
0.005060
0.003313
0.001383
0.001638
0.004114
0.005898
0.006007
0.005607
0.002985
-0.000765
-0.006407
-0.008191
-0.006444
0.000473
0.009393
0.018968
0.026722
0.027741
0.020606
0.002294
-0.013616
-0.020569
-0.018749
-0.010412
-0.002694
0.005643
0.018021
0.032074
0.035496
0.022244
-0.000655
-0.021589
-0.032438
-0.029889
-0.017111
0.000000
0.012924
0.016055
0.013652
0.006298
-0.003932
-0.006371
-0.001420
0.008701
0.012706
0.011322
0.004369
-0.009393
-0.023846
-0.032547
-0.030617
-0.020060
-0.007390
0.007208
0.025266
0.041576
0.047583
0.039683
0.019514
-0.011468
-0.040993
-0.057521
-0.057485
-0.038772
-0.006189
0.022936
0.041940
0.047000
0.035896
0.014490
-0.007245
-0.023409
-0.031091
-0.026722
-0.015764
-0.002002
0.006626
0.008446
0.005971
0.000036
-0.001857
-0.001274
-0.001602
0.001238
-0.001165
-0.007682
-0.014490
-0.016237
-0.009429
-0.001056
0.002330
-0.001784
-0.008446
-0.015108
-0.014599
-0.009029
-0.004332
0.001675
0.002221
0.000728
-0.000983
-0.003167
-0.003531
-0.011504
-0.018130
-0.016273
-0.012961
-0.006553
-0.001565
-0.001019
-0.004332
-0.008337
-0.010157
-0.009393
-0.005789
0.002257
0.007682
0.003022
-0.007281
-0.015618
-0.015582
-0.011067
-0.006407
-0.004806
-0.003167
-0.000328
-0.001165
-0.003932
-0.006954
-0.005607
-0.005898
-0.005971
-0.003823
-0.003422
-0.004951
-0.007208
-0.009466
-0.008956
-0.006189
-0.003349
-0.004478
-0.006298
-0.006844
-0.008155
-0.006262
-0.002548
0.001857
0.001565
-0.004041
-0.010813
-0.014999
-0.013033
-0.006153
0.000728
0.004405
0.006407
0.004842
-0.000546
-0.007208
-0.014016
-0.014963
-0.012269
-0.007682
-0.000364
0.002730
0.001056
-0.001165
-0.002512
-0.005534
-0.005643
-0.004624
-0.003131
-0.001711
-0.001966
-0.004878
-0.005497
-0.004077
-0.003932
-0.004551
-0.002439
-0.000728
0.000692
0.000546
-0.002221
-0.003568
-0.004442
-0.003932
-0.003131
-0.002912
-0.003204
-0.003022
-0.004150
-0.005315
-0.004077
-0.001311
-0.000328
-0.001056
-0.001201
-0.002621
-0.003641
-0.001820
-0.001092
-0.002548
-0.001638
-0.001529
-0.004041
-0.004296
-0.000582
0.000582
0.001456
0.001019
0.003022
0.003604
0.000874
-0.000182
-0.002075
-0.000546
0.000437
0.000801
0.001311
0.001529
0.001638
0.001420
0.002002
0.001638
0.000218
-0.000291
-0.001274
-0.002257
-0.002330
-0.001238
-0.000619
-0.000582
-0.001638
-0.002002
-0.003313
-0.002803
-0.001747
-0.000510
0.001602
0.001201
0.000109
0.000000
0.000983
0.000291
0.000182
0.002585
0.003277
0.003131
0.002512
0.001238
0.002548
0.000473
-0.000983
0.001019
0.001602
-0.000582
0.000109
0.004150
0.002075
0.001966
0.002621
0.002403
0.002403
0.000619
-0.000655
-0.001201
-0.000765
-0.000692
-0.000073
0.000218
0.000582
-0.000728
0.000400
0.000765
0.000036
-0.004696
-0.001019
0.013470
0.023009
0.017621
0.005279
0.002840
-0.006662
-0.023445
-0.012524
0.001602
0.000546
0.003459
0.008373
0.007937
0.000983
-0.002148
0.001747
0.002803
0.001529
0.002075
0.006262
0.004514
0.001347
0.002366
0.000000
-0.000437
-0.004150
-0.004150
0.000000
0.002257
0.000546
0.000619
-0.000582
-0.001456
0.000765
0.003167
0.003641
0.005461
0.003167
-0.000947
-0.000437
-0.000983
-0.003386
-0.000692
0.002949
0.003095
0.006007
0.007318
0.003167
-0.001092
-0.001747
-0.004733
-0.004514
-0.001420
-0.000146
0.001056
0.001129
0.001493
0.001383
-0.000619
-0.000655
0.000073
0.000619
-0.000801
-0.002512
-0.000182
-0.001019
-0.003022
-0.004005
-0.000328
0.002112
0.002658
0.003349
0.002803
0.003277
-0.001019
-0.004114
0.000291
0.000073
-0.004478
-0.000728
0.004624
0.004187
0.001529
0.005497
0.006262
0.002730
-0.002002
-0.002221
0.002002
0.004041
0.003531
0.004223
0.003459
-0.000801
-0.002002
0.001529
0.005060
0.006116
0.005752
0.003604
0.002621
0.003167
0.004478
0.004587
0.007682
0.006808
0.002075
-0.000109
-0.000510
0.002621
0.007500
0.007827
0.007463
0.006626
0.008592
0.009356
0.010121
0.006917
0.002548
0.005242
0.007063
0.006043
0.003677
0.003641
0.005607
0.006407
0.006153
0.005898
0.005424
0.006735
0.007827
0.008737
0.007827
0.008592
0.009502
0.010631
0.011978
0.010703
0.009975
0.006735
0.005388
0.004187
0.005716
0.011140
0.013652
0.010703
0.007536
0.005679
0.007026
0.008228
0.012342
0.017548
0.018385
0.013725
0.002221
-0.008665
-0.012633
-0.004587
0.007973
0.017366
0.021443
0.019550
0.010266
0.002184
-0.003823
-0.004296
0.001129
0.006043
0.009393
0.010376
0.006917
0.003859
-0.000146
-0.002512
-0.003095
-0.001747
0.001930
0.002803
0.002330
0.001019
0.004442
0.008337
0.007208
0.002403
-0.006335
-0.011978
-0.011249
-0.008992
-0.008665
-0.001784
-0.001565
-0.005133
-0.002621
0.003422
0.010631
0.018785
0.012160
0.002294
-0.008555
-0.009611
-0.002002
0.006662
0.013507
0.007500
-0.005825
-0.010631
-0.005679
0.005971
0.014526
0.012779
0.002476
-0.013761
-0.023846
-0.016674
0.005825
0.020096
0.018421
0.001820
-0.012414
-0.013470
-0.004077
0.001747
0.002730
-0.000728
-0.005752
-0.008155
-0.003422
0.004005
0.006007
0.002184
-0.003568
-0.006881
-0.004988
-0.000910
0.002767
0.001311
-0.002512
-0.006699
-0.006116
-0.002621
-0.001893
-0.002112
-0.003204
-0.003968
-0.005206
-0.003095
0.001383
0.000582
-0.002002
-0.005060
-0.004769
-0.001565
-0.000728
0.000728
0.000036
-0.002912
-0.006808
-0.009174
-0.007645
-0.003786
0.000218
0.001274
0.000728
-0.000874
-0.002039
-0.001820
-0.000983
0.001966
0.003932
0.004733
0.004878
0.002366
-0.002694
-0.004296
-0.007136
-0.010376
-0.005024
-0.000765
-0.001383
-0.000400
-0.002876
-0.005789
-0.005825
-0.000910
0.002403
0.004187
0.003713
0.002548
0.002949
-0.001347
-0.005497
-0.006480
-0.007500
-0.008373
-0.008701
-0.006917
-0.006262
-0.008701
-0.009830
-0.006808
-0.001565
0.000801
0.001675
0.009720
0.016091
0.014744
0.010521
0.005679
0.002221
0.001420
-0.001602
-0.003495
-0.001129
0.002075
-0.000255
-0.005024
-0.004187
-0.001456
-0.001820
-0.001930
0.000000
0.005424
0.011359
0.009684
0.006080
0.006371
0.009211
0.010012
0.005607
0.003095
0.003823
0.003495
0.002403
0.002621
0.005133
0.005170
0.004150
0.002039
0.001747
0.005679
0.007172
0.006553
0.006043
0.003022
-0.001638
-0.005607
-0.008919
-0.008919
-0.007682
-0.005643
-0.003204
-0.000036
0.002075
0.005206
0.006626
0.002512
-0.003386
-0.002366
0.000146
0.003204
0.006189
0.006335
0.006043
0.000655
-0.002184
-0.000473
0.000400
0.003786
0.005097
0.004442
0.002075
-0.000837
-0.003386
-0.005352
-0.006626
-0.006189
-0.003641
-0.000400
0.001493
0.003204
0.004114
0.006298
0.004551
-0.000582
-0.000983
0.000765
0.002730
0.004915
0.007718
0.008919
0.005060
0.000000
-0.005534
-0.005861
-0.004878
-0.003131
0.000619
0.005643
0.009648
0.009757
0.008628
0.007354
0.002840
-0.003459
-0.007063
-0.006808
-0.005497
-0.002803
0.001019
0.001129
0.001311
0.001930
0.000837
0.000510
0.000000
0.000437
-0.000437
-0.002330
0.000692
0.005934
0.006407
0.005716
0.003823
0.000073
-0.000437
-0.001711
-0.003422
-0.000473
0.001784
0.001893
0.002294
0.003058
0.003022
0.002148
0.001638
-0.000983
-0.001747
-0.001638
0.000218
0.002840
0.003204
0.004077
0.004514
0.003058
-0.000910
-0.003240
-0.001602
-0.000546
0.000437
0.001784
0.003568
0.002694
-0.000400
-0.003823
-0.003859
-0.000473
0.001638
0.001565
0.002403
0.003823
0.004733
0.002694
0.000036
-0.002694
-0.002112
0.000328
0.001638
0.003277
0.004405
0.004624
0.004769
0.003422
0.001056
-0.000218
-0.001711
-0.007973
-0.010849
-0.006080
-0.000255
0.003968
0.002512
-0.000182
-0.001420
-0.000073
0.002985
0.001711
0.002039
0.003240
0.003895
0.003968
0.003677
0.002439
0.000437
0.001092
-0.000692
-0.004005
-0.002585
-0.001274
-0.001129
-0.001456
0.001201
0.004223
0.002985
-0.000364
-0.003568
-0.001638
0.003968
0.008228
0.007427
0.000218
-0.005133
-0.006116
-0.000837
0.005570
0.006699
0.005279
0.003167
0.000874
-0.001056
0.001857
0.005752
0.005570
0.006335
0.007609
0.004442
0.001019
-0.000036
-0.000328
0.000510
0.001820
0.001930
0.002730
-0.000218
-0.003240
-0.004442
-0.000364
0.006153
0.009138
0.009284
0.008446
0.004696
0.000983
-0.006153
-0.012050
-0.014890
-0.014089
-0.009830
-0.000291
0.008992
0.016747
0.023846
0.023700
0.009284
-0.008483
-0.019987
-0.020278
-0.008519
0.007208
0.016456
0.019222
0.018421
0.016164
0.010813
0.002330
-0.000801
0.005825
0.016856
0.025411
0.026686
0.019514
0.007172
-0.002694
-0.007937
-0.010084
-0.013252
-0.012342
-0.015108
-0.018567
-0.023045
-0.029125
-0.038408
-0.045107
-0.046272
-0.046709
-0.042449
-0.029889
-0.015691
-0.002585
0.015982
0.031600
0.040920
0.045398
0.041648
0.032911
0.021916
0.010667
0.003677
-0.001529
-0.007645
-0.015982
-0.023191
-0.024574
-0.023154
-0.018094
-0.014308
-0.014890
-0.013907
-0.013980
-0.008191
0.003022
0.009138
0.011868
0.020970
0.015363
-0.001165
-0.008337
-0.014599
-0.009174
-0.002184
0.003823
0.006772
-0.006298
-0.018239
-0.023045
-0.021407
-0.017766
-0.011395
-0.000874
-0.005315
-0.007754
-0.006917
-0.010995
-0.011395
-0.005352
-0.001383
-0.003204
-0.001930
-0.001456
-0.007536
-0.006735
-0.011177
-0.019878
-0.011796
0.001347
0.005424
-0.001311
-0.009502
-0.011286
-0.008919
-0.006772
-0.006116
-0.008446
-0.011832
-0.007791
0.000146
0.004296
0.004624
-0.001638
-0.006699
-0.004624
-0.008992
-0.006990
-0.001201
-0.007026
-0.015036
-0.013106
-0.015072
-0.017948
-0.016892
-0.014126
-0.005716
0.006043
0.006553
0.004405
0.006626
0.003823
0.001383
0.000546
-0.003022
-0.006808
-0.006444
-0.007172
-0.009429
-0.009174
-0.006844
-0.008264
-0.007318
-0.006116
-0.005242
-0.003641
-0.003349
-0.005206
-0.007827
-0.007536
-0.007281
-0.007354
-0.004915
-0.003240
-0.002403
0.001129
0.003131
0.004187
0.002221
0.000692
0.000437
-0.002985
-0.005971
-0.007026
-0.005607
-0.006990
-0.008592
-0.006954
-0.006917
-0.007973
-0.007827
-0.006662
-0.002658
0.000073
0.000364
0.000765
0.000910
0.000000
-0.000728
-0.000837
0.000400
-0.001056
-0.001019
-0.001893
-0.002840
-0.004187
-0.008919
-0.010012
-0.010485
-0.008191
-0.006225
-0.004878
-0.003422
-0.005352
0.003495
0.011322
0.013579
0.004733
0.002840
0.002002
-0.000328
-0.003932
-0.000910
0.002330
-0.000182
-0.008483
-0.011796
-0.006444
-0.000146
0.005825
0.005861
0.000910
-0.002075
-0.003313
-0.007063
-0.008228
-0.003677
0.001529
0.006043
0.010958
0.011431
0.008046
0.001311
-0.007063
-0.007572
-0.004733
-0.003095
-0.001129
0.000364
0.001893
0.001420
-0.000437
-0.002112
-0.003131
-0.002512
-0.002949
-0.002730
-0.005133
-0.006626
-0.007463
-0.005497
-0.002039
-0.001529
0.001274
0.003713
0.008847
0.009101
0.005242
0.004806
0.004514
0.008410
0.009720
0.006626
0.000109
-0.006153
-0.009174
-0.008774
-0.006517
-0.001238
0.001675
0.003349
0.004187
0.001019
-0.002148
-0.001747
0.001820
0.005971
0.006262
0.003677
0.001311
-0.000109
-0.002512
-0.000655
-0.000510
-0.004733
-0.006699
-0.004769
-0.003095
-0.000619
0.000983
0.001238
0.002257
0.000765
0.000218
0.001638
0.002366
0.002366
0.001638
-0.000437
-0.003349
-0.003677
-0.003531
-0.003204
-0.001238
0.000218
0.002476
0.003895
0.002512
0.000328
-0.001129
-0.003277
-0.008373
-0.008992
-0.005971
-0.004223
-0.000837
0.004077
0.006844
0.005534
0.000983
-0.002002
-0.004842
-0.006517
-0.007427
-0.003422
-0.000437
0.001711
0.002840
0.002476
0.002184
-0.001056
-0.004405
-0.003968
-0.003058
-0.003313
-0.004005
-0.002694
-0.002112
-0.003349
-0.003713
-0.004187
-0.003204
-0.004806
-0.006517
-0.005534
-0.004878
-0.004514
-0.005097
-0.002949
-0.000765
-0.001420
-0.003095
-0.002694
-0.001311
0.001565
0.004624
0.005315
0.005060
0.006772
0.005861
0.002512
-0.001420
-0.002694
-0.002002
-0.001857
-0.002476
-0.000619
0.004696
0.007536
0.008592
0.007718
0.009720
0.010084
0.006844
0.003932
0.003968
0.005752
0.007354
0.008046
0.007536
0.007718
0.011140
0.013325
0.013507
0.008373
0.005424
0.009029
0.009502
0.007791
0.006480
0.009684
0.010958
0.010194
0.008774
0.007063
0.006335
0.004878
0.005825
0.008737
0.011614
0.011395
0.009902
0.010084
0.006844
0.003459
0.003968
0.003932
0.002548
0.002221
0.005242
0.005752
0.003677
0.001638
0.001784
0.001966
-0.000146
0.003386
0.008119
0.009065
0.006335
0.001529
0.001274
0.001529
-0.000546
-0.000328
-0.000364
-0.001420
0.000655
0.003386
0.002002
0.001747
0.001565
0.000364
-0.000036
0.003750
0.006699
0.007609
0.009830
0.009211
0.008628
0.008155
0.006225
0.005461
0.004187
0.004223
0.000546
-0.001747
0.000400
0.001602
0.006444
0.005643
0.005060
0.005825
0.003204
0.000400
-0.000182
0.001820
0.004624
0.006990
0.007281
0.004842
0.000801
-0.005534
-0.011759
-0.011431
-0.001056
0.012378
0.015946
0.012014
0.003459
-0.003240
-0.003349
0.001456
0.009138
0.012014
0.009720
0.002949
-0.003823
-0.003641
-0.002112
-0.000692
-0.002730
-0.002730
0.000146
0.003823
0.008701
0.010303
0.008665
0.005242
-0.000582
-0.003531
-0.004369
-0.003568
-0.002658
-0.001529
-0.001784
-0.001529
0.000582
0.000947
-0.000582
0.000182
0.002075
0.004041
0.004842
0.006007
0.005934
0.002512
0.000218
-0.000510
0.001056
0.000546
-0.001092
0.000182
0.001274
0.001820
0.002148
0.003022
0.004369
0.005424
0.004624
0.001092
0.000146
-0.001565
-0.003677
-0.001201
0.001711
0.001019
0.003859
0.005861
0.002621
0.002767
0.001238
-0.002840
-0.001529
0.001092
0.002403
0.002512
0.001092
0.000801
0.000291
0.000437
0.000655
0.000291
0.001274
0.000473
0.003022
0.004041
0.001966
0.001747
0.000109
-0.001274
0.001711
0.007500
0.008701
0.006735
0.003786
0.000437
-0.003313
-0.003750
-0.003167
-0.001493
-0.000837
0.003604
0.004806
0.002512
0.002330
0.003750
0.003859
0.005170
0.006844
0.007463
0.007827
0.007463
0.005060
0.000910
0.000582
0.002803
0.001602
-0.000582
0.000619
0.000619
0.002949
0.004077
0.005242
-0.001820
-0.001274
0.008082
0.014344
0.013361
0.008446
0.004405
-0.002621
-0.004478
-0.005024
-0.004624
-0.004077
-0.000947
0.003240
0.003786
0.003713
0.004806
0.003422
0.001347
0.000692
0.001347
0.005242
0.011504
0.010521
0.003786
-0.002548
-0.004551
-0.002548
0.002039
0.006808
0.007136
0.004005
-0.002912
-0.007063
-0.008519
-0.006043
0.000801
0.003495
0.003459
0.002366
0.000073
0.001274
-0.000109
-0.001966
-0.001565
-0.000910
0.000255
0.001311
0.002912
0.004696
0.006589
0.004624
0.002585
0.001420
0.000182
0.001274
0.001820
0.003386
-0.000582
-0.003823
0.000000
0.000582
0.002002
0.006735
0.001638
0.000146
0.002330
0.006153
0.009720
0.007827
0.006881
0.004187
0.003531
0.004551
0.001056
0.001420
0.000801
0.000546
0.001165
0.001565
0.003167
0.003604
0.007973
0.007718
-0.001274
-0.010849
-0.010594
-0.003022
0.001493
0.003604
0.002694
0.002512
0.006407
0.009611
0.009466
0.000073
-0.009538
-0.011468
-0.000655
0.014089
0.016055
0.007536
-0.001565
-0.004587
-0.005242
-0.006735
-0.000837
0.004878
0.005643
0.005607
0.002257
-0.002075
-0.005570
-0.004624
-0.001529
0.004005
0.008956
0.007390
0.000655
-0.004915
-0.004806
-0.002840
0.003604
0.006335
0.006407
0.003131
-0.000218
0.000255
-0.001529
-0.001930
0.000364
0.001857
0.000146
0.000546
0.002075
0.002403
-0.000692
-0.003531
-0.006116
-0.008555
-0.006735
-0.002002
0.002184
0.007318
0.006225
0.003349
0.003240
0.002621
0.002912
0.007536
0.005315
-0.001056
0.000218
0.000000
-0.000801
0.005242
0.004915
-0.002039
-0.003750
-0.004369
0.000255
0.006662
0.004077
0.002512
0.002439
-0.004041
-0.004077
0.000073
0.001675
0.005060
0.004624
-0.001019
-0.003713
-0.002730
-0.001092
0.003131
0.004223
0.004514
0.004951
0.002912
0.000073
-0.000546
0.002148
0.006990
0.006954
0.005825
0.002294
0.000947
-0.003750
-0.009101
-0.006844
-0.001784
0.003022
0.003895
0.004551
0.002112
-0.002257
-0.002148
0.002039
0.005643
0.004587
0.003713
0.004696
0.003641
0.003240
0.002803
0.004478
0.005461
0.004260
0.000291
-0.003240
-0.002075
0.000582
0.001602
0.001784
0.003277
0.003859
0.003495
0.002767
0.001311
-0.000146
0.001129
0.003750
0.004514
0.004733
0.005534
0.004842
0.002548
0.000400
0.000437
0.000036
-0.000837
0.001165
0.002548
0.001966
0.001675
0.004296
0.006153
0.008264
0.007136
0.004624
0.003932
0.002002
0.000364
0.001165
0.002694
0.004878
0.003531
0.001893
0.003568
0.004223
0.003531
0.000692
-0.001930
-0.001930
0.002585
0.008119
0.009211
0.004223
0.000400
-0.000692
0.000328
0.000473
0.001456
0.002730
0.002621
0.002112
0.004514
0.006043
0.005861
0.004696
0.001493
0.001638
0.002039
0.000437
-0.000510
-0.000146
0.003022
0.004878
0.001930
0.002439
0.004988
0.004842
-0.000983
-0.009138
-0.011359
-0.005424
0.008883
0.022754
0.029416
0.029343
0.019987
0.003095
-0.016892
-0.032693
-0.038263
-0.035277
-0.019696
0.002840
0.028215
0.045071
0.050349
0.039355
0.018312
-0.001893
-0.018968
-0.027122
-0.029671
-0.029926
-0.023700
-0.013033
0.000582
0.014198
0.026467
0.035860
0.032656
0.018567
-0.000655
-0.020169
-0.037462
-0.044088
-0.032074
-0.004733
0.020715
0.032401
0.029234
0.013397
-0.001966
-0.009101
-0.010703
-0.011031
-0.010485
-0.008483
-0.005607
-0.003786
-0.005024
-0.002694
0.000692
-0.002330
-0.003240
-0.002730
-0.003459
-0.004478
-0.002876
0.002112
0.001420
-0.000765
-0.009029
-0.015473
-0.016201
-0.012851
-0.009029
-0.003131
0.004369
0.006371
0.005388
0.003058
-0.001529
-0.006954
-0.012087
-0.014271
-0.012888
-0.010230
-0.006153
-0.000473
0.002075
-0.000765
0.001347
0.001820
0.000109
-0.000837
-0.004223
-0.008847
-0.009830
-0.010594
-0.009138
-0.004587
-0.002985
-0.002366
-0.000837
-0.000510
-0.002730
-0.004114
-0.005789
-0.007718
-0.005643
-0.003677
-0.004260
-0.003131
-0.003422
-0.003641
-0.004478
-0.004915
-0.006772
-0.006407
-0.003859
0.000000
0.001456
0.000073
-0.000073
-0.001529
-0.005679
-0.009939
-0.011686
-0.015036
-0.015108
-0.007427
0.000182
0.005170
0.006844
0.004296
0.000437
-0.004442
-0.006844
-0.006917
-0.005825
-0.008046
-0.009247
-0.007609
-0.003932
0.003531
0.004296
0.002039
0.001201
0.000146
-0.000874
-0.001747
-0.001201
-0.000328
-0.005279
-0.003713
-0.000291
-0.001493
-0.004842
-0.003786
-0.001129
-0.003459
-0.002621
0.000109
0.001311
0.000364
0.000437
-0.001056
-0.004405
-0.005424
-0.004769
-0.001638
0.000619
-0.002184
-0.001274
0.002730
0.001565
-0.001747
-0.002294
-0.001675
-0.002803
-0.005024
-0.005971
-0.003823
-0.002075
-0.000036
0.001711
0.001056
-0.001602
-0.004332
-0.005643
-0.003713
-0.002002
-0.002512
-0.005242
-0.005643
-0.004077
-0.004442
-0.002730
-0.002694
-0.002366
0.000400
0.000182
-0.001493
-0.001383
0.000910
0.002512
0.003895
0.003531
0.001893
0.000546
-0.001638
-0.002439
-0.000801
0.000437
-0.001493
-0.001930
0.000255
0.001092
0.000837
-0.002294
-0.005461
-0.005716
-0.005825
-0.002694
0.003167
0.006407
0.007281
0.004478
0.006116
0.010230
0.007281
0.004114
0.001529
-0.001638
-0.006262
-0.004988
0.000947
0.003641
0.004187
0.004988
0.005497
0.002294
-0.001747
-0.003167
-0.001820
-0.001675
-0.000146
0.002330
0.002184
0.003495
0.005315
0.006371
0.004551
0.002949
0.001675
0.002294
0.003604
0.004150
0.006371
0.007973
0.005534
0.001456
-0.000109
0.001019
0.000000
0.000146
0.000837
0.001238
0.003750
0.007973
0.008082
0.005170
0.002257
0.002767
0.004041
0.005024
0.005679
0.006116
0.006153
0.005461
0.004150
0.003386
0.003568
0.004369
0.006881
0.006371
0.005206
0.004769
0.005060
0.006371
0.005315
0.005679
0.005898
0.006153
0.005206
0.004769
0.006407
0.007245
0.007208
0.005097
0.003058
0.000983
0.000182
0.000728
0.000400
0.002148
0.005825
0.006444
0.002221
-0.001675
-0.001420
0.000364
0.000328
-0.000073
-0.001638
0.000510
0.003859
0.003313
0.001456
-0.000255
-0.001201
0.000837
0.005789
0.007099
0.005898
0.001966
-0.002548
-0.002585
-0.001383
0.000837
0.002985
0.002366
-0.000765
-0.005170
-0.006626
-0.005206
-0.004041
-0.004260
-0.003131
-0.001930
-0.000655
0.001529
0.004114
0.002585
-0.000146
0.000146
0.007172
0.009648
0.007390
0.006990
0.000510
-0.006080
-0.014526
-0.016310
-0.008155
-0.001930
0.006407
0.015436
0.023081
0.028797
0.022936
0.008155
-0.000692
-0.002476
-0.006517
-0.017147
-0.021115
-0.010266
0.001092
0.009611
0.018021
0.018785
0.005752
-0.009138
-0.016346
-0.025739
-0.022317
0.004514
0.027559
0.028469
0.014089
0.000801
-0.009320
-0.016019
-0.010776
0.003058
0.015181
0.014672
0.004114
-0.003968
-0.006699
-0.008919
-0.006990
-0.003859
-0.001274
0.000947
-0.001019
-0.002548
-0.004150
-0.007172
-0.005534
-0.003022
0.002876
0.003568
0.000692
-0.003895
-0.009429
-0.008046
-0.005971
0.002730
0.010303
0.009393
0.003131
-0.004442
-0.008446
-0.010521
-0.005133
-0.002512
0.000291
-0.001784
-0.003313
-0.002184
0.001529
0.003604
0.001638
-0.001129
-0.004842
-0.006954
-0.006262
-0.005097
-0.000510
0.001930
0.000510
0.002257
0.003750
0.002002
0.000000
-0.002476
-0.005643
-0.006225
-0.005097
-0.001274
0.000364
-0.001420
-0.001966
-0.003058
-0.000146
0.002840
0.001747
-0.000546
0.000000
0.000255
-0.000546
-0.000073
0.000218
0.000655
-0.000218
-0.001238
-0.000983
0.000837
0.003968
0.006371
0.006043
0.000182
-0.002985
-0.004915
-0.009866
-0.003422
0.000473
0.001420
0.006589
0.002694
0.001165
0.002840
-0.002403
0.000000
0.001565
0.000073
0.003823
0.002257
0.000874
-0.000874
-0.004733
-0.005424
-0.005242
-0.002621
0.000400
0.004332
0.008410
0.008410
0.005206
0.001201
-0.004878
-0.006662
-0.006626
-0.004624
-0.002039
0.003386
0.008483
0.009975
0.008519
0.004223
-0.000837
-0.002585
-0.003895
-0.004842
-0.002075
0.000364
0.001857
0.002403
0.003313
0.003932
0.003204
0.002949
0.002221
0.001019
-0.000947
-0.001893
-0.000582
0.002002
0.003568
0.003859
0.003895
0.001456
-0.000728
-0.001238
-0.002730
-0.003459
-0.002985
-0.001857
0.000837
0.004150
0.004988
0.004369
0.004478
0.002621
-0.000146
-0.000947
0.000291
-0.000328
0.001383
0.002949
0.002403
0.003823
0.003531
0.003604
0.002840
0.001784
0.001383
0.000328
-0.000364
-0.000655
0.000837
0.003349
0.005279
0.007609
0.007536
0.007390
0.006444
0.003968
0.000910
-0.000801
-0.001201
0.000291
0.003677
0.004514
0.004223
0.001966
-0.002112
-0.004696
-0.004332
-0.001529
0.000473
0.002985
0.003932
0.005752
0.006480
0.005097
0.006116
0.007318
0.005388
0.002330
0.000874
0.001893
0.001019
0.000146
0.000619
0.000728
-0.000692
-0.000765
0.003167
0.003495
0.001129
0.000837
0.003459
0.005242
0.004587
0.004442
0.003531
0.001930
-0.000036
-0.000546
0.000073
-0.000983
-0.000510
0.000692
0.001493
0.003459
0.004769
0.005534
0.005097
0.006699
0.007354
0.005861
0.004806
0.003495
0.001784
0.002512
0.002548
0.001238
0.000510
0.001165
0.002512
0.003968
0.006298
0.007136
0.005898
0.006262
0.003786
0.003641
0.005497
0.006917
0.005424
0.001711
0.002476
0.005206
0.005861
0.005024
0.003604
0.002585
-0.001019
-0.000765
0.002658
0.005060
0.006043
0.005424
0.005315
0.003895
0.004405
0.004332
0.003786
0.004405
0.002985
0.001857
0.002002
0.003750
0.006262
0.006881
0.006189
0.005497
0.005497
0.003823
0.003568
0.004041
0.004296
0.004077
0.003677
0.003240
0.002912
0.002949
0.004478
0.004077
0.003495
0.001820
0.001784
0.002403
0.003422
0.004332
0.004842
0.006335
0.005133
0.003095
0.001857
0.003167
0.004077
0.002658
0.002767
0.003277
0.002039
0.001129
0.001165
0.001711
0.002949
0.004478
0.004514
0.004587
0.004587
0.005024
0.003641
0.002694
0.001638
0.001238
0.001565
0.001820
0.002694
0.003022
0.002548
0.002112
0.001056
0.000109
0.000983
0.004915
0.006990
0.005971
0.006043
0.003750
0.000000
-0.000947
-0.000255
0.000109
-0.000182
0.001493
0.003641
0.004696
0.005789
0.003968
0.001056
0.000328
-0.000182
0.002548
0.006262
0.007281
0.006517
0.004077
0.000947
-0.003568
-0.007099
-0.005679
-0.000983
0.003823
0.006007
0.009101
0.007682
0.003495
0.002403
0.001930
0.002840
0.003167
0.002112
-0.000146
-0.001966
-0.002112
0.000146
0.003568
0.005716
0.008446
0.008956
0.007208
0.004369
0.001529
0.001238
0.001019
0.001529
0.003277
0.003422
0.005315
0.004514
0.005097
0.002330
0.000692
0.002294
0.002075
0.003677
0.004223
0.003932
0.002767
0.002767
0.003604
0.003058
0.005279
0.005716
0.007500
0.005971
0.004332
0.005789
0.005133
0.001274
-0.006043
-0.012342
-0.014308
-0.009939
0.000765
0.013761
0.024574
0.025084
0.014599
-0.003459
-0.019623
-0.023227
-0.013579
0.004296
0.020642
0.027523
0.020569
0.007536
-0.003641
-0.011213
-0.011395
-0.005097
0.004442
0.011468
0.013980
0.012560
0.004150
-0.006626
-0.013325
-0.013288
-0.004551
0.007390
0.015072
0.018895
0.020933
0.016492
0.006189
-0.003095
-0.013143
-0.017766
-0.014744
-0.006298
0.003058
0.013943
0.020133
0.013543
0.000910
-0.013252
-0.020933
-0.024756
-0.020715
-0.002257
0.017402
0.030071
0.028069
0.014672
-0.000765
-0.015509
-0.028506
-0.031528
-0.021552
-0.006080
0.004514
0.009320
0.010631
0.007099
0.000182
-0.006954
-0.011723
-0.014562
-0.014490
-0.006444
0.002840
0.006772
0.006589
-0.000728
-0.005752
-0.005607
-0.005570
-0.008155
-0.009065
-0.008009
-0.008592
-0.006881
-0.003568
-0.005570
-0.008883
-0.007172
-0.004878
-0.003422
0.000073
0.001747
-0.001747
-0.005315
-0.002075
0.004369
0.004369
0.002658
0.001930
-0.001565
-0.009575
-0.014672
-0.017766
-0.018822
-0.011650
-0.002876
0.001820
0.001092
-0.003349
-0.002002
-0.001019
-0.005352
-0.012342
-0.010703
-0.003968
-0.002075
-0.004187
-0.005752
-0.008592
-0.010376
-0.009793
-0.007318
-0.003058
0.001675
-0.001711
-0.007682
-0.009793
-0.010885
-0.008155
-0.002694
-0.000400
0.000619
-0.002803
-0.009320
-0.012050
-0.011322
-0.008919
-0.004951
-0.001019
0.003240
0.002184
0.000036
-0.002512
-0.004951
-0.006844
-0.005279
-0.001383
-0.002330
-0.004878
-0.003167
0.000146
0.000983
0.000801
0.000510
-0.000473
0.002730
0.002148
-0.003859
-0.006335
-0.003968
-0.003095
-0.002658
0.000109
0.001966
0.004915
0.006954
0.002439
-0.004442
-0.007973
-0.010194
-0.011177
-0.009284
-0.005242
-0.002476
0.000837
0.000728
-0.000036
-0.002112
-0.001930
-0.002730
-0.004041
-0.001784
-0.000692
0.000837
0.002621
0.003823
0.003604
0.001493
-0.000510
-0.002658
-0.005097
-0.006772
-0.003932
0.000036
0.003022
0.005024
0.002912
-0.000655
-0.000619
-0.001383
-0.003677
-0.005607
-0.006080
-0.004114
0.000619
0.004624
0.006371
0.005643
-0.001092
-0.007609
-0.011286
-0.009538
0.002294
0.008337
0.008410
0.005170
0.003495
-0.000437
-0.005424
-0.009684
-0.009575
-0.004951
0.000728
0.006407
0.010558
0.007973
0.002294
-0.003604
-0.005352
-0.003968
-0.001966
0.001857
0.002512
0.001493
0.002002
0.004187
0.002184
-0.002184
-0.004551
-0.004551
-0.001238
0.001529
0.004806
0.007973
0.006881
0.004114
0.000291
0.002512
0.002876
-0.000619
0.001857
0.005534
0.011177
0.009684
0.005789
-0.004478
-0.008992
-0.006043
0.000146
0.003604
0.006772
0.005679
0.002694
-0.000510
-0.001274
-0.000619
0.000437
0.002075
0.003641
0.004660
0.003422
0.001857
0.000874
0.000364
0.000983
0.000692
0.000510
0.002039
0.003932
0.002949
0.001493
0.004842
0.006189
0.003713
0.001857
0.002585
0.003277
-0.000109
-0.002840
0.000364
0.003349
0.004478
0.004624
0.007754
0.006553
0.002476
0.003677
0.005352
0.006954
0.004842
0.002403
-0.000619
-0.002002
-0.003422
-0.002184
0.001420
0.000218
-0.001274
-0.001638
0.001129
0.005315
0.005170
0.003167
0.000146
-0.000364
0.001129
0.005643
0.010703
0.007827
0.004114
0.000510
0.001019
0.002912
0.005461
0.009720
0.006116
0.002112
-0.002767
-0.005607
-0.002985
-0.000400
0.001784
0.003058
0.002985
0.000036
-0.000400
0.002512
0.005497
0.008737
0.011832
0.011504
0.008264
0.003095
0.001056
0.001493
0.001274
0.001638
0.002330
0.005461
0.003277
0.000801
0.001347
0.001711
0.002294
0.000947
0.003895
0.005898
0.005825
0.004878
0.002949
0.002548
-0.000182
-0.002294
-0.001311
0.000765
0.002075
0.000473
0.003531
0.007609
0.008665
0.006517
0.003058
0.001784
0.000400
0.001893
0.002221
0.000400
0.000765
0.000655
-0.000655
0.001238
0.007609
0.009575
-0.000109
-0.008410
-0.005133
0.002985
0.007864
0.008519
0.005825
0.000182
-0.000582
0.000437
0.001347
-0.002512
-0.004041
-0.001238
0.002148
0.004806
0.006626
0.005060
0.002912
0.002330
0.002876
0.002294
0.002257
0.000947
0.000765
0.000582
0.000546
0.001056
-0.000765
-0.003968
-0.004223
0.000619
0.001747
0.001529
0.002039
0.003568
0.005315
0.004769
0.003386
0.002221
0.002512
0.003713
0.000910
-0.000801
-0.001274
-0.000109
0.000510
-0.000036
0.003095
0.004478
0.003277
0.003204
0.002985
0.003095
0.002075
0.003786
0.003932
0.001165
-0.001565
-0.000801
0.001129
0.002002
0.002621
0.000874
0.000728
0.002767
0.002184
0.001529
0.003531
0.004878
0.000473
-0.001165
0.001056
0.002803
0.003058
0.003204
0.005570
0.005170
0.001857
-0.001201
0.000437
0.000182
-0.000874
0.000983
0.004005
0.002658
-0.000619
0.002403
0.009284
0.005789
0.000328
-0.001311
0.001056
0.004587
0.005716
0.006699
0.005097
0.004806
0.002330
0.002985
0.001893
-0.001019
0.000328
-0.000109
0.000182
-0.000109
-0.000364
0.000000
-0.002403
-0.005352
-0.003713
0.002767
0.005352
0.007390
0.007864
0.008483
0.006881
0.005461
0.007754
0.004878
0.004041
0.005424
0.006480
0.006735
0.006225
0.004442
0.000146
-0.001820
-0.000983
-0.001129
0.001493
0.002585
0.004223
0.004951
0.006335
0.006371
0.003823
0.003568
0.005060
0.002512
0.003204
0.005461
0.005716
0.002366
-0.001165
0.002039
0.004369
0.003895
0.001602
0.000291
0.001966
0.003641
0.006699
0.006335
0.002876
0.001711
0.001711
0.006225
0.006589
0.003277
0.001638
0.002803
0.004005
0.001019
0.003531
0.006480
0.004988
0.004769
0.006808
0.008737
0.006626
0.005242
0.006007
0.001930
-0.001056
-0.002184
-0.000291
0.000109
0.001274
0.004405
0.006735
0.008410
0.004587
0.002585
0.002876
0.004915
0.004260
0.002694
0.005679
0.006335
0.004405
0.002112
0.002803
0.004223
0.003167
0.004114
0.004077
0.004187
0.004624
0.005461
0.006007
0.003713
0.004114
0.003604
0.003641
0.003058
0.001238
0.002002
0.003277
0.004842
0.005242
0.004733
0.004806
0.001347
0.001165
0.002912
0.004296
0.003131
0.002075
0.002184
0.001383
0.004332
0.006881
0.006844
0.006225
0.004842
0.004660
0.002403
0.000000
-0.000692
-0.000328
-0.000182
0.002366
0.003895
0.002366
0.002439
0.002403
0.002039
0.003895
0.004806
0.003713
0.003531
0.004405
0.004405
0.003932
0.003677
0.005315
0.005825
0.004842
0.002184
0.002075
0.001638
-0.001966
-0.004041
-0.003495
-0.002840
-0.000036
0.001638
0.001675
0.002912
0.003422
0.003932
0.004878
0.006662
0.009939
0.013579
0.013652
0.008628
0.003895
-0.000874
0.002512
0.006844
0.003568
0.001820
0.001638
-0.001420
-0.006225
-0.005789
-0.003568
-0.003167
0.002912
0.005097
0.005388
0.006116
0.003459
-0.000328
0.000473
0.000364
-0.004187
-0.002840
0.001383
0.002840
0.005388
0.008592
0.006444
0.001893
-0.001201
0.000328
-0.001274
-0.001420
0.001019
0.001638
0.001930
0.003095
0.005097
0.006371
0.004988
0.002002
0.000437
-0.001711
-0.002330
-0.002476
0.000874
0.002658
0.002621
0.002912
0.002912
0.003459
0.002075
0.002694
0.002585
0.000473
-0.000473
-0.001347
0.000728
0.002585
0.002548
0.003386
0.003641
0.002621
0.000619
0.001274
0.001165
0.000291
0.000728
0.001711
0.001274
0.001493
0.002548
0.001857
0.003167
0.004624
0.001529
-0.002294
-0.001638
0.002330
0.004077
0.002658
0.001420
0.000765
0.002112
0.001493
0.001420
0.002184
0.005461
0.004915
0.004332
0.002221
0.000765
-0.000473
-0.000582
-0.000874
0.002403
0.002621
-0.000765
-0.000837
-0.002512
-0.002985
-0.002075
0.000655
0.005607
0.004260
0.003495
0.002075
-0.000837
0.001456
0.004660
0.006444
0.004624
0.002658
0.000218
0.001311
0.001675
0.001638
0.003895
0.004478
0.003022
0.000692
0.000728
0.003058
0.002876
0.002803
0.002876
0.004478
0.008119
0.008483
0.007754
0.003313
0.001966
0.002512
0.003604
0.004005
0.004150
0.004077
0.003968
0.004260
0.004405
0.003677
0.001602
0.000619
0.000255
0.000255
0.000291
0.002730
0.003677
0.002803
0.002912
0.003313
0.005570
0.006335
0.004223
0.001274
-0.001129
0.000546
0.003823
0.004187
0.006189
0.005971
0.007099
0.008519
0.007572
0.007281
0.007609
0.004769
0.002767
0.001857
0.003240
0.005679
0.007136
0.006371
0.006735
0.007900
0.007354
0.006371
0.002912
0.005752
0.007682
0.009101
0.010776
0.002112
-0.004369
-0.007609
-0.006371
0.005861
0.015946
0.020205
0.012997
-0.000983
-0.011213
-0.009502
0.001638
0.012706
0.015764
0.008956
0.001056
-0.002439
0.000182
0.005570
0.004551
0.002294
-0.000291
0.001820
0.005024
0.005279
0.003095
-0.001311
-0.002876
-0.000619
0.006116
0.011468
0.010485
0.008555
0.000692
-0.005170
-0.005279
-0.003823
-0.004260
-0.005716
-0.002476
0.001165
0.003240
0.005352
0.006444
0.003968
0.003167
0.004187
0.004332
0.002403
0.000109
0.000182
0.001092
0.002075
0.001529
-0.001092
-0.003131
-0.001201
0.002257
0.002148
0.002548
0.000983
0.002912
0.005789
0.005352
0.004041
0.000655
-0.000510
-0.001201
-0.001165
-0.002148
-0.003313
-0.000364
0.004915
0.008628
0.009538
0.007645
0.004442
0.001784
0.000000
-0.002621
-0.000983
0.001784
0.001238
-0.003095
-0.004769
-0.001383
0.005570
0.013616
0.016528
0.011031
0.000947
-0.007937
-0.012888
-0.009575
0.000765
0.011905
0.018239
0.017256
0.010703
0.004988
-0.003022
-0.008519
-0.009830
-0.007791
-0.001274
0.006553
0.013507
0.016710
0.013543
0.006444
-0.002694
-0.008301
-0.005097
-0.001347
0.002730
0.006480
0.009138
0.009720
0.007754
0.003495
0.000765
-0.001857
-0.002112
0.000073
0.003058
0.005315
0.005424
0.006262
0.004806
0.000619
-0.002184
-0.002876
-0.002621
-0.000109
0.002221
0.003531
0.003604
0.002476
0.000364
-0.000546
-0.002621
-0.002257
-0.000619
0.001638
0.003641
0.002184
0.002512
0.001529
-0.000765
0.000073
0.002512
0.002658
0.003677
0.005206
0.005461
0.002585
0.000947
0.000146
0.000291
-0.000983
-0.001056
-0.000146
0.000510
-0.000910
-0.001893
-0.001966
-0.001493
0.001238
0.001784
0.002112
0.004077
0.003459
0.002330
0.003349
0.002949
0.001675
0.000692
0.002912
0.004296
0.003568
0.000619
0.000146
0.000510
0.000874
0.000218
-0.000036
-0.000582
0.000837
0.002585
0.003750
0.007208
0.007427
0.006225
0.003895
-0.000947
-0.004624
-0.005352
-0.005097
-0.002912
0.001165
0.002876
-0.000728
-0.002658
-0.001602
0.000182
0.000582
0.000328
0.001383
0.002585
0.004332
0.005352
0.004878
0.000473
-0.000328
0.002330
0.000692
-0.001019
0.001602
0.005861
0.007827
0.004988
0.003568
0.003495
0.001019
-0.000182
-0.000364
-0.000073
-0.001347
0.003204
0.005315
0.004005
0.003786
0.003422
0.002330
-0.000692
-0.004478
-0.005424
-0.000146
0.002075
0.002002
0.001420
0.001311
0.000255
-0.000947
-0.000801
0.001493
0.003277
0.003895
0.003823
0.004878
0.002257
0.001565
0.002148
0.000655
0.000146
0.000910
0.001347
0.001056
0.000437
0.002330
0.004405
0.005242
0.005170
0.005388
0.005097
0.004988
0.005279
0.003531
0.002184
0.002985
0.003859
0.004624
0.004696
0.003386
0.002512
0.004223
0.003568
-0.000510
0.000947
0.001784
0.001638
0.002330
0.004514
0.004369
0.002694
-0.001420
-0.002512
-0.000837
0.000000
0.001602
0.006189
0.010048
0.005716
0.001129
0.002112
0.003932
0.004187
0.003349
0.006480
0.009065
0.005242
0.001529
0.002658
0.005752
0.002184
-0.003022
-0.000874
0.003750
0.002002
0.000000
0.002767
0.003568
0.001820
0.003131
0.005789
0.003095
-0.001092
0.000655
0.004624
0.004624
0.002403
0.002949
0.003823
0.001820
0.000874
0.004223
0.006298
0.003641
0.000328
0.001201
0.001857
0.002840
0.000619
0.000837
0.000765
-0.000036
0.001019
0.002730
0.002658
0.001529
0.001456
0.002294
0.001092
0.001238
0.003058
0.004733
0.004514
0.001711
0.001347
0.001638
0.000036
-0.002730
0.001820
0.003495
0.002002
0.007390
0.007390
0.000983
-0.001711
-0.003240
-0.000837
0.002840
0.003641
0.005679
0.007136
0.004842
0.002548
0.003422
0.000619
-0.002439
-0.001347
0.000728
0.002112
0.002002
0.002585
0.002002
0.001420
0.002184
0.002439
0.003713
0.004114
0.003313
0.002767
0.001638
0.003750
0.004587
0.001747
-0.000837
-0.000546
-0.000837
0.000983
0.006225
0.005424
0.000437
0.000036
0.001165
0.001347
0.000218
-0.000728
0.001165
0.004114
0.006407
0.005716
0.003386
0.001820
0.002257
0.002512
0.003349
0.004806
0.006844
0.007136
0.003313
-0.001420
-0.001966
-0.002730
-0.002002
-0.000036
0.006189
0.011140
0.008228
0.004296
0.001893
0.000837
-0.002366
-0.004405
-0.003240
0.001456
0.003240
0.004733
0.009174
0.011941
0.008082
0.001675
0.000000
-0.001747
-0.003568
-0.001930
0.001383
0.001893
-0.001201
-0.000510
0.000655
0.001347
0.001675
0.001711
0.002840
0.003641
0.004478
0.003022
0.003022
0.001056
0.000655
0.000546
0.001238
0.001966
0.002512
0.002730
0.001638
0.000837
0.000728
0.001930
0.003349
0.003459
0.002949
0.004260
0.004624
0.001129
0.002512
0.001420
0.000255
0.003313
0.006772
0.007682
0.005279
0.001311
-0.002403
-0.001420
0.001857
0.002840
0.003277
0.004733
0.004806
0.003932
0.004442
0.005825
0.004951
0.005206
0.002985
0.002366
0.000728
-0.002548
-0.002585
-0.001311
0.003349
0.005898
0.006589
0.006699
0.006480
0.003895
0.000983
0.002876
0.003495
0.002039
0.005133
0.008373
0.008919
0.009101
0.009793
0.006553
0.002949
0.002221
0.001274
0.000073
-0.000109
0.001456
0.003204
0.003677
0.002548
-0.000437
-0.001857
0.000146
0.003531
0.005242
0.006371
0.006662
0.005461
0.002112
0.000837
0.001456
0.003058
0.005170
0.006225
0.005534
0.003968
0.002949
0.002439
0.002621
0.004514
0.005315
0.007136
0.007827
0.007973
0.004077
0.000437
0.001129
0.005060
0.006954
0.006189
0.001565
-0.002439
-0.001930
-0.003313
-0.006990
-0.007754
-0.005570
-0.001638
0.003277
0.005534
0.006662
0.007354
0.008446
0.006043
0.005170
0.007026
0.007208
0.005898
0.005461
0.005971
0.004951
0.003677
0.001966
0.001019
0.002075
0.001747
0.000765
0.001274
0.003058
0.003677
0.002585
0.001456
0.002112
0.004223
0.005825
0.005570
0.005789
0.007390
0.008883
0.008665
0.006189
0.003968
0.003823
0.004114
0.003968
0.003131
0.002257
0.001056
-0.000728
-0.002184
-0.000546
0.001092
0.001493
0.002803
0.003495
0.003204
0.002294
0.002985
0.004296
0.004733
0.005242
0.005679
0.005279
0.002876
-0.001165
-0.002221
-0.001675
-0.000947
0.001019
0.004369
0.004806
0.002439
0.001493
0.001747
0.002184
0.002148
0.003531
0.003568
0.003058
0.003677
0.002949
0.003167
0.003095
0.001347
0.002512
0.002257
0.001529
0.002330
0.003677
0.003313
0.002803
0.002767
0.003277
0.002949
0.001238
0.001820
0.002876
0.002148
0.002730
0.002548
0.002075
0.001602
0.000328
0.005898
0.006881
0.001638
0.004150
0.005497
0.002112
0.002112
0.002512
0.001565
0.002585
0.002949
0.003568
0.004624
0.005279
0.003058
-0.000218
-0.000765
0.001311
0.004551
0.006335
0.008155
0.008264
0.005242
0.004769
0.004405
0.002184
0.002112
0.005388
0.006662
0.002257
-0.000036
0.001930
0.003641
0.003531
0.002257
0.002949
0.005934
0.004442
0.004114
0.005279
0.004660
0.004587
0.004842
0.004296
0.005497
0.006735
0.005971
0.005752
0.004077
0.003495
0.004114
0.005898
0.004842
0.004806
0.005534
0.003786
0.004733
0.003058
0.002330
0.005352
0.004696
0.003095
0.001820
0.003058
0.004514
0.004041
0.003422
0.002039
0.002585
0.002330
-0.000146
0.001165
0.002439
0.001201
0.001820
0.002876
0.004733
0.004915
0.004296
0.002767
0.001456
0.002439
0.002621
0.004260
0.006662
0.006772
0.007390
0.007536
0.006043
0.003823
0.002767
0.003204
0.001711
0.000837
0.001019
0.000364
-0.000947
0.002658
0.008373
0.004332
-0.000036
-0.001857
-0.002694
-0.001347
-0.000837
0.001019
0.006735
0.006917
0.003058
0.001347
0.002476
0.002403
0.001129
0.002184
0.005060
0.006917
0.006553
0.005534
0.004806
0.004624
0.004587
0.006735
0.007281
0.007390
0.007318
0.005534
0.004915
0.002585
0.002330
0.002585
0.001711
0.004878
0.009029
0.008555
0.005789
0.004077
0.004187
0.003095
0.003131
0.001893
0.002621
0.006407
0.008046
0.008410
0.008519
0.007572
0.006772
0.007864
0.007900
0.008119
0.007063
0.005024
0.006189
0.005971
0.005060
0.006517
0.006917
0.007427
0.006881
0.007463
0.007026
0.005352
0.006262
0.005716
0.005643
0.005607
0.006589
0.007645
0.008956
0.009356
0.010012
0.009648
0.008555
0.004951
0.000182
-0.001238
0.001092
0.003786
0.006990
0.009575
0.007099
0.003568
0.004696
0.009502
0.012487
0.017803
0.011796
0.000655
-0.013252
-0.017366
-0.010521
0.005497
0.018567
0.024683
0.023191
0.012815
-0.000400
-0.010922
-0.015436
-0.012961
-0.009757
-0.005388
0.000182
0.006553
0.012888
0.014089
0.009575
0.002730
-0.003604
-0.006480
-0.005060
-0.002949
-0.002476
-0.004187
-0.006153
-0.003641
0.001675
0.005497
0.006844
0.007718
0.006335
0.000510
-0.005607
-0.008774
-0.006735
-0.003932
0.001165
0.008446
0.009466
0.001675
-0.009429
-0.012269
-0.005133
0.004150
0.007754
0.003422
0.000546
-0.002112
-0.000255
0.001930
0.000255
-0.004442
-0.005024
-0.002985
-0.001565
-0.001347
0.001311
0.004405
0.008810
0.009975
0.005206
-0.001311
-0.005716
-0.006954
-0.006153
-0.004951
-0.002840
0.000291
0.005060
0.007427
0.004988
0.000182
-0.005934
-0.009065
-0.007718
-0.003240
0.001602
0.004878
0.005060
0.006662
0.008446
0.006007
0.002112
0.000000
-0.002985
-0.002148
-0.001675
-0.000910
-0.000947
0.002221
0.003240
0.002366
-0.001092
-0.002585
-0.001165
-0.000983
0.001165
0.003823
0.003349
0.003204
0.003240
0.001274
-0.000400
-0.002585
-0.003022
-0.002330
-0.000837
0.001019
0.002548
0.003495
0.004260
0.003058
0.003313
0.001893
0.000073
-0.001201
-0.000255
0.000364
0.000728
0.001602
0.002585
0.002148
0.002221
0.001711
0.001602
0.002148
0.004223
0.003495
0.003095
0.004587
0.002985
-0.000801
-0.003750
-0.002840
0.000109
0.001165
0.002439
0.004587
0.003204
0.001347
0.000473
0.002548
0.003495
0.001747
-0.001274
-0.001347
-0.001893
-0.003277
-0.003531
-0.000036
-0.000255
-0.001420
-0.001347
0.001675
0.000728
-0.000947
0.001966
0.006626
0.006735
0.002330
0.001274
0.003495
0.003349
0.004296
0.004041
0.002257
0.000473
0.001493
0.004005
0.002949
-0.000510
-0.002148
0.001747
0.004150
0.001420
0.001456
0.005097
0.005170
0.003677
0.001129
0.002148
0.002694
0.001820
0.001747
0.003131
0.004114
0.004369
0.003022
0.004041
0.002803
0.003422
0.004842
0.003677
0.003932
0.001129
-0.000255
0.000910
0.001493
0.001274
0.000692
0.001420
0.002184
0.002403
0.003349
0.002476
0.006225
0.006626
0.004951
0.003604
0.005206
0.004551
0.001893
0.002148
-0.000364
0.000146
0.004332
0.005497
0.004806
0.004478
0.008009
0.011978
0.008228
0.003713
0.003277
0.003677
0.000837
-0.000146
0.001893
0.004587
0.008119
0.012524
0.011031
0.000036
-0.009101
-0.007791
-0.000291
0.004260
0.010703
0.014453
0.005170
-0.000765
0.000655
0.001383
-0.001383
-0.005789
-0.004878
0.001529
0.008519
0.010048
0.003604
-0.003859
-0.006007
-0.004733
-0.002621
-0.001347
0.001565
0.010667
0.015291
0.009575
-0.001493
-0.007136
-0.009138
-0.008446
0.001129
0.008046
0.007026
0.001493
-0.001966
-0.002257
0.001092
0.002548
0.003204
0.006298
0.008155
0.006662
0.004260
0.003204
-0.003058
-0.006808
-0.004296
0.000182
0.007136
0.011031
0.003750
-0.007354
-0.004624
0.001274
0.001274
-0.001201
-0.001274
0.004187
0.010776
0.009939
0.001238
-0.009065
-0.008519
0.002694
0.007245
0.000510
-0.004769
0.002621
-0.003422
-0.015618
-0.000655
0.004514
0.001311
0.010703
0.009830
-0.008446
-0.012196
0.002548
0.003495
-0.002366
-0.001602
0.000837
0.000146
-0.002585
0.001456
0.008701
0.002148
-0.009866
-0.010412
-0.001092
0.004114
0.003786
0.000983
0.000255
0.000146
-0.002512
-0.003823
-0.002221
-0.000692
0.002476
0.005461
0.003240
0.000109
0.002476
0.002366
-0.003386
-0.008665
-0.010703
-0.007864
-0.003677
-0.000874
0.002257
0.002621
-0.000218
-0.000437
0.001675
0.000400
-0.001820
-0.002294
-0.003313
-0.001893
0.000328
0.001711
-0.000874
0.000400
0.003022
-0.000036
-0.004769
-0.004405
0.000582
0.001238
-0.001347
-0.001201
0.000000
0.001857
0.001747
0.000109
-0.002803
0.000073
-0.000801
-0.006080
-0.002840
0.002002
0.002985
0.001092
0.000000
0.000000
0.000801
0.001056
0.001966
0.002184
0.000364
-0.002221
-0.001383
0.001966
0.000437
-0.003604
-0.004041
-0.003167
0.001930
0.003895
0.005170
0.002512
0.000510
-0.001966
-0.003277
-0.000146
0.002075
0.003713
0.001529
0.001129
0.001711
0.000582
0.000146
-0.000692
-0.001019
0.001565
0.002730
0.003531
0.003677
0.003568
0.001311
0.002548
0.005898
0.001092
-0.008373
-0.005971
0.009611
0.009174
-0.009684
-0.014854
-0.000073
0.010995
0.005789
-0.001638
-0.002403
-0.001420
-0.001784
-0.004260
-0.001893
0.000546
0.004332
0.007136
0.003459
-0.002912
-0.005934
-0.002803
0.002330
0.005497
0.004951
0.001274
-0.001311
-0.001311
0.000837
0.001930
0.002767
0.003167
0.001056
0.000255
-0.000073
-0.000291
-0.000582
-0.003058
-0.004769
-0.003240
0.001311
0.000619
0.001311
0.003131
0.001930
0.002366
0.000582
0.000546
0.001857
0.003058
0.003568
0.003677
0.003459
0.004405
0.002403
0.000364
0.000182
0.003313
0.000801
-0.003313
-0.002912
0.001602
0.002585
0.003277
0.002803
0.000109
-0.001893
-0.001456
0.000546
0.002366
0.004660
0.005352
0.003022
-0.000546
-0.003677
-0.004369
-0.002366
0.002767
0.007245
0.007827
0.005679
0.003349
0.001602
-0.001493
-0.004733
-0.003641
0.000400
0.004878
0.008919
0.013470
0.013397
0.012196
0.007500
-0.000473
-0.009939
-0.011359
-0.009466
0.000000
0.009065
0.012779
0.008737
0.002949
0.000437
0.000328
0.000255
0.001347
0.004041
0.005388
0.004260
0.002002
0.001893
0.003204
0.005825
0.007427
0.006335
0.000692
-0.004988
-0.007245
-0.001893
0.003313
0.008337
0.012888
0.008774
0.002803
-0.000510
-0.001930
-0.002039
-0.001857
0.001857
0.005133
0.004187
0.002840
0.002330
0.001675
-0.001966
-0.002439
0.001383
0.004988
0.005898
0.005716
0.004187
0.001493
0.000546
0.002039
0.004878
0.006444
0.004842
0.000910
-0.001311
0.000400
0.002002
0.001565
0.002257
0.002912
0.004041
0.003131
0.002257
0.001747
0.001311
0.000874
0.000146
0.002439
0.002548
0.002403
0.003204
0.004660
0.003095
0.001565
0.000000
0.001383
0.003859
0.004369
0.003641
0.001966
-0.001784
-0.002767
0.000400
0.004624
0.006225
0.005898
0.004696
0.003495
0.003713
0.002840
0.001784
0.001165
0.001784
0.002694
0.003641
0.004514
0.005133
0.004514
0.003786
0.003022
0.002912
0.001675
0.001565
0.000655
0.002330
0.005679
0.007864
0.008155
0.006954
0.004478
0.001820
0.001893
0.002148
0.003095
0.005133
0.006116
0.006881
0.007208
0.007536
0.007245
0.006407
0.006990
0.008155
0.006444
0.006080
0.007900
0.009029
0.007609
0.007245
0.008009
0.008301
0.007682
0.006881
0.006589
0.007099
0.007937
0.007500
0.006589
0.006080
0.006589
0.006553
0.006844
0.006517
0.005170
0.004005
0.004041
0.004077
0.002439
0.002112
0.002840
0.002403
0.003277
0.004260
0.003531
0.002840
0.004005
0.005133
0.003895
0.002039
0.002439
0.003131
0.003641
0.004660
0.005206
0.004951
0.002876
0.000000
0.000182
0.001456
0.002112
0.002548
0.004187
0.004332
0.005643
0.003604
0.001019
0.001930
0.001201
-0.000947
-0.000510
0.002694
0.003932
0.003531
0.002840
0.001675
0.001638
0.001747
0.001711
0.003459
0.001966
0.001238
0.003859
0.006954
0.005315
0.003604
0.004733
0.003604
0.001493
0.000036
0.000947
0.002403
0.000874
0.001092
0.002403
0.002840
0.002548
0.001238
0.002075
0.004332
0.005170
0.000837
0.001638
0.008555
0.004624
0.001784
0.006080
0.007754
0.003386
0.000765
0.002585
0.003713
0.002985
0.003786
0.004369
0.003604
0.001675
0.002039
0.002039
0.002075
0.003677
0.004878
0.002840
0.000364
-0.002257
-0.000582
0.002330
0.002002
0.003349
0.003932
0.003604
0.001092
0.000473
0.001930
0.004260
0.003932
0.003495
0.004369
0.003313
0.001930
0.003240
0.001893
-0.000400
-0.002730
-0.002221
0.000765
0.001930
0.002039
0.001383
0.001820
-0.000036
-0.000400
0.000328
-0.001675
-0.006371
-0.003240
0.009757
0.013434
0.007754
0.003204
-0.001675
-0.004514
-0.004041
-0.001565
0.002840
0.007099
0.010776
0.013361
0.011286
0.004187
-0.000983
-0.003604
-0.003641
-0.001056
0.000983
0.001129
0.004005
0.005825
0.004733
0.006262
0.007245
0.006917
0.005934
0.005534
0.007463
0.004150
0.000874
0.003713
0.001383
-0.002002
-0.001930
0.002767
0.009247
0.010740
0.010376
0.014053
0.007791
-0.000983
-0.000619
0.001857
0.002075
0.002075
0.005315
0.008082
0.007572
0.008919
0.009720
0.008883
0.008628
0.006699
0.005060
0.004442
0.004369
0.006262
0.008883
0.008847
0.008774
0.009247
0.007900
0.006043
0.005133
0.005133
0.006662
0.007463
0.006116
0.006844
0.008228
0.007063
0.005279
0.005060
0.007172
0.008191
0.004769
0.001129
0.004514
0.007245
0.005388
0.004150
0.004988
0.006371
0.004769
0.005315
0.003204
-0.002548
-0.003786
-0.001383
0.000510
0.001311
0.004806
0.006371
0.006225
0.002512
-0.001056
-0.001747
-0.000036
-0.000255
-0.003641
-0.007500
-0.010230
-0.002512
0.011686
0.017329
0.006954
-0.009902
-0.021807
-0.026613
-0.009320
-0.000728
-0.010558
0.002985
0.014963
0.026649
0.026758
0.004988
-0.005934
0.001675
0.008155
0.002039
-0.010121
-0.017256
-0.020133
-0.018057
-0.008665
0.004878
0.016128
0.019332
0.012997
0.006080
0.004806
0.002403
-0.000073
-0.002112
-0.006043
-0.009284
-0.007427
-0.005934
-0.003968
-0.003386
-0.001056
0.004587
0.006589
0.006589
0.006735
0.002621
-0.000255
-0.002730
-0.004696
-0.006553
-0.008628
-0.009065
-0.009902
-0.010521
-0.008337
-0.004296
0.002476
0.009939
0.013143
0.011614
0.005898
-0.001820
-0.010740
-0.015545
-0.015036
-0.006626
0.001092
0.004624
0.007390
0.007281
0.004005
0.001129
-0.001056
-0.003750
-0.004806
-0.003968
-0.000291
0.003095
0.008119
0.007791
0.003786
-0.000874
-0.004296
-0.004951
-0.002184
0.001893
0.003823
0.001893
-0.001347
-0.001383
-0.001966
-0.002512
-0.003459
-0.001493
-0.002002
-0.002439
-0.000765
0.000000
0.002221
0.005679
0.004951
0.001456
-0.002439
-0.002002
-0.000619
-0.002840
-0.001820
0.002039
0.003022
0.002730
0.005024
0.005716
0.006480
0.007645
0.005716
0.003713
0.001675
0.006080
0.014963
0.019004
0.017803
0.002221
-0.014490
-0.021989
-0.024610
-0.027559
-0.026831
-0.015655
-0.005752
0.004951
0.014999
0.020169
0.015837
0.008119
0.004769
-0.004624
-0.014053
-0.012305
0.000146
0.009939
0.011249
0.007973
0.002767
-0.000437
-0.011067
-0.023700
-0.024210
-0.017548
-0.005534
0.003386
0.007318
0.013725
0.015618
0.006662
-0.002148
-0.006517
-0.012232
-0.013252
-0.004150
0.008264
0.012924
0.010339
0.008119
0.001857
-0.007572
-0.015691
-0.020533
-0.019040
-0.013943
-0.005825
0.001201
0.007572
0.010521
0.008737
0.003495
-0.005024
-0.010012
-0.011796
-0.008628
-0.004041
0.000000
0.003167
0.002330
-0.002184
-0.005060
-0.004988
-0.003932
-0.003750
-0.004041
-0.002294
-0.001493
-0.002112
-0.003058
-0.002112
-0.001638
-0.004988
-0.005097
-0.004733
-0.004951
-0.003386
-0.000400
0.000146
-0.000874
-0.001565
0.000255
0.001383
0.000765
-0.001565
-0.003022
-0.005170
-0.004951
-0.003713
-0.001930
0.004514
0.008009
0.004514
0.000073
-0.005898
-0.012378
-0.012160
-0.003968
0.009174
0.014235
0.005971
-0.007427
-0.009611
-0.003022
0.000947
-0.000364
-0.003568
-0.006043
-0.002002
0.004478
0.003786
0.000364
-0.000728
-0.002330
-0.003204
0.000291
0.004696
0.002840
-0.000036
-0.002039
-0.002912
-0.002585
-0.001383
0.000765
0.002148
0.002949
0.001820
-0.000146
-0.001857
-0.003677
-0.003750
-0.003677
-0.003422
-0.004041
-0.004442
-0.000910
0.002658
0.004187
0.002840
0.002148
0.001930
0.000692
-0.000146
-0.001311
-0.000255
0.002694
0.002621
-0.001019
-0.004842
-0.005679
-0.003422
-0.000073
0.000765
-0.000619
-0.001201
-0.000983
-0.000801
-0.002294
-0.003349
-0.004660
-0.003604
0.002002
0.006225
0.002512
-0.001019
-0.000619
-0.002148
-0.004514
-0.001201
0.004260
0.009211
0.009429
0.009830
0.009174
0.004296
0.000364
-0.000910
-0.003531
-0.006589
-0.005679
-0.000328
0.003677
0.004077
0.003131
0.003422
0.001711
0.000765
0.001565
0.000619
-0.000728
-0.000728
0.002112
0.002621
0.002330
-0.000218
-0.000328
0.004660
0.009757
0.014126
0.014053
0.013543
0.010958
0.004041
-0.007172
-0.012160
-0.006335
0.001274
0.008301
0.008264
-0.000036
-0.006553
-0.007063
-0.000510
-0.001383
-0.005242
-0.006444
-0.002221
-0.000437
-0.000510
0.002876
0.006881
0.010703
0.004878
-0.000728
-0.005352
-0.006080
-0.001966
0.007063
0.012888
0.012123
0.007536
-0.001930
-0.010449
-0.013725
-0.008665
-0.003568
0.001493
0.007136
0.008009
0.000473
-0.006844
-0.010521
-0.010485
-0.005679
0.001747
0.007318
0.008046
0.002985
-0.002694
-0.006043
-0.008956
-0.007281
-0.003495
0.000546
0.003531
0.003459
0.002366
0.001165
-0.000073
-0.001966
-0.004369
-0.005352
-0.005607
-0.003604
-0.001493
0.000364
0.002330
0.001747
0.000874
-0.001129
-0.000765
0.000910
0.002876
0.002803
0.002985
0.003058
0.002403
0.000582
-0.001638
-0.003386
-0.002257
-0.000182
0.002002
0.004514
0.008155
0.009029
0.004951
0.001019
0.000073
0.000109
-0.001420
-0.001784
-0.000036
0.003531
0.001820
-0.001092
0.003531
0.005716
-0.000765
-0.004806
-0.002730
-0.000546
-0.000692
-0.000073
0.003604
0.004769
0.002548
0.001238
0.000765
0.000692
0.002039
0.003204
0.002366
0.000109
-0.000655
-0.001274
0.001129
0.005570
0.008919
0.008737
0.008228
0.006444
0.005934
0.008301
0.011140
0.011832
0.007099
0.003058
0.003386
0.002512
0.004442
0.005934
0.002039
-0.005315
-0.010121
-0.011796
-0.012596
-0.011213
-0.006917
-0.003058
0.000546
0.002548
0.006189
0.009939
0.009502
0.009138
0.012997
0.030508
0.052570
0.061599
0.036370
-0.011431
-0.049257
-0.056575
-0.039901
-0.018749
-0.000364
-0.000364
-0.013143
-0.029416
-0.035168
-0.029052
-0.016055
-0.003459
-0.003349
-0.014781
-0.028251
-0.030836
-0.019332
0.002548
0.022608
0.033311
0.034913
0.026067
0.013070
0.004478
0.000182
-0.004114
-0.010703
-0.016091
-0.016710
-0.009502
0.004442
0.017912
0.022681
0.018021
0.009138
0.000910
-0.002221
0.000546
0.006407
0.009575
0.008592
0.006043
0.003531
0.003932
0.006844
0.006480
0.002585
-0.004769
-0.015363
-0.024392
-0.024574
-0.017693
-0.012924
-0.011686
-0.011541
-0.008992
-0.005898
-0.002767
-0.002112
-0.003349
-0.007864
-0.008810
-0.006189
-0.004405
-0.002621
0.000473
-0.001675
-0.004405
-0.006371
-0.005279
-0.004442
-0.001456
-0.000437
-0.002512
-0.003386
-0.003459
-0.003786
-0.001711
0.002184
0.003750
0.003313
0.001820
0.005934
0.010230
0.011468
0.009902
0.006589
0.006043
0.003058
-0.005534
-0.010084
-0.008373
-0.008847
-0.011541
-0.014235
-0.013725
-0.010740
-0.007390
-0.003604
0.001274
0.001966
0.001274
0.002694
0.004150
0.003859
0.003131
0.000255
-0.003641
-0.005898
-0.005024
-0.001784
-0.002366
-0.004551
-0.009793
-0.011395
-0.009502
-0.005461
-0.000692
0.001966
0.000510
-0.003313
-0.006954
-0.008919
-0.007063
-0.000182
0.006043
0.008301
0.005643
0.002694
0.002621
0.000910
-0.001638
-0.003859
-0.002803
-0.001747
-0.002221
-0.001857
-0.003386
-0.004878
-0.005388
-0.004187
-0.000582
0.000692
0.000874
0.001383
0.001092
0.001274
0.001966
0.000947
-0.001347
-0.002366
-0.002985
-0.002403
-0.001201
-0.001456
-0.002512
-0.004951
-0.004624
-0.001529
-0.002257
-0.003204
-0.003386
-0.000947
0.001565
0.005279
0.007609
0.008228
0.004442
-0.009502
-0.024610
-0.028943
-0.010194
0.015181
0.029817
0.028178
0.021844
0.012451
-0.003131
-0.016528
-0.025848
-0.031054
-0.025848
-0.018349
-0.003313
0.018130
0.034804
0.038190
0.026322
0.001857
-0.028906
-0.044306
-0.042013
-0.022535
0.009648
0.034659
0.038481
0.028324
0.010740
-0.009356
-0.023009
-0.026722
-0.026795
-0.020387
-0.004878
0.008810
0.015800
0.016346
0.010339
-0.001347
-0.008847
-0.011031
-0.013689
-0.008774
-0.002912
0.000437
0.005170
0.005934
0.000910
-0.005752
-0.010558
-0.014162
-0.012050
-0.013361
-0.005097
-0.000364
-0.004587
0.001456
0.006298
0.004114
-0.001274
-0.006189
-0.009866
-0.014271
-0.010339
-0.001602
0.003677
0.004769
0.000182
-0.005789
-0.008337
-0.006553
-0.000364
-0.001930
-0.010703
-0.013834
-0.006371
-0.001638
-0.004514
-0.006662
-0.005279
-0.003968
-0.003895
-0.007208
-0.008628
-0.009174
-0.004806
0.000400
0.005861
0.005825
0.001383
-0.000910
-0.007645
-0.013470
-0.016601
-0.017548
-0.005570
0.003932
0.002512
0.002221
0.002694
0.000765
-0.002985
-0.005643
-0.011395
-0.006589
-0.001565
0.003131
0.006189
0.000655
-0.004041
-0.003786
-0.007463
-0.009029
-0.007281
-0.005570
-0.004878
-0.001966
-0.000109
-0.001129
-0.000728
-0.003386
-0.003677
-0.002658
-0.002876
-0.002075
-0.001930
-0.003386
-0.005279
-0.005206
-0.005388
-0.004842
-0.001857
-0.001820
0.002148
0.003240
-0.001056
-0.004223
-0.007172
-0.008082
-0.006881
-0.003531
-0.001529
-0.002949
-0.000874
0.000983
0.001784
0.000655
-0.002075
-0.001383
-0.001019
-0.003823
-0.003349
0.000874
-0.000036
-0.003531
-0.003167
-0.006225
-0.007973
-0.004733
0.001565
0.006262
0.008373
0.008228
0.006808
0.003604
-0.000837
0.003604
-0.006662
-0.011577
-0.002876
0.000036
0.001675
0.001857
0.001019
0.000765
-0.002184
-0.006189
-0.009211
-0.009138
-0.008555
-0.005279
-0.001311
0.001529
0.004696
0.007172
0.006808
0.005461
0.004696
0.002803
0.002476
0.004260
0.005971
0.005060
0.003495
0.004915
0.004296
0.000328
-0.001201
-0.003240
-0.003240
0.000947
0.007718
0.010776
0.008009
0.003240
0.002148
0.004077
0.005097
0.005643
0.005971
0.005352
0.004005
0.005024
0.004696
0.002585
-0.000473
-0.004187
0.003495
0.012779
0.011686
0.007645
0.004587
-0.000218
-0.002439
0.005424
0.013143
0.013834
0.011504
0.009830
0.004514
-0.001238
-0.004733
-0.002694
-0.005242
-0.013361
-0.012269
-0.004187
0.003349
0.006954
0.007427
0.012378
0.019404
0.019950
0.008155
-0.009575
-0.020060
-0.014235
-0.002585
0.005279
0.011759
0.008737
0.006407
0.009793
0.007172
0.004514
0.001274
-0.002548
-0.001638
-0.005716
-0.008847
-0.007463
-0.006262
-0.003713
0.003568
0.015036
0.019987
0.012742
-0.000473
-0.016892
-0.027632
-0.020970
-0.008483
-0.000983
0.010521
0.022572
0.015691
-0.000255
-0.009902
-0.015291
-0.017803
-0.013616
-0.001602
0.007973
0.011031
0.011104
0.005497
-0.001019
-0.004733
-0.004878
-0.000328
0.002730
0.004296
0.001311
-0.000328
0.002730
0.005534
0.001311
-0.007099
-0.012160
-0.016456
-0.018203
-0.016201
-0.010157
-0.005643
0.000874
0.006116
0.001784
-0.005716
-0.009502
-0.009757
-0.007536
-0.002366
0.006626
0.010303
0.009065
0.000801
-0.006808
-0.011686
-0.012961
-0.016164
-0.018421
-0.015145
-0.007208
-0.006116
-0.008810
-0.006917
-0.001056
0.004150
0.005097
0.002148
-0.001420
-0.003568
-0.005934
-0.007099
-0.005752
-0.001930
0.000983
0.000364
-0.000619
-0.003313
-0.007937
-0.009866
-0.011213
-0.007063
0.000328
0.003095
0.001165
-0.000473
-0.002184
-0.004806
-0.003277
0.000765
-0.001165
-0.004223
-0.009611
-0.013834
-0.007645
-0.002803
-0.000109
0.005607
0.003531
-0.004514
0.005315
0.003641
0.000582
0.008592
0.004878
-0.013106
-0.022936
-0.023373
-0.013361
-0.001347
0.009247
0.011468
0.007937
0.001602
-0.003895
-0.001274
0.002548
0.004624
0.003386
-0.003313
-0.003968
-0.002148
0.001201
0.006225
0.008337
0.004551
-0.002876
-0.006808
-0.009211
-0.012342
-0.006626
0.003349
0.011759
0.012487
0.009502
0.008337
0.003568
-0.003313
-0.005643
-0.004077
-0.004223
-0.004223
-0.001638
-0.000582
-0.003022
-0.004660
-0.003932
-0.002585
-0.001311
-0.000400
0.001784
0.004660
0.000837
-0.007063
-0.011431
-0.009211
-0.010121
-0.004878
0.003058
0.005060
0.004041
0.002112
0.002548
0.002330
0.001383
-0.000073
-0.001456
-0.002694
-0.003859
-0.006153
-0.007973
-0.003859
0.000983
0.003058
0.004369
0.003531
0.001930
0.001456
0.001420
0.002184
0.003240
0.002767
-0.000109
-0.003968
-0.005206
-0.002876
-0.001274
0.001784
0.003823
0.002949
0.002585
0.000947
-0.000910
-0.003167
-0.003786
-0.001420
0.001638
0.003167
0.000728
-0.001711
-0.003349
-0.003459
0.000036
0.002039
0.002221
0.002184
0.001129
0.000109
0.000000
0.000146
-0.002403
-0.004223
-0.003968
-0.003240
-0.002366
0.000582
0.004114
0.005534
0.005898
0.005424
0.004114
0.002803
0.001602
-0.000947
-0.003932
-0.005971
-0.004696
0.000182
0.004405
0.006189
0.007427
0.009720
0.008810
0.003932
0.000364
-0.000947
-0.003713
-0.007609
-0.009284
-0.005934
0.000036
0.004187
0.004915
0.008847
0.010995
0.008119
0.004624
0.001056
-0.002694
-0.007245
-0.007973
-0.005898
-0.003823
0.000218
0.001092
0.001456
0.000582
-0.000546
0.002439
0.008119
0.010012
0.003277
-0.004296
-0.009393
-0.010740
-0.006116
0.001638
0.007318
0.007572
0.004878
0.001238
-0.001493
-0.004733
-0.005242
-0.000546
0.002985
0.000073
-0.002294
-0.002730
-0.003277
-0.002694
0.001347
0.005388
0.005170
0.000182
-0.005643
-0.005024
0.000582
0.002112
-0.000146
-0.000473
0.000910
0.001092
-0.001274
-0.003531
-0.003204
0.002294
0.009320
0.012524
0.008119
-0.001311
-0.006262
-0.004733
-0.002112
0.000765
0.005170
0.008191
0.006189
-0.000036
-0.003932
-0.003713
-0.002730
-0.002548
0.001529
0.006808
0.008119
0.004478
-0.003277
-0.008155
-0.007973
-0.006371
0.000146
0.007136
0.010922
0.008082
0.000655
-0.005024
-0.005570
0.001129
0.008774
0.013798
0.015145
0.008373
-0.006626
-0.022899
-0.029380
-0.023445
-0.008592
0.007536
0.029198
0.048748
0.051624
0.034476
0.005825
-0.018276
-0.033967
-0.046927
-0.055774
-0.054391
-0.032838
0.006954
0.054864
0.083697
0.070992
0.027996
-0.022280
-0.060543
-0.072594
-0.054354
-0.017475
0.019186
0.042668
0.046272
0.030508
0.000910
-0.026940
-0.037680
-0.030799
-0.014016
0.003968
0.017329
0.017730
0.008228
-0.004332
-0.012487
-0.012232
-0.008337
-0.002985
0.001311
0.002840
0.003932
0.004150
0.002548
0.000582
-0.000619
-0.000218
-0.000801
-0.005534
-0.008155
-0.007791
-0.008301
-0.008119
-0.004915
0.001092
0.002767
0.000073
-0.006189
-0.009538
-0.006553
-0.005097
-0.003459
0.001238
-0.000218
-0.007281
-0.014635
-0.011577
-0.004514
0.000765
0.006480
0.011322
0.007136
0.001274
-0.004296
-0.008082
-0.007136
-0.006990
-0.007973
-0.002148
0.001383
0.003349
0.003240
-0.003277
-0.001638
-0.005971
-0.010339
-0.002548
0.000291
-0.000109
0.000765
0.002694
-0.003604
-0.011723
-0.015982
-0.018494
-0.012269
-0.001675
0.002730
0.003131
0.003167
0.001602
0.002075
-0.000146
-0.003604
-0.005170
-0.008774
-0.008410
-0.000874
0.005352
0.007063
0.006589
0.003277
-0.000109
-0.001056
-0.004478
-0.003677
-0.001966
0.001529
-0.001711
-0.001565
-0.005242
-0.003204
-0.002439
-0.004442
-0.004369
0.000255
-0.000364
-0.003167
-0.000255
0.000801
-0.005060
-0.008810
-0.010084
-0.006954
-0.000400
0.003277
0.007609
0.007645
0.000728
-0.005242
-0.003641
-0.005206
-0.006626
-0.000947
0.004551
0.004041
0.002840
0.000510
-0.002257
-0.004660
-0.006007
-0.002840
-0.000692
0.002548
0.002294
0.000000
-0.000437
-0.001675
-0.002949
-0.004150
-0.004696
-0.003895
-0.004769
-0.004733
-0.001930
0.000328
0.000983
-0.000073
-0.004405
-0.007572
-0.007318
-0.003713
0.001129
0.001966
0.002257
0.001019
0.000801
-0.001529
-0.004332
-0.005279
-0.002366
-0.002985
-0.002257
-0.002694
-0.003604
-0.000109
0.002002
0.003677
0.003750
0.000983
0.001675
0.001930
0.002876
0.002840
0.002112
0.001857
-0.000073
-0.000182
0.002002
0.003386
0.004624
0.004624
0.001565
-0.001857
-0.001529
0.000437
0.001274
0.003568
0.005388
0.005534
0.005789
0.004769
0.003604
0.002039
0.001638
0.001893
0.002148
0.003495
0.006298
0.007245
0.006990
0.006553
0.006371
0.007281
0.007754
0.007536
0.005789
0.005315
0.005388
0.004733
0.004223
0.005352
0.007937
0.011104
0.013507
0.013689
0.012669
0.010449
0.009648
0.010521
0.010449
0.011031
0.010012
0.009830
0.009320
0.007682
0.008665
0.009029
0.007827
0.006480
0.007973
0.009101
0.009065
0.008555
0.006153
0.004405
0.011031
0.012669
0.006990
0.004733
0.004551
0.003313
0.003167
0.003422
0.001238
0.000328
0.002294
0.006444
0.009466
0.010230
0.008592
0.006298
0.004478
0.006262
0.009393
0.006844
0.004041
0.000728
-0.004660
-0.007645
-0.004187
0.000291
0.003823
0.006990
0.007609
0.004842
0.000655
-0.001019
-0.004478
-0.006662
-0.000510
0.002294
-0.001456
-0.002112
-0.000291
-0.001893
-0.000437
0.003459
0.002585
0.001420
0.001565
-0.001056
-0.001675
-0.000983
-0.000692
0.002148
-0.000328
0.000364
0.002294
0.001347
0.001019
0.002949
0.002803
0.002912
0.004551
0.003531
0.002658
0.002330
-0.000364
-0.003859
-0.005424
-0.005752
-0.006043
-0.003968
-0.000837
0.003022
0.004587
0.005934
0.005898
0.003204
0.001383
0.000255
-0.000109
-0.000109
0.000546
0.000801
0.000728
-0.000619
-0.001420
-0.001675
0.002075
0.003823
0.001784
0.003022
0.003968
0.004260
0.004478
0.002694
0.001311
0.000582
0.000146
0.001165
0.004296
0.006954
0.005024
0.003422
0.002767
0.003204
0.002730
0.003058
0.006699
0.009793
0.008082
0.005133
0.002621
0.001711
0.003095
0.005060
0.003750
0.002039
0.004260
0.008119
0.010449
0.010230
0.009648
0.005388
0.001529
0.004332
0.008301
0.011395
0.016273
0.017875
0.015218
0.010594
0.003167
-0.001675
0.001238
0.006990
0.010303
0.011177
0.015655
0.015473
0.010012
0.007827
0.006371
0.004296
0.002294
0.004769
0.008555
0.010703
0.014490
0.014562
0.010813
0.008009
0.008992
0.004806
-0.008483
-0.015764
-0.011177
0.002985
0.016783
0.023700
0.020715
0.011614
0.000619
-0.001893
-0.005352
-0.005861
0.001711
0.003204
0.006007
0.008555
0.009502
0.006917
0.006917
0.006954
0.000910
-0.001420
0.002294
0.004150
0.004806
0.007900
0.006735
-0.003968
-0.011577
-0.008264
-0.006844
0.000291
0.012487
0.013070
0.004696
0.007063
0.009356
0.008519
0.013106
0.005861
-0.006699
-0.009648
-0.010485
-0.011905
-0.009320
-0.004915
0.000400
0.008519
0.011286
0.009720
0.004150
0.000000
-0.002694
-0.007099
-0.011868
-0.011577
-0.007172
-0.001274
0.007099
0.012414
0.007063
-0.002548
-0.010849
-0.013616
-0.011978
-0.004005
0.003277
0.005097
0.001966
-0.002257
-0.004150
-0.003823
-0.004988
-0.003422
-0.001311
0.000036
-0.002075
-0.002840
-0.003095
-0.007390
-0.009611
-0.006189
0.001383
0.003386
-0.000437
-0.003641
-0.004769
-0.004041
-0.001274
0.002694
0.006043
0.002876
-0.001456
-0.003932
-0.003641
-0.002730
-0.004587
-0.006262
-0.001893
0.004005
0.006990
0.003167
-0.002221
-0.003349
-0.003204
-0.001602
-0.000619
0.001638
0.001274
-0.001893
-0.003750
-0.002002
0.000400
0.002512
0.004733
0.003277
0.001602
0.000218
0.001165
0.002002
-0.001092
-0.003750
-0.002876
-0.003786
-0.004077
-0.001857
0.002512
0.003058
0.001857
0.000000
-0.000655
-0.000218
0.001056
0.000801
0.000146
0.000218
-0.000619
-0.000109
0.000291
0.000947
0.000837
-0.000146
-0.002075
-0.001784
-0.000619
-0.000655
0.000983
0.003167
0.005352
0.005024
0.001602
-0.001565
-0.001638
-0.001383
0.000291
0.001420
-0.000728
0.001784
0.001711
0.000655
0.001456
0.002330
0.004223
0.003422
0.004988
0.002439
-0.000582
0.001238
0.002767
0.003349
0.001966
-0.000728
-0.003641
-0.001311
0.004369
0.007172
0.007318
0.005752
0.006153
0.004842
0.005643
0.003750
0.000874
0.001711
0.002366
0.002803
0.004405
0.005861
0.003750
0.001565
0.000619
0.000364
0.002112
0.005352
0.005789
0.005097
0.003022
0.002985
0.004405
0.005024
0.001383
-0.004260
-0.005570
-0.002585
0.004296
0.007937
0.006335
0.003131
0.000182
-0.001201
0.001565
0.007099
0.009975
0.008774
0.006225
0.002621
0.000983
0.000619
0.000437
0.001493
0.004296
0.004296
0.002694
0.000291
-0.002803
-0.001092
0.001893
0.004332
0.004696
0.002876
0.001711
0.000582
-0.000291
-0.001456
0.000073
0.003459
0.003167
0.005752
0.008082
0.007572
0.005825
0.003313
0.001456
-0.000109
-0.001529
-0.000947
0.000182
0.001675
0.005024
0.007864
0.008956
0.008228
0.005679
0.002148
0.001019
0.001820
0.003022
0.003641
0.002039
-0.000109
-0.000109
0.002257
0.004041
0.004041
0.002366
-0.001930
-0.006262
-0.007645
-0.005461
0.000655
0.012706
0.021807
0.023627
0.017366
0.007026
-0.002294
-0.012232
-0.024319
-0.026431
-0.014708
0.005752
0.023227
0.031782
0.029817
0.014999
-0.006954
-0.026249
-0.032146
-0.019914
-0.001493
0.020715
0.038117
0.038445
0.023263
-0.003167
-0.028615
-0.045580
-0.041102
-0.020606
0.004442
0.029780
0.048092
0.047437
0.027559
-0.007427
-0.039646
-0.056102
-0.053189
-0.028688
0.003386
0.027741
0.038372
0.034586
0.018203
-0.003058
-0.020387
-0.029707
-0.028142
-0.016638
-0.002221
0.005352
0.010813
0.016783
0.014198
0.006517
-0.005971
-0.018167
-0.024792
-0.020533
-0.010740
-0.002184
0.001893
-0.000182
-0.001857
-0.002985
-0.007463
-0.013834
-0.018603
-0.014672
-0.007900
-0.002803
0.000947
-0.001857
-0.004951
-0.006917
-0.006589
-0.007281
-0.007937
-0.003823
-0.001311
0.002366
0.001930
-0.002075
-0.007937
-0.011031
-0.008264
-0.004005
-0.000619
0.001456
0.001711
-0.000182
-0.002767
-0.008628
-0.014599
-0.014744
-0.011322
-0.006335
-0.002621
-0.000255
-0.000109
-0.004806
-0.006808
-0.007463
-0.006917
-0.005279
-0.005898
-0.005461
-0.004769
-0.004624
-0.005534
-0.008519
-0.007500
-0.004806
-0.002985
-0.000546
0.001201
0.002257
0.001711
-0.000036
-0.003786
-0.007645
-0.007318
-0.006517
-0.005971
-0.005607
-0.004514
-0.003131
-0.001711
-0.000874
0.001420
0.002075
0.000073
-0.003095
-0.007026
-0.006808
-0.003167
-0.000546
-0.002767
-0.004951
-0.003750
-0.000473
0.003968
0.006517
0.001675
-0.002876
-0.006153
-0.004988
-0.001966
-0.000291
-0.001238
-0.002439
-0.001529
-0.000582
-0.000218
-0.001893
-0.002876
-0.002294
-0.001019
0.000874
0.001493
0.001420
-0.000109
-0.001529
-0.001201
-0.001893
-0.002294
-0.002949
-0.000947
0.002039
0.004624
0.003932
0.001383
-0.001820
-0.002039
-0.000182
0.000837
-0.000218
-0.002002
-0.000874
0.002767
0.006043
0.007281
0.004296
-0.001930
-0.005170
-0.005060
-0.001493
0.004624
0.008483
0.008228
0.002949
-0.001784
-0.002403
-0.003932
-0.002294
0.000874
0.003531
0.005679
0.002221
0.001784
0.000146
-0.000947
0.000801
-0.000910
0.002002
0.004041
0.001857
0.001019
-0.002075
-0.002439
-0.004551
-0.001456
0.008264
0.007718
0.003713
0.005607
0.006007
0.003095
0.005424
0.005497
0.000255
-0.000692
-0.001274
-0.002476
-0.003786
-0.002112
0.000983
0.009284
0.016346
0.010849
0.001602
0.000619
0.001129
0.001930
0.004041
0.002366
0.000073
-0.000036
0.003968
0.006043
0.003677
0.002366
0.004296
0.004041
0.002257
0.000655
-0.000619
-0.001056
-0.002512
0.002912
0.011832
0.012014
0.004260
0.004405
0.008155
0.006735
0.002949
0.001129
0.000947
0.000146
0.001966
0.005898
0.008956
0.008228
0.007791
0.008956
0.006772
0.002366
-0.000874
-0.001056
0.000728
0.001383
0.002658
0.002949
0.005315
0.007791
0.005497
0.003932
0.002476
0.001747
0.005825
0.004587
-0.000437
-0.002148
-0.002294
0.003786
0.012997
0.013434
0.007136
-0.001857
-0.006553
-0.001529
0.004041
0.004041
0.002840
0.003022
0.002112
-0.000473
-0.002949
-0.005024
-0.005388
-0.004878
-0.003823
-0.000182
0.009611
0.021225
0.022390
0.016565
0.008301
-0.002221
-0.011941
-0.016674
-0.015400
-0.007791
0.004478
0.014162
0.017511
0.018094
0.014999
0.006844
-0.001966
-0.009575
-0.012779
-0.010157
-0.004296
0.001493
0.006699
0.007427
0.005024
0.000692
-0.003786
-0.007536
-0.009211
-0.007245
-0.001784
0.006553
0.011504
0.010740
0.009320
0.006298
0.003277
0.003240
0.004514
0.004733
0.001893
-0.001311
-0.003932
-0.003568
-0.002366
-0.004733
-0.007063
-0.006407
-0.004733
-0.002767
0.000036
0.003495
0.006043
0.007682
0.008519
0.009575
0.010958
0.010885
0.008737
0.005315
0.002184
0.001347
0.004296
0.006881
0.008956
0.008628
0.007500
0.008483
0.006990
0.005789
0.006480
0.006225
0.006007
0.006080
0.004806
0.002803
0.000947
0.001602
0.001638
0.003095
0.004478
0.004915
0.007208
0.011431
0.014162
0.013507
0.011686
0.008919
0.004951
0.002840
0.004769
0.008155
0.009975
0.006917
0.003240
0.003386
0.004005
0.005206
0.006153
0.006007
0.004988
0.003713
0.005643
0.008264
0.008410
0.008810
0.008301
0.002694
-0.001129
0.001857
0.004842
0.002403
-0.001129
-0.001129
0.002512
0.003750
0.001056
-0.000655
-0.000182
0.003131
0.006371
0.005679
0.003641
0.002366
0.003823
0.005060
0.002985
-0.000146
-0.003859
-0.006444
-0.006517
-0.007645
-0.008883
-0.009575
0.001893
0.016965
0.024574
0.017548
-0.005861
-0.028105
-0.046418
-0.056975
-0.054099
-0.027996
0.021006
0.068116
0.097641
0.094619
0.057704
0.009793
-0.033967
-0.057813
-0.058614
-0.050677
-0.036115
-0.012961
0.009174
0.020933
0.018021
0.007682
-0.000910
-0.002002
0.005170
0.015036
0.021188
0.018312
0.004041
-0.014271
-0.024647
-0.024174
-0.017402
-0.007318
-0.004150
-0.006626
-0.003641
0.003459
0.007026
0.008373
0.011322
0.015254
0.012451
0.004624
-0.006772
-0.013143
-0.012815
-0.009211
-0.006990
-0.009320
-0.010667
-0.007463
-0.003932
-0.003277
-0.001711
0.003386
0.005898
0.003713
0.001165
0.000255
-0.000619
-0.001711
-0.001966
-0.003495
-0.003713
-0.003786
-0.005789
-0.010121
-0.011104
-0.007609
-0.004915
-0.000837
0.002730
0.003386
0.004405
0.005060
0.002294
-0.001420
-0.002476
-0.004296
-0.006808
-0.005424
-0.004551
-0.006335
-0.008301
-0.009320
-0.008883
-0.004150
0.000910
0.001565
0.000692
0.001711
0.002694
0.003604
0.001820
-0.000582
-0.001711
-0.004769
-0.006043
-0.006626
-0.008883
-0.001638
0.005315
0.006043
0.007864
0.006662
0.001493
-0.000655
-0.001165
-0.004587
-0.001784
0.001201
-0.001565
-0.001638
0.002840
0.002403
-0.001602
0.000473
0.008228
0.009793
0.003641
-0.001456
-0.000146
0.003277
0.002330
-0.000983
-0.001493
0.001857
0.003240
-0.002148
-0.004041
-0.004223
0.002658
0.008810
0.005825
0.000837
0.001019
0.000728
0.001311
0.001420
0.002403
0.004369
0.002075
-0.002476
-0.007245
-0.010558
-0.006772
-0.002330
0.003895
0.008628
0.011177
0.010813
0.009356
0.005242
0.000218
-0.001893
-0.001565
-0.001529
-0.003386
-0.003568
-0.000437
0.002184
0.004769
0.004332
0.005497
0.006298
0.004988
0.005279
0.005934
0.002512
-0.004478
-0.006626
-0.001638
0.002658
0.003713
0.003823
0.000801
-0.002257
-0.002949
0.000255
0.002694
0.001383
0.001784
0.005789
0.010594
0.011614
0.006371
0.001383
0.000728
0.001930
0.002002
0.000364
0.000218
0.000036
0.000109
0.001857
0.005315
0.008082
0.006225
0.000765
-0.001529
0.000692
0.001201
-0.000218
-0.002366
-0.003713
-0.001820
0.002512
0.004951
0.005752
0.007354
0.007063
0.006007
0.005242
0.003277
0.001056
-0.000947
-0.003277
-0.003131
-0.000364
0.003786
0.004878
0.004223
0.002439
0.003750
0.010667
0.014490
0.011140
0.005424
0.003204
0.003204
0.003531
0.002694
0.000655
-0.000400
-0.000255
0.000582
0.004624
0.008228
0.008373
0.004478
0.000546
0.000182
0.001238
0.000400
0.001675
0.003204
0.005133
0.006262
0.006335
0.005388
0.003022
0.000947
0.000546
0.000328
-0.001493
-0.001820
0.000546
0.002403
0.003713
0.006990
0.008883
0.007609
0.004587
0.000692
-0.001274
-0.002585
-0.002621
-0.001420
0.000947
0.004187
0.006917
0.008046
0.007900
0.004696
-0.002075
-0.008337
-0.010048
-0.007026
-0.000728
0.006480
0.010266
0.006917
0.001238
-0.005934
-0.011723
-0.008264
-0.000146
0.005242
0.006116
0.008301
0.010048
0.007172
0.003204
-0.001165
-0.007937
-0.014526
-0.010631
0.000510
0.006808
0.011104
0.013689
0.014271
0.012997
0.005934
-0.003932
-0.010813
-0.013070
-0.009320
-0.001857
0.004332
0.006517
0.000692
-0.005679
-0.006735
-0.003495
-0.000546
0.004988
0.006662
0.004296
0.003131
0.001056
-0.001820
-0.003677
-0.001857
0.000437
-0.003859
-0.001893
-0.000874
0.002148
0.004733
-0.003058
-0.009466
-0.004915
-0.001820
-0.001966
0.000874
0.002075
-0.000510
-0.003859
-0.009575
-0.009939
-0.007500
-0.006225
-0.002039
-0.000400
-0.002039
-0.002949
-0.003422
-0.003495
-0.001274
-0.002075
-0.000036
0.002658
0.001456
-0.000146
-0.001347
-0.001675
-0.001602
-0.002912
-0.005206
-0.006335
-0.003677
0.000036
0.001529
-0.001274
-0.003713
-0.005752
-0.005570
-0.002694
0.000655
0.001966
0.000182
-0.001493
-0.002548
-0.001201
0.000000
0.000728
0.000255
0.001820
0.002039
0.000328
-0.002876
-0.003058
-0.002803
-0.003677
-0.003204
-0.003277
-0.000582
0.003204
0.002184
-0.000291
0.000728
0.002949
-0.000182
-0.001893
-0.002585
-0.004369
-0.001311
0.001602
0.002366
0.001857
-0.000437
-0.002075
-0.002949
-0.003349
-0.003349
-0.002767
0.001347
0.005534
0.007208
0.004514
0.001638
0.001747
0.004587
0.007791
0.009502
0.003786
-0.005170
-0.009065
-0.008883
-0.005097
-0.000109
0.004915
0.007354
0.005789
0.002221
-0.001274
-0.003859
-0.002148
0.002039
0.006298
0.010813
0.009975
0.002439
-0.006844
-0.006153
0.003204
0.011322
0.016164
0.012087
-0.004442
-0.022499
-0.023992
-0.016565
-0.008446
0.002257
0.017366
0.028033
0.024319
0.010339
-0.002039
-0.007536
-0.009284
-0.011504
-0.013106
-0.008810
0.000182
0.005971
0.007754
0.007609
0.005352
0.000182
-0.003604
-0.003495
-0.002075
0.000874
0.006371
0.005534
0.002476
0.001347
0.000874
0.001201
0.002730
0.003641
0.001857
-0.001274
-0.004150
-0.002148
0.002439
0.003823
0.002621
0.003859
0.006990
0.009684
0.009101
0.003422
-0.003713
-0.011577
-0.016747
-0.018421
-0.011031
0.000473
0.008592
0.009611
0.004223
-0.006116
-0.011978
-0.010230
-0.003277
0.003095
0.005424
0.005497
0.004260
0.000692
0.000291
-0.000291
-0.002985
-0.006116
-0.009684
-0.009939
-0.007026
-0.002294
0.000765
0.000328
0.000619
0.000182
-0.000619
0.001820
0.005242
0.005206
0.002403
-0.001493
-0.004478
-0.004114
-0.002112
0.000874
0.005716
0.008191
0.008919
0.009174
0.007136
0.003604
0.001311
0.000000
0.000000
0.002949
0.005898
0.007099
0.010740
0.010631
0.000801
-0.010740
-0.014672
-0.012779
-0.008191
-0.004405
-0.000400
0.002803
0.004915
0.008191
0.006444
0.003022
0.000437
-0.002694
-0.005643
-0.006662
-0.005242
-0.003495
-0.000837
0.002658
0.005789
0.006553
0.006954
0.006699
0.004077
0.000801
-0.003459
-0.007791
-0.011395
-0.013507
-0.013434
-0.008337
-0.001238
0.005716
0.012196
0.015473
0.014162
0.006881
-0.001893
-0.009648
-0.013689
-0.013761
-0.010594
-0.006808
-0.003204
0.000291
0.003459
0.004660
0.005825
0.005352
0.003604
0.000182
-0.004223
-0.006007
-0.005315
-0.004442
-0.003459
-0.002803
-0.001930
-0.001420
0.000291
0.001857
0.001820
0.001311
-0.000692
-0.003641
-0.006080
-0.007682
-0.007026
-0.004296
0.000655
0.004005
0.004260
0.002730
0.001565
0.001165
-0.000728
-0.001565
-0.000400
-0.000692
-0.002767
-0.003932
-0.002002
0.001820
0.005242
0.003095
0.001747
0.002876
0.002221
0.001201
-0.000801
-0.001056
0.000146
0.001456
0.004478
0.005934
0.004478
0.003386
0.001930
-0.000582
-0.002112
0.000655
0.002985
0.003786
0.004514
0.004696
0.003859
0.003204
0.003568
0.005570
0.007281
0.009466
0.012196
0.010776
0.006116
0.000182
-0.005461
-0.005898
-0.004223
-0.004077
-0.005097
-0.007318
-0.008555
-0.011759
-0.015618
-0.017074
-0.013907
-0.007973
-0.001638
0.005752
0.008301
0.007864
0.007318
0.004405
0.000874
-0.000218
0.000291
0.000837
0.000400
-0.001529
-0.004769
-0.006772
-0.007754
-0.006517
-0.003167
0.000874
0.003859
0.006335
0.008119
0.006153
0.004806
0.003568
0.003932
0.003859
0.003095
0.000473
-0.001638
-0.000437
-0.000837
-0.002039
-0.002257
0.000473
0.003095
0.000255
-0.004150
-0.006589
0.004369
0.013652
0.006262
-0.002985
-0.007063
-0.006844
-0.001493
-0.000182
-0.002184
-0.002585
-0.000983
0.000146
0.001456
0.001238
0.003677
0.003968
0.002694
-0.001165
-0.005825
-0.006116
-0.004114
-0.000182
0.009793
0.017948
0.015218
0.007099
0.000655
-0.003895
-0.003568
-0.000947
0.003022
0.009502
0.012742
0.013543
0.015509
0.015181
0.010958
0.007572
0.004733
0.004187
0.004842
0.006189
0.004660
-0.000255
-0.003277
-0.000837
0.005752
0.012232
0.014817
0.012851
0.008810
0.006480
0.005352
0.004150
0.005825
0.006444
0.006553
0.004696
0.002912
0.004915
0.003386
0.001129
0.005279
0.009284
0.014417
0.019040
0.017548
0.008992
-0.005060
-0.013725
-0.014999
-0.012123
-0.003095
0.007026
0.013579
0.012487
0.006298
0.001747
0.001675
0.003459
0.007026
0.008592
0.000473
-0.007354
-0.008301
-0.006553
-0.000655
0.006954
0.009356
0.006808
-0.001238
-0.011796
-0.018749
-0.019150
-0.012851
-0.005097
-0.000036
0.004187
0.006699
0.005534
0.001347
-0.004806
-0.009648
-0.011759
-0.009247
-0.003058
0.003022
0.006080
0.006407
0.003240
-0.005424
-0.012087
-0.017329
-0.019878
-0.017038
-0.011140
-0.005097
0.002767
0.006407
0.009211
0.013215
0.012305
0.010121
0.005570
-0.000036
-0.007063
-0.016019
-0.016383
-0.013470
-0.010012
-0.003677
0.000000
0.001129
-0.001857
-0.005570
-0.005752
-0.002876
0.001165
0.001602
-0.000473
-0.003277
-0.003277
0.000036
-0.001383
-0.007099
-0.007827
-0.004806
-0.001638
-0.000910
-0.001675
-0.002184
-0.002840
-0.006517
-0.008191
-0.006189
-0.003459
-0.002694
-0.002294
-0.002002
-0.002366
-0.002112
-0.001165
0.000109
-0.001019
-0.003859
-0.005752
-0.005279
-0.003750
-0.003531
-0.003240
-0.003459
-0.003204
-0.000765
0.002221
0.003641
0.004114
-0.000364
-0.002912
-0.003713
-0.002148
-0.002985
-0.003459
-0.001092
-0.000437
-0.001857
-0.005497
-0.006225
-0.002184
0.002112
0.002730
0.000910
0.001638
0.002949
0.001675
-0.000801
-0.001019
-0.000728
-0.003313
-0.002694
0.000218
0.000692
-0.000255
0.001456
0.003568
0.002294
0.002621
0.004041
0.002949
0.001820
0.000582
-0.003859
-0.007026
-0.005133
-0.002912
-0.000947
0.001747
0.004915
0.007682
0.008810
0.008774
0.008628
0.007099
0.001274
-0.003641
-0.005934
-0.007427
-0.009939
-0.012123
-0.009429
-0.005570
-0.002985
0.000692
0.007245
0.011541
0.010667
0.005679
0.000582
-0.003058
-0.005352
-0.008883
-0.006917
-0.001675
0.000582
0.001420
0.003750
0.004806
0.002621
0.000109
-0.000692
0.001347
0.000109
-0.002803
-0.000582
0.000364
-0.002803
-0.002985
0.002148
0.003568
0.001602
0.004842
0.007827
0.001456
-0.005315
-0.003495
0.000510
0.000400
-0.000146
0.001201
0.000218
-0.001747
-0.000983
0.001493
0.003240
0.001274
-0.000400
0.001383
0.003713
0.003531
0.000255
-0.004005
-0.005388
-0.004806
-0.001201
0.002985
0.005679
0.006080
0.003204
0.002112
0.000000
-0.002366
-0.005752
-0.005971
-0.006990
-0.002184
0.006553
0.011686
0.003495
-0.004733
-0.004951
-0.005971
-0.006954
0.001930
0.016892
0.025448
0.023409
0.015618
0.004878
-0.007208
-0.011614
-0.013907
-0.012232
-0.005352
0.000874
0.006699
0.011504
0.009356
0.003713
-0.000874
-0.006153
-0.009211
-0.003932
0.002840
0.006480
0.007609
0.005534
-0.000619
-0.004041
-0.002112
0.001129
0.004369
0.003459
0.003422
0.001565
0.002112
0.004223
0.000546
-0.004696
-0.007136
-0.006407
-0.002548
0.000400
-0.001092
-0.001056
-0.000400
0.000000
0.001820
0.003313
0.004260
0.004041
0.003131
0.002221
0.000182
-0.001165
-0.001019
0.000874
0.002585
0.002694
0.001820
-0.000328
-0.001274
-0.000801
-0.000947
-0.002403
-0.002949
-0.002512
0.000328
0.003531
0.004878
0.005643
0.004332
0.001930
0.002403
0.002658
-0.000510
0.003277
0.010121
0.004696
-0.003459
-0.002730
0.004696
0.009757
0.005279
-0.001420
-0.000765
0.001274
0.000546
-0.002294
-0.001311
0.001930
0.004915
0.004587
0.001129
-0.000510
0.004296
0.005898
0.001238
0.000437
0.004660
0.005971
0.003240
-0.002112
-0.002730
-0.001383
-0.001092
-0.001165
0.001092
0.003095
0.002949
0.001420
-0.000400
-0.001129
0.002002
0.004988
0.005352
0.003422
0.004551
0.006262
0.007136
0.005097
0.004150
0.003349
-0.000218
-0.000546
-0.000582
0.002039
0.006225
0.006808
0.005242
0.002512
0.001893
0.000947
0.002330
0.001711
0.000473
0.000437
-0.000837
-0.001638
-0.002257
-0.001420
0.000510
0.003568
0.005643
0.006772
0.007099
0.012232
0.015582
0.015291
0.014453
0.009538
0.002876
-0.003641
-0.005971
-0.007900
-0.011796
-0.013143
-0.011504
-0.008119
-0.000619
0.006189
0.011650
0.015509
0.012997
0.006225
0.002184
0.002366
0.002767
0.004514
0.004624
0.003131
0.002184
0.002184
0.001893
0.001565
0.000182
-0.000910
-0.001420
-0.003313
-0.006043
-0.005170
-0.002366
0.001311
0.006444
0.009138
0.009247
0.006371
0.002039
-0.000218
-0.001056
-0.001747
-0.002002
-0.003277
-0.004733
-0.006407
-0.006954
-0.006917
-0.005424
-0.001129
0.000619
0.000255
0.000473
0.000036
-0.000036
0.001347
0.004442
0.006990
0.006444
0.005497
0.004041
0.001565
-0.001711
-0.001930
-0.001129
0.000218
0.002184
0.005315
0.005716
0.005097
0.003349
-0.001274
-0.005206
-0.006262
-0.004077
-0.000910
0.001602
0.003568
0.005242
0.004988
0.002257
0.000510
0.000328
0.000328
-0.000473
-0.002148
-0.004442
-0.005388
-0.004551
-0.003095
-0.000255
0.002148
0.003386
0.004514
0.004660
0.003349
0.002221
0.001893
0.001383
0.001602
0.001274
0.001638
0.001238
-0.000073
0.000109
0.001129
0.002476
0.004442
0.004551
0.006116
0.006189
0.004478
0.002512
-0.000255
-0.001893
-0.002330
-0.001966
-0.001893
0.000036
0.002694
0.004660
0.006043
0.005971
0.004187
0.003823
0.003786
0.004187
0.002658
0.001165
-0.000182
-0.002403
-0.002512
-0.000874
0.001857
0.004587
0.006262
0.006262
0.003859
0.003531
0.003095
0.001238
0.002803
0.004041
0.003968
0.003641
0.004369
0.004369
0.004005
0.004842
0.003968
0.002184
0.002112
0.002403
0.001893
0.002148
0.003422
0.003932
0.003531
0.003531
0.004514
0.004951
0.002585
0.000182
0.001092
0.002658
0.004442
0.006517
0.006517
0.004842
0.003386
0.002148
0.002257
0.002294
0.002221
0.002476
0.002075
0.002876
0.002912
0.003968
0.004988
0.003968
0.002985
0.001383
0.004369
0.006772
0.006007
0.004260
0.002221
-0.000983
-0.002148
0.000655
0.005607
0.007099
0.006371
0.005898
0.002949
-0.000655
-0.001565
-0.001784
-0.000874
0.001493
0.006371
0.009174
0.009138
0.007754
0.004551
0.001820
0.002257
0.004806
0.006298
0.005971
0.003677
0.001311
0.001311
0.004077
0.006444
0.007099
0.006189
0.004005
0.002512
0.002403
0.004332
0.005279
0.006262
0.007463
0.006153
0.005097
0.005825
0.006262
0.004587
0.001602
0.002039
0.004005
0.005534
0.006371
0.005934
0.006844
0.005898
0.004114
0.003131
0.006153
0.008519
0.007208
0.003495
0.000546
-0.000655
-0.001930
-0.002148
0.000364
0.003240
0.005643
0.006881
0.008992
0.008373
0.006808
0.006772
0.005934
0.005461
0.004369
0.002512
0.003167
0.003459
0.003459
0.002112
-0.001165
-0.002512
-0.000146
0.004442
0.006699
0.005315
0.003568
0.004223
0.006153
0.008046
0.007937
0.007609
0.006553
0.003677
0.002330
0.001638
0.003204
0.003240
0.003713
0.004878
0.004296
0.004988
0.003240
0.002294
0.002585
0.001857
0.003131
0.002840
0.002949
0.005861
0.006772
0.007136
0.006007
0.005352
0.004005
0.002694
0.001602
0.002876
0.003422
0.002476
0.003932
0.005097
0.004915
0.001529
-0.001565
-0.000073
0.004551
0.011431
0.013070
0.009830
0.002439
-0.001930
-0.001711
-0.000036
0.003204
0.007026
0.005971
0.002985
0.007645
0.018130
0.012342
-0.007099
-0.013070
-0.001966
0.010558
0.016710
0.016856
0.009393
-0.002512
-0.011104
-0.009975
-0.003531
0.001201
0.004696
0.007245
0.011504
0.015145
0.013434
0.007718
0.005971
0.006444
0.004332
0.004660
0.009720
0.015800
0.016456
0.012596
0.007973
0.000218
-0.008301
-0.014453
-0.012924
-0.004624
0.002658
0.007245
0.010194
0.014308
0.009757
0.000692
-0.002730
-0.005643
-0.007063
-0.003677
0.005388
0.011395
0.012669
0.010376
0.004988
-0.001966
-0.009502
-0.011832
-0.008883
-0.004551
-0.000947
0.003058
0.004951
0.006298
0.006808
0.003204
-0.002476
-0.006116
-0.005242
-0.003932
-0.002694
-0.000692
-0.000546
-0.002512
0.001529
0.006844
0.004405
0.004187
0.007063
0.001420
-0.000364
0.004077
0.002403
-0.001420
-0.000109
0.001820
0.000692
-0.000473
0.000073
-0.001675
-0.004587
-0.003786
0.000910
0.002912
0.004806
0.005898
0.005643
0.002330
-0.000291
-0.001711
-0.004332
-0.005424
-0.004260
-0.001274
0.003459
0.003895
0.003968
0.007245
0.008082
0.005643
0.003240
0.005716
0.003386
0.003495
0.000291
-0.010667
-0.012742
-0.002439
0.001311
0.003022
-0.003750
-0.006699
0.004478
0.004806
-0.002039
-0.009466
-0.011504
-0.001893
-0.001238
0.000947
0.003058
-0.001529
-0.001747
-0.002039
0.001602
0.009466
0.006881
0.003313
0.000255
-0.001019
-0.001529
-0.005570
-0.011614
-0.012669
-0.002439
0.004442
0.007427
0.005752
-0.000073
0.000582
-0.000655
0.002039
0.006298
0.000546
-0.004005
-0.003932
-0.001857
0.002221
0.005679
0.004369
-0.002476
-0.006153
-0.008337
-0.007791
-0.002476
-0.002257
-0.007208
-0.008919
-0.004769
0.000182
0.002257
0.000291
-0.001893
0.000000
0.002658
0.003968
0.003713
0.003022
0.003713
0.001784
-0.001347
-0.002767
-0.002439
-0.001383
-0.002330
-0.003095
-0.000437
0.003204
0.003968
0.006007
0.008992
0.010157
0.008701
0.005497
0.002658
0.002184
0.000947
-0.002184
-0.000510
0.002512
0.001820
0.004660
0.009939
0.014490
0.013070
0.006589
-0.002876
-0.010121
-0.011504
-0.007172
-0.000874
0.003386
0.005716
0.005679
0.004587
0.007136
0.010631
0.009466
0.004405
-0.000619
-0.003204
-0.003022
-0.001857
-0.000801
-0.000546
0.001966
0.004769
0.008009
0.009757
0.005279
-0.003786
-0.008373
-0.004442
-0.000182
0.000437
-0.001165
-0.002912
-0.004260
-0.002658
-0.000546
0.001602
0.006407
0.011322
0.011759
0.009939
0.007245
0.005315
0.003604
0.002585
0.000619
-0.001311
-0.001056
0.002912
0.005861
0.002803
-0.000947
-0.003167
-0.004077
-0.001129
0.003349
0.004187
0.002112
0.000073
0.000947
0.003313
0.002112
-0.000109
0.000109
0.001930
0.002403
-0.002257
-0.007354
-0.011359
-0.011577
-0.008082
-0.005206
-0.000801
-0.000582
-0.005424
-0.007791
-0.004150
-0.000728
0.000255
0.003240
0.005934
0.004114
-0.001238
-0.000655
0.005315
0.008446
0.006662
0.005643
0.003604
-0.003786
-0.006407
0.001056
0.008301
0.006407
0.001019
-0.000874
0.001638
0.002112
0.001129
-0.002840
-0.004696
-0.004478
-0.003058
0.002184
0.004187
0.006298
0.006262
0.003968
0.005024
-0.001420
-0.007864
-0.013725
-0.010121
-0.006844
-0.001420
0.005570
0.008191
-0.002949
-0.016565
-0.013798
0.002439
0.011941
0.005934
-0.004150
-0.002985
0.006335
0.012924
0.009466
0.002075
-0.006881
-0.011650
-0.008483
-0.002694
0.000983
0.003022
0.005097
0.004988
-0.002330
-0.007318
-0.003131
-0.000036
-0.000765
-0.003677
0.002476
0.010230
0.012524
0.009502
0.003531
-0.006080
-0.012487
-0.010995
-0.005934
-0.000874
0.004878
0.008373
0.010594
0.010703
0.005060
-0.005279
-0.012160
-0.012524
-0.011431
-0.010266
-0.007063
-0.003313
-0.002730
-0.000801
0.001456
0.001638
0.001711
0.000437
-0.003386
-0.005752
-0.006153
-0.006335
-0.005861
-0.001711
0.002366
0.003313
-0.000255
-0.005279
-0.012961
-0.013543
-0.004114
0.003932
0.005752
0.002548
0.001529
0.001893
-0.000437
0.001383
0.002730
0.000328
-0.003240
-0.004842
-0.004369
0.000291
0.004405
0.002876
-0.000728
-0.002184
-0.002512
0.000036
0.000619
-0.001129
-0.001129
-0.001311
-0.002403
-0.002184
-0.001565
-0.000073
0.002548
0.002658
-0.000582
-0.004114
-0.004514
-0.005170
-0.001456
0.001675
0.002512
0.001238
0.000837
0.002039
0.002476
0.002621
0.001347
-0.001638
-0.005170
-0.006007
-0.000146
0.006262
0.007354
0.003823
-0.001092
-0.005789
-0.004806
-0.002621
-0.001565
0.002002
0.004187
0.003095
0.002294
0.000582
0.000765
0.003932
0.002876
0.001092
-0.001238
-0.006189
-0.007063
-0.001056
0.006626
0.009466
0.005971
-0.000801
-0.005352
-0.005388
-0.003604
-0.000510
0.003095
0.004150
0.003568
0.002476
0.001784
0.002403
0.002257
0.000765
-0.000473
0.001129
0.003495
0.003786
0.004005
0.004260
0.003022
0.002439
0.002730
0.003459
0.004405
0.005461
0.003786
0.001747
0.001675
0.002949
0.003386
0.001383
0.006153
0.005971
0.001711
0.003932
0.004842
-0.001201
-0.001493
0.003495
0.002075
0.001274
0.004806
0.004660
0.002730
0.004624
0.004405
0.001129
0.001529
0.002767
0.001820
0.002403
0.004005
0.002330
0.001711
0.003131
0.004733
0.006808
0.005570
0.006662
0.006589
0.004660
0.003968
0.002257
0.001311
0.003641
0.003641
0.000364
-0.001456
0.002439
0.005643
0.003859
0.000910
0.000837
0.001201
0.003386
0.003786
0.002803
0.004478
0.005461
0.003495
0.002221
0.002767
0.003313
0.002912
0.001820
0.002439
0.003022
0.002476
0.002694
0.004223
0.004369
0.004587
0.003713
0.002439
0.002949
0.004369
0.004696
0.004587
0.004951
0.004624
0.003895
0.003568
0.005279
0.002184
-0.004878
0.005424
0.009174
0.004296
0.005461
0.005315
0.000000
0.000255
0.002803
0.002585
0.002694
0.005424
0.004114
0.002767
0.002949
0.001711
0.000255
0.000218
0.001238
0.002767
0.004514
0.005279
0.005643
0.007281
0.007427
0.006480
0.006298
0.003750
0.000328
0.000000
0.002585
0.004806
0.006371
0.006589
0.006589
0.006553
0.005097
0.003677
0.002730
0.002476
0.004114
0.006735
0.005133
0.004077
0.004951
0.002949
0.000728
0.001201
0.002767
0.003459
0.003932
0.003677
0.002184
0.002585
0.002476
0.001602
-0.000109
0.001019
0.006589
0.008046
0.005679
0.003277
0.000910
0.000036
-0.000437
0.000291
0.001456
0.002221
0.002912
0.003895
0.003859
0.003604
0.003022
0.003349
0.005024
0.004951
0.004660
0.005060
0.004077
0.002075
0.001201
0.000546
0.000109
0.000255
0.000801
0.001056
0.001930
0.002876
0.002366
0.001274
0.001638
0.003022
0.003932
0.004296
0.003386
0.002730
0.001711
0.001638
0.003313
0.005570
0.006881
0.005170
0.000947
-0.002184
-0.002403
-0.000983
0.001347
0.004587
0.006262
0.006153
0.005971
0.006116
0.005679
0.003786
0.003895
0.002439
-0.000983
0.002294
0.009429
0.008446
0.004005
0.001711
0.000000
-0.002912
-0.002585
0.001893
0.007864
0.010703
0.009757
0.005534
0.006335
0.009648
0.010339
0.008774
0.002694
-0.002439
-0.003786
-0.001638
0.002476
0.005424
0.006335
0.005534
0.004660
0.003823
0.003786
0.007572
0.009830
0.008665
0.008446
0.007500
0.004769
0.000510
-0.003823
-0.005060
-0.000910
0.005461
0.011868
0.013761
0.011504
0.005752
-0.000655
-0.000619
0.002548
0.005716
0.008082
0.010449
0.006189
0.002730
0.001238
-0.001274
0.003131
0.009611
0.014999
0.021152
0.016783
0.006735
-0.002294
-0.009356
-0.005461
0.001493
0.004114
0.003058
0.002366
-0.000437
-0.002949
-0.002184
0.001529
0.005170
0.008956
0.011468
0.009939
0.007864
0.006553
0.003859
0.002184
0.003240
0.003895
0.004660
0.003422
0.001747
0.000765
0.000036
0.001019
0.000801
-0.002403
-0.004114
-0.003313
-0.000255
0.002949
0.006699
0.006262
0.003277
-0.000364
-0.001820
0.001529
0.005570
0.006662
0.006881
0.005861
0.006808
0.005643
0.000910
-0.006335
-0.011140
-0.013179
-0.010776
-0.006699
-0.002840
0.001311
0.002439
0.002621
0.004150
0.005752
0.005242
0.005206
0.003750
0.002621
0.002366
0.001129
0.000874
-0.000255
-0.001529
-0.000655
0.000218
0.000473
0.001092
0.004478
0.009502
0.011104
0.011504
0.010012
0.007572
0.002621
-0.002148
-0.002767
-0.003568
-0.002403
-0.000801
0.000619
-0.001602
-0.005643
-0.006881
-0.006589
-0.003495
-0.000182
0.003240
0.006517
0.007645
0.008883
0.008446
0.006189
0.004150
-0.000510
-0.006298
-0.005789
-0.003277
-0.002221
-0.000546
0.001493
0.002512
0.000692
-0.000765
-0.001711
-0.000765
0.002912
0.006517
0.008264
0.007245
0.006043
0.000910
-0.004187
-0.004951
-0.000109
0.002439
0.001493
0.002039
0.002184
-0.000182
-0.000619
0.004624
0.008228
0.005097
-0.001092
-0.005133
-0.002949
0.001201
0.002621
0.002694
0.004696
0.005461
0.002512
0.000947
0.000291
0.001893
0.005060
0.004660
0.003750
0.004369
0.003240
0.000728
0.001456
0.000728
-0.001129
-0.003386
-0.002621
0.001820
0.007208
0.009101
0.007427
0.004951
0.000400
-0.006225
-0.011359
-0.014817
-0.013179
-0.003167
0.007390
0.013507
0.012961
0.010157
0.007937
0.000473
-0.006007
-0.007937
-0.008082
-0.005133
-0.004187
-0.003058
-0.000182
0.004296
0.005607
0.003604
0.003131
0.006043
0.006553
0.002039
-0.000801
-0.002621
-0.006444
-0.004660
-0.002912
-0.006189
-0.008155
-0.006517
-0.000510
0.006371
0.009648
0.007245
0.001966
0.002184
0.001383
-0.002912
0.000073
0.003240
0.006881
0.001201
0.000983
0.003531
0.003713
0.001274
-0.006444
-0.011140
-0.013579
-0.005060
0.006589
0.009466
0.005607
0.001966
0.004150
0.006990
-0.001966
-0.008009
-0.007609
-0.008264
-0.004223
-0.000400
0.002658
0.004988
0.002985
-0.001857
-0.004769
-0.004041
-0.004660
0.005424
0.011104
0.006080
0.001602
0.002075
0.003022
-0.000983
-0.012123
-0.013033
-0.005643
0.000801
0.001420
-0.000728
0.004005
0.008483
0.008228
0.004150
0.000218
0.001930
0.003932
0.002621
-0.000182
-0.002330
-0.002039
-0.002366
0.001092
0.003277
-0.001529
-0.002002
-0.002767
-0.000619
-0.000546
0.001675
0.003823
-0.003459
-0.008373
-0.012851
-0.013834
-0.010740
-0.003604
0.000983
0.003786
0.008883
0.010776
0.005789
0.000000
-0.003495
-0.007318
-0.009174
-0.005570
0.001311
0.004696
0.004187
0.004478
0.002403
-0.002257
-0.002730
0.000364
-0.002112
-0.004369
0.008337
0.001857
-0.021043
-0.002803
0.012014
0.003349
0.012524
0.011031
-0.010849
-0.019441
-0.012050
-0.001420
0.007827
0.005388
0.004150
-0.002294
-0.011504
-0.017766
-0.007026
0.003022
0.004878
0.005170
0.005861
0.007682
0.005752
-0.001274
-0.006189
-0.012742
-0.013106
-0.007609
-0.003204
0.001747
0.000910
-0.001784
-0.002658
-0.003095
-0.000437
-0.000692
-0.006589
-0.012342
-0.010230
-0.006116
-0.003495
-0.001420
0.001857
0.004369
0.001347
-0.005388
-0.010084
-0.014162
-0.012014
-0.004806
0.001347
0.003459
0.001893
-0.001602
-0.003277
-0.005679
-0.006699
-0.004405
-0.002221
-0.001311
0.000291
0.003859
0.005825
0.002512
-0.001857
-0.005424
-0.005424
-0.004369
-0.002658
-0.000546
0.000837
0.000837
-0.000728
-0.003422
-0.004442
-0.004915
-0.005060
-0.003641
-0.000874
0.002476
0.005825
0.005534
0.002148
-0.004769
-0.009502
-0.010521
-0.007281
-0.003240
0.003058
0.007900
0.008410
0.004915
0.000510
-0.001930
-0.002221
-0.002221
-0.001092
-0.000655
0.000837
0.000255
0.000546
0.000400
-0.001857
-0.002075
-0.001966
-0.000582
0.000801
0.002767
0.003786
0.003349
0.002002
0.000837
0.001092
0.001311
0.000947
0.000728
0.001711
0.002585
0.003459
0.003568
0.002039
-0.000328
0.000255
0.000000
-0.000036
0.001893
0.002730
0.004260
0.005097
0.004988
0.004187
0.003095
0.002184
0.001602
0.001201
0.001201
0.002039
0.002621
0.002912
0.002439
0.002112
0.003932
0.003604
0.002075
0.001930
0.001347
0.002585
0.003131
0.001311
-0.000400
0.000364
0.005024
0.007791
0.004478
0.003240
0.004187
0.003750
0.000182
0.002112
0.004223
0.001165
-0.001493
0.000400
0.003204
0.002476
-0.001820
-0.003677
-0.004332
-0.003531
-0.001238
0.003131
0.004442
0.002257
0.002876
0.003386
0.002403
0.002585
0.005570
0.005315
0.001420
0.000328
0.002585
0.005060
0.006735
0.006444
0.003859
-0.000801
-0.005934
-0.006225
-0.002912
0.000874
0.002257
0.003131
0.006080
0.007245
0.006153
0.002803
0.001820
0.003386
0.002803
0.002366
0.003677
0.002694
-0.000291
-0.002294
0.000692
0.004806
0.006553
0.005024
0.003422
0.001165
0.000837
0.000036
0.000801
0.002694
0.003895
0.003823
0.004077
0.003750
0.003167
0.001201
0.000218
0.000182
0.000546
0.001602
0.001165
0.001638
0.002439
0.004150
0.004733
0.004369
0.004514
0.002039
0.000400
0.001238
0.002949
0.002075
0.001638
0.002658
0.001129
0.000546
0.000801
0.001056
0.001565
0.002403
0.004733
0.005789
0.009138
0.005971
0.003459
0.003204
0.004806
0.005497
0.006007
0.007973
0.002403
-0.006954
-0.010922
-0.009611
-0.003022
0.003349
0.006225
0.004223
0.000837
-0.000146
-0.000582
0.002294
0.003823
0.005242
0.005461
0.002585
0.002548
0.002512
0.001056
-0.001383
-0.001311
-0.002112
-0.003786
-0.002548
-0.000910
0.000510
0.003167
0.007281
0.008446
0.006589
0.006844
0.007318
0.007099
0.005534
0.000874
-0.004478
-0.005534
-0.003495
-0.001311
0.001019
0.002184
0.001420
0.000619
0.000874
0.002658
0.004005
0.005534
0.004405
0.001493
0.004551
0.004369
0.000218
0.001238
0.002184
-0.001711
0.006153
0.008046
0.001201
0.002694
0.005315
0.001747
0.001420
0.004077
0.008155
0.009247
0.010412
0.013689
0.013871
0.011177
0.005424
0.001930
-0.001711
-0.001420
0.004769
0.012269
0.016346
0.016638
0.010885
0.000291
-0.008301
-0.011723
-0.008555
0.007609
0.021152
0.023081
0.018312
0.005898
-0.006772
-0.007500
0.006262
0.014235
0.013980
0.012924
0.008046
0.003240
0.003604
0.009757
0.015327
0.014198
0.009429
0.004514
0.005242
0.007026
0.007245
0.006480
0.006007
0.005607
0.003531
0.003167
0.004369
0.004150
0.002621
0.001383
0.002075
0.001493
0.000400
0.000364
-0.000947
-0.002694
-0.004260
-0.004806
-0.003823
0.000291
0.003022
0.003750
0.002330
-0.002403
-0.004587
-0.004624
-0.002257
0.000291
0.001383
0.001529
0.001092
0.000255
-0.001019
-0.002075
-0.001893
-0.002257
-0.001930
-0.001675
-0.000728
-0.001092
-0.001747
-0.001383
-0.000182
0.000728
0.000036
-0.000582
0.001165
0.001747
0.002585
0.002585
0.001893
0.001347
0.001602
-0.001347
-0.000801
0.001092
-0.002985
-0.001383
-0.001238
-0.005097
-0.002366
0.000473
0.002767
0.005789
0.007318
0.006589
0.004405
0.003277
0.003859
0.004442
0.009065
0.009284
0.003531
0.002148
-0.000546
-0.004696
-0.008519
-0.007208
-0.000255
0.003968
0.007536
0.010157
0.009757
0.007536
0.004733
0.002585
0.001747
0.001420
0.002730
0.003495
0.006043
0.007500
0.007281
0.006262
0.006371
0.004988
0.001493
0.000109
0.001966
0.003459
0.005497
0.005497
0.005607
0.007208
0.008337
0.006225
0.005934
0.009320
0.013288
0.011905
0.008665
0.003349
-0.001456
-0.001675
-0.000582
-0.000801
-0.001638
-0.001311
0.004077
0.010449
0.008628
0.005424
0.004478
0.002585
0.000983
0.001638
0.003568
0.005825
0.003713
0.000109
-0.001602
-0.000291
0.002512
0.005024
0.006917
0.003095
-0.006553
-0.014053
-0.014817
-0.006043
0.003823
0.011577
0.015363
0.014890
0.015291
0.008956
-0.003859
-0.017256
-0.025630
-0.015509
0.015946
0.029052
0.014744
-0.002075
-0.013579
-0.009866
-0.001019
0.004077
0.004369
-0.008628
-0.006772
0.004733
0.013325
0.008191
0.007318
0.006189
-0.015181
-0.023919
-0.004478
0.012414
0.008919
0.002112
-0.000073
-0.011031
-0.015764
-0.014926
-0.011541
0.003859
0.011504
0.008228
0.007864
0.001383
-0.013033
-0.018603
-0.012160
-0.011322
-0.010740
-0.005097
-0.000728
0.005424
0.005934
-0.004624
-0.012742
-0.012851
-0.016565
-0.013106
0.002621
0.008119
-0.003240
-0.001784
-0.003677
-0.000947
0.005643
0.005679
0.005097
-0.001711
-0.013470
-0.012123
-0.002257
0.000582
0.000291
-0.002039
-0.004260
-0.004442
-0.001893
-0.002476
-0.000692
0.000328
0.001529
0.001565
0.005789
0.005461
-0.001129
-0.002876
-0.006080
-0.007791
-0.007354
-0.004660
-0.000255
0.001129
-0.001493
-0.003422
-0.003968
-0.004733
-0.002985
0.000728
0.006444
0.009393
0.006626
0.004442
0.004733
0.003277
-0.002184
-0.004077
-0.001019
0.001201
0.003932
0.003386
0.003568
-0.000036
-0.007245
-0.007172
-0.000437
0.004587
0.002221
-0.002476
-0.004223
0.000000
0.004696
0.004114
0.004150
0.008155
0.004223
0.000291
0.001565
0.003823
0.001019
-0.000510
-0.001638
-0.002658
-0.003167
-0.000874
0.003568
0.004442
0.003095
0.001857
0.002221
0.000109
-0.002585
-0.004806
-0.004842
-0.006407
-0.006371
-0.003786
-0.000400
0.003204
0.008774
0.011067
0.002075
-0.010667
-0.015618
-0.011577
-0.004733
0.005643
0.009611
0.006444
0.006080
0.005424
-0.002658
-0.012524
-0.015946
-0.010776
-0.006007
0.001893
0.007754
0.009648
0.006517
0.002476
0.001420
0.002621
0.001456
-0.005461
-0.013761
-0.012487
-0.004733
0.001857
0.000837
-0.002548
-0.002403
-0.002876
0.001456
0.007318
0.007172
0.003349
0.002912
0.006298
0.007718
0.005352
0.000000
-0.002002
-0.001675
-0.002512
-0.003167
-0.003459
-0.006153
-0.006189
-0.007390
-0.005861
-0.006262
-0.002184
0.005898
0.007281
0.001565
-0.001019
-0.000437
-0.007281
-0.009247
0.000364
0.006626
0.004878
0.014744
0.015837
0.007318
-0.005861
-0.020679
-0.039828
-0.038336
-0.016019
0.008301
0.019586
0.020642
0.013434
0.004187
-0.008337
-0.012779
-0.005315
-0.006735
-0.008992
-0.002840
0.003313
0.002184
-0.005934
-0.015946
-0.021188
-0.018785
-0.009575
0.000146
0.003568
0.005716
0.007099
0.004769
0.001565
-0.000036
-0.007281
-0.011759
-0.010995
-0.016565
-0.020387
-0.011431
-0.003495
0.000473
0.008009
0.009684
0.002439
-0.007063
-0.010776
-0.011541
-0.011395
-0.010958
-0.005388
0.003386
0.006262
0.007208
0.007172
0.000983
-0.010048
-0.017329
-0.020351
-0.022353
-0.017730
-0.009757
-0.001784
0.008555
0.018822
0.020096
0.013397
0.002257
-0.008373
-0.017766
-0.022754
-0.024064
-0.018640
-0.007427
0.003386
0.012997
0.019259
0.015145
0.003604
-0.014817
-0.027523
-0.029962
-0.017329
0.002366
0.013798
0.018421
0.009975
-0.008264
-0.026249
-0.020788
-0.004587
0.000874
-0.003349
-0.005315
-0.000655
0.004369
0.003895
0.001456
-0.001311
-0.003422
-0.001311
0.004296
0.013761
0.020133
0.025666
0.031091
0.032365
0.030035
0.021443
0.005206
-0.012232
-0.025848
-0.034367
-0.037971
-0.043287
-0.054027
-0.064985
-0.068079
-0.066004
-0.058395
-0.036916
-0.019878
-0.012851
-0.008992
-0.010012
-0.011723
-0.012123
-0.006517
-0.001966
0.005534
0.012123
0.014162
0.013907
0.008519
0.002403
-0.002876
-0.005097
-0.005497
-0.009138
-0.013288
-0.014417
-0.010449
-0.005898
-0.000364
0.006626
0.009757
0.012378
0.012997
0.009611
0.004369
0.000874
-0.003058
-0.007099
-0.012342
-0.017766
-0.016856
-0.011249
-0.004332
-0.001893
-0.002039
-0.005170
-0.012342
-0.018822
-0.028033
-0.033930
-0.032146
-0.027851
-0.021807
-0.014963
-0.006699
-0.004005
-0.004660
-0.005388
-0.005352
-0.004551
-0.009575
-0.014963
-0.016492
-0.015145
-0.012815
-0.010740
-0.010303
-0.010084
-0.007500
-0.005352
-0.004223
-0.003968
-0.003895
-0.005060
-0.008555
-0.008519
-0.004114
0.002476
0.006553
0.009138
0.012414
0.014198
0.013143
0.006407
-0.000692
-0.010412
-0.016492
-0.017548
-0.018203
-0.017475
-0.016565
-0.012305
-0.005534
-0.001092
0.005352
0.009830
0.009466
0.006735
0.004223
0.001092
-0.003604
-0.006116
-0.008191
-0.012414
-0.012669
-0.008665
-0.004696
-0.002694
-0.001930
-0.002403
-0.004951
-0.007208
-0.006917
-0.008410
-0.006517
-0.012014
-0.019040
-0.023300
-0.018239
-0.007718
0.000473
0.005607
0.009975
0.010558
0.007827
0.006043
0.007063
0.007099
0.003786
-0.004988
-0.010230
-0.015873
-0.020861
-0.020387
-0.012342
-0.000546
0.006808
0.010594
0.008883
0.002148
-0.005716
-0.011359
-0.007536
-0.002512
0.002439
0.003313
0.000073
-0.002330
-0.007172
-0.009101
-0.009538
-0.006225
-0.003095
-0.003313
-0.006480
-0.007026
-0.001493
0.002876
0.003131
0.002585
0.002330
-0.000619
-0.005607
-0.007281
-0.005971
-0.004733
-0.001638
0.001238
0.005279
0.007245
0.002439
-0.003095
-0.003750
-0.004442
-0.002694
-0.003750
-0.001565
-0.000947
0.000000
-0.000364
0.002294
0.002002
-0.000400
-0.001930
-0.002294
-0.000400
0.004260
0.006990
0.003058
0.000947
-0.001675
-0.001529
0.001529
0.002621
0.001092
-0.003823
-0.007026
-0.007099
-0.003641
-0.000692
-0.001565
-0.004587
-0.003932
-0.002621
-0.001420
0.002803
0.008737
0.007900
0.004806
0.000837
-0.004041
-0.006699
-0.004296
0.003677
0.007026
0.004806
0.000874
-0.005898
-0.010412
-0.008228
-0.002985
0.004624
0.013179
0.013434
0.003240
-0.007281
-0.013834
-0.014562
-0.008301
0.000546
0.010048
0.011905
0.013871
0.006917
-0.005861
-0.016237
-0.012451
-0.002002
0.001493
-0.001129
-0.002476
-0.006043
-0.007099
-0.005825
0.001092
0.006007
0.008337
0.004260
0.000255
0.000364
0.004260
0.005206
0.007099
0.008009
0.004769
-0.002403
-0.014781
-0.021734
-0.017948
-0.004660
0.010813
0.020460
0.017948
0.009866
0.003568
-0.002112
-0.007318
-0.007427
-0.006080
-0.004915
0.000255
0.006371
0.007427
0.007208
0.008191
0.006007
0.004514
0.003131
0.001711
0.001820
0.003277
0.005752
0.007572
0.004369
0.001711
0.005242
0.010776
0.012087
0.010376
0.009284
0.008228
0.004114
-0.001383
-0.000328
0.003932
0.006808
0.010849
0.013579
0.008810
-0.000437
-0.003859
0.000910
0.006444
0.013579
0.014526
0.010485
0.008301
0.009720
0.013143
0.014271
0.013507
0.010631
0.008774
0.008264
0.010230
0.012305
0.012014
0.010703
0.008082
0.005971
0.009429
0.006371
-0.003313
-0.011868
-0.009101
0.001456
0.010558
0.014053
0.015072
0.009211
-0.003204
-0.003713
-0.001638
-0.010339
-0.013470
-0.007718
-0.006407
-0.002439
0.003750
-0.000765
-0.006189
-0.004332
-0.005971
-0.006990
-0.006262
-0.009211
-0.010485
-0.006662
-0.002985
0.001274
0.004369
-0.001456
-0.008264
-0.013325
-0.015618
-0.012633
-0.007026
0.001201
0.005170
0.002476
-0.002112
-0.002876
-0.004624
-0.014235
-0.018494
-0.013361
-0.005643
0.003859
0.011067
0.009174
0.000983
0.000182
0.001893
0.002548
-0.002876
-0.010121
-0.010995
-0.010958
-0.001857
0.011322
0.010776
-0.000546
-0.016091
-0.026431
-0.030144
-0.032037
-0.015727
0.000255
0.010631
0.036224
0.052934
0.056539
0.032765
-0.013761
-0.034695
-0.027232
-0.017402
-0.011686
-0.009393
-0.003932
-0.003495
-0.008956
-0.007791
0.003095
0.018276
0.024283
0.025557
0.021662
0.014235
-0.001565
-0.020861
-0.031710
-0.028943
-0.019259
-0.013980
-0.008446
0.001201
0.004478
0.007026
0.015072
0.016273
0.008483
0.003641
0.004624
0.004296
-0.003131
-0.015618
-0.021807
-0.022499
-0.015946
-0.005570
0.001347
0.000400
-0.001347
0.001565
0.003459
0.007827
0.003859
-0.005861
-0.010558
-0.009902
-0.008410
-0.005497
0.000255
0.000109
-0.004551
-0.006990
-0.004696
-0.000036
0.000255
-0.000728
-0.001092
-0.000655
0.000510
-0.003968
-0.007281
-0.004769
-0.002949
-0.002184
0.003167
0.007645
0.005716
0.000255
-0.001019
-0.001893
-0.006407
-0.010012
-0.006808
-0.003932
-0.006517
-0.009684
-0.003386
0.003167
0.004478
0.002694
-0.001165
-0.000801
-0.002366
-0.006116
-0.003677
-0.002148
-0.003022
-0.004878
-0.001820
0.002985
0.003167
0.003495
-0.001711
-0.008155
-0.006917
-0.004187
0.000036
0.003240
0.001129
-0.006225
-0.009866
-0.005242
0.002439
0.020751
0.034804
0.033894
0.016528
0.014526
0.007427
-0.015982
-0.045107
-0.063055
-0.064220
-0.052315
-0.033093
-0.009611
0.009174
0.017256
0.016929
0.014817
0.007427
0.000437
-0.002002
-0.000218
0.000947
-0.004114
-0.014453
-0.020861
-0.020533
-0.019550
-0.014308
-0.002621
0.010449
0.024610
0.028761
0.022208
0.009611
-0.008883
-0.030144
-0.039573
-0.033457
-0.024792
-0.016783
-0.008555
-0.006954
-0.008919
-0.011941
-0.016128
-0.016820
-0.014016
-0.008191
-0.000983
0.005206
0.004223
-0.001784
-0.009284
-0.014016
-0.011031
-0.000655
0.012342
0.022426
0.031855
0.033275
0.023081
-0.003058
-0.027887
-0.035387
-0.032146
-0.025047
-0.022608
-0.023882
-0.023664
-0.021261
-0.014963
-0.011322
-0.013288
-0.013252
-0.013397
-0.013325
-0.011577
-0.010521
-0.007063
0.000765
0.009174
0.013070
0.011104
0.004806
-0.002257
-0.005825
-0.006662
-0.007645
-0.007500
-0.005461
-0.005424
-0.003277
-0.002876
-0.007390
-0.011395
-0.014344
-0.011395
-0.004551
0.001638
0.009138
0.009830
0.007281
-0.001383
-0.011322
-0.013033
-0.009611
-0.005971
-0.009211
-0.014380
-0.018167
-0.019186
-0.019768
-0.015837
-0.011031
-0.008847
-0.009065
-0.009065
-0.008847
-0.007536
-0.008774
-0.012414
-0.016273
-0.018494
-0.016237
-0.011614
-0.009211
-0.006407
-0.001820
0.000510
0.002039
0.001711
0.000947
0.004150
0.005971
0.004369
-0.001129
-0.009866
-0.017948
-0.020933
-0.016164
-0.009211
-0.004915
0.002476
0.007827
0.005315
-0.001238
-0.009174
-0.009757
-0.010449
-0.011395
-0.009138
-0.008009
-0.009720
-0.011468
-0.010485
-0.010631
-0.010412
-0.007900
-0.010631
-0.013106
-0.011614
-0.008628
-0.006626
-0.006153
-0.003095
0.001201
0.001165
-0.002512
-0.004077
-0.002985
-0.003823
-0.008337
-0.011941
-0.011359
-0.007354
0.000000
0.003167
0.001274
-0.003349
-0.006189
-0.012669
-0.014490
-0.011104
-0.009211
-0.013871
-0.015873
-0.011905
-0.005170
0.002476
0.004806
0.004478
0.003240
0.003786
0.005898
0.004660
0.000582
-0.002002
-0.006990
-0.013106
-0.014271
-0.004514
0.003495
0.003677
0.000000
-0.000801
-0.001675
-0.003131
0.000765
0.004951
0.004369
0.000291
-0.002330
-0.004842
-0.010631
-0.018130
-0.021043
-0.012269
0.001311
0.004806
0.004223
0.004951
0.002803
0.000182
-0.001747
-0.003167
-0.004951
-0.007463
-0.006116
-0.001893
0.002221
0.006189
0.007572
0.003386
-0.003531
-0.006553
-0.005934
-0.004915
-0.003131
-0.002658
-0.001201
-0.000473
-0.003531
-0.005825
-0.006043
-0.002548
-0.001129
-0.000546
0.001638
0.003349
0.003786
0.001238
-0.002694
-0.002075
-0.000109
0.001238
-0.000582
-0.001747
-0.000765
0.000765
0.003058
0.004915
0.004187
0.003713
0.000728
-0.000983
-0.003968
-0.006990
-0.009720
-0.012160
-0.009284
-0.003968
0.001893
0.004077
0.004005
0.006444
0.008009
0.006335
0.002876
-0.001056
-0.005461
-0.006735
-0.004077
-0.001820
-0.000910
-0.000291
-0.000073
-0.000036
-0.000801
0.000255
0.002621
0.004369
0.002694
0.001092
0.001056
0.000801
0.000328
0.000218
0.002075
0.003240
0.001857
0.000036
0.001930
0.004733
0.003895
0.003568
0.001893
-0.000619
-0.000473
-0.000728
-0.003531
-0.003386
0.000619
0.003240
0.003895
0.004405
0.003713
0.000983
-0.000692
-0.001602
0.000000
0.005060
0.008737
0.008956
0.006589
0.006335
0.006444
0.002840
-0.002221
-0.004624
-0.000582
0.003604
0.006844
0.009466
0.009247
0.007427
0.004296
0.001019
0.000036
0.001711
0.003895
0.005752
0.008373
0.010230
0.007900
0.005497
0.004806
0.006189
0.008519
0.008774
0.004405
0.001493
-0.001165
-0.001820
-0.000728
0.002803
0.005170
0.002112
-0.000437
0.000036
0.000947
0.002985
0.004988
0.004296
0.002512
0.003495
0.004915
0.005716
0.008592
0.008883
0.005024
0.002221
0.003167
0.004988
0.006153
0.009284
0.009684
0.005315
0.001638
0.003240
0.006043
0.005825
0.003167
-0.001784
-0.007937
-0.010194
-0.004150
0.007245
0.018858
0.024720
0.016273
-0.005024
-0.020387
-0.021552
-0.010485
0.007354
0.018968
0.016019
0.001930
-0.008009
-0.009320
-0.002840
0.007099
0.011431
0.007390
-0.002221
-0.009247
-0.011067
-0.008555
0.000109
0.010849
0.014562
0.010558
0.006262
0.001930
-0.006335
-0.015108
-0.020351
-0.020351
-0.010303
0.002294
0.014053
0.023919
0.024356
0.018968
0.006699
-0.009502
-0.020205
-0.021443
-0.014417
-0.003604
0.007099
0.012487
0.013834
0.014271
0.010521
0.003349
-0.004551
-0.010849
-0.011577
-0.009502
-0.005170
-0.002039
0.000837
0.004187
0.000546
0.000801
0.016383
0.018531
-0.000765
-0.006662
0.001092
-0.001347
-0.004842
0.001565
0.001784
-0.002658
-0.001675
-0.001747
-0.006844
-0.009320
-0.004514
0.000073
-0.000218
-0.002184
0.002184
0.005679
0.002002
-0.001857
-0.006589
-0.014016
-0.012706
-0.005934
-0.000291
0.005461
0.008228
0.002585
-0.004369
-0.008810
-0.009830
-0.007136
-0.004005
-0.001565
0.002694
0.006589
0.006371
0.002330
-0.003859
-0.006844
-0.009720
-0.010194
-0.006480
-0.002985
-0.001238
-0.000983
-0.001675
-0.004005
-0.007754
-0.010303
-0.007172
-0.000473
0.003750
0.004077
-0.000947
-0.006699
-0.009902
-0.009211
-0.005643
-0.003459
0.000874
0.004587
0.004696
0.003167
-0.002767
-0.009466
-0.012160
-0.012451
-0.009356
-0.000801
0.005570
0.002767
-0.004988
-0.007500
-0.004223
-0.000510
0.000473
0.001456
0.004587
0.002730
-0.002476
-0.005315
-0.006954
-0.007099
-0.004842
-0.000437
0.006844
0.010012
0.006699
0.001893
0.001784
0.001311
-0.000655
0.000801
0.004660
0.005497
0.007572
0.008373
0.005388
0.004769
0.003240
0.000947
0.001784
0.004260
0.004587
0.004915
0.005242
0.003932
0.003022
0.002294
0.001565
0.003313
0.006990
0.008082
0.006699
0.004769
0.004696
0.006371
0.005461
0.004988
0.006954
0.006298
0.003386
0.000000
-0.000947
-0.000437
0.001930
0.004660
0.006553
0.007864
0.008046
0.005570
0.002439
0.000218
0.002075
0.004733
0.007718
0.009720
0.008992
0.008228
0.005825
0.002439
0.001857
0.003750
0.006298
0.007609
0.009029
0.007063
0.003713
-0.002112
-0.005170
-0.004405
-0.003531
0.001420
0.008737
0.015254
0.017184
0.013689
0.007682
0.000837
-0.004660
-0.003058
0.001092
0.004150
0.006917
0.006881
0.004842
0.000983
-0.003022
-0.002257
0.000582
0.000291
0.000546
0.002985
0.004733
0.003095
-0.000874
-0.002949
-0.001857
-0.000801
0.000619
0.002658
0.005825
0.006990
0.004915
0.002658
-0.000328
-0.004005
-0.004332
-0.002002
-0.002912
-0.005679
-0.006626
-0.005679
-0.005898
-0.008228
-0.012487
-0.012815
-0.011577
-0.010813
-0.006589
-0.003531
-0.002075
0.003968
0.010412
0.016273
0.024720
0.020278
0.009902
-0.001602
-0.014344
-0.023336
-0.020096
-0.003022
0.017293
0.023955
0.017511
0.007754
0.001565
-0.002039
-0.008774
-0.012706
-0.010012
-0.000328
0.009101
0.010995
0.001565
-0.008519
-0.011796
-0.012014
-0.006772
-0.001966
0.001201
0.005242
0.006626
0.005352
0.006626
0.006808
0.000728
-0.005570
-0.007172
-0.005170
-0.002985
-0.000546
0.000765
0.000582
0.003713
0.006844
0.006444
0.002476
-0.002366
-0.004442
-0.003277
-0.002184
-0.000837
0.001019
0.000291
-0.000582
-0.000364
0.000109
0.000473
0.001165
0.000510
0.000837
0.000182
-0.001675
-0.000328
0.004114
0.008228
0.007754
0.001857
-0.004005
-0.005825
-0.005279
-0.002912
0.002330
0.006407
0.005497
0.002330
0.000619
0.000728
-0.000947
-0.003604
-0.005315
-0.004551
0.001274
0.005060
0.005716
0.008228
0.007026
0.000291
-0.008446
-0.011577
-0.008737
-0.002767
0.006735
0.012050
0.012487
0.011322
0.006881
-0.001820
-0.009902
-0.011067
-0.005789
-0.000619
0.002912
0.004624
0.002366
-0.003568
-0.009757
-0.012378
-0.008628
-0.001529
0.003204
0.004296
0.003641
0.004769
0.003932
-0.001056
-0.003968
-0.004223
-0.005170
-0.001274
0.002148
0.004733
0.003859
-0.004296
-0.010303
-0.013288
-0.014344
-0.008883
0.002694
0.014453
0.015618
0.017184
0.012924
0.004369
-0.002002
-0.014490
-0.025229
-0.024938
-0.011978
0.004696
0.019150
0.027195
0.017475
-0.001019
-0.022608
-0.037899
-0.035969
-0.021043
0.001056
0.022899
0.032401
0.027268
0.011249
-0.007245
-0.028287
-0.036260
-0.027814
-0.008046
0.007318
0.017511
0.022899
0.015218
0.001747
-0.012851
-0.023409
-0.029562
-0.028069
-0.015400
0.003713
0.019987
0.026103
0.020824
0.006043
-0.013470
-0.027159
-0.031309
-0.028287
-0.017948
-0.000655
0.012560
0.014599
0.011213
0.004915
-0.004041
-0.013579
-0.020606
-0.018640
-0.012560
-0.004878
0.002512
0.004878
0.001857
-0.002730
-0.007354
-0.010813
-0.013325
-0.011832
-0.007099
-0.002112
0.002221
0.002912
0.000218
-0.004696
-0.010157
-0.013579
-0.013798
-0.010230
-0.005971
-0.003204
-0.001966
-0.000619
0.000437
-0.004150
-0.008264
-0.010339
-0.011359
-0.009502
-0.006080
-0.002184
-0.000073
-0.000473
-0.002330
-0.003022
-0.004660
-0.005388
-0.004878
-0.006371
-0.009174
-0.008956
-0.006772
-0.004114
-0.002330
-0.000728
0.000218
-0.000765
-0.004478
-0.007390
-0.006517
-0.003459
-0.001893
-0.002221
-0.001820
-0.000437
-0.002949
-0.006917
-0.008410
-0.009575
-0.007172
-0.004915
-0.005315
-0.006699
-0.007281
-0.006371
-0.003313
0.003859
0.008264
0.004442
-0.003204
-0.012305
-0.020169
-0.021480
-0.015727
-0.006844
0.002294
0.007136
0.008992
0.010667
0.010084
0.008810
0.008410
0.003823
-0.001019
-0.003641
-0.001638
0.001966
0.002184
0.000255
-0.002366
-0.004369
-0.008446
-0.008555
-0.004332
-0.001711
0.001383
0.001893
0.001238
-0.003604
-0.008301
-0.008992
-0.005607
0.000291
0.003713
0.005861
0.006189
0.006225
0.004150
0.000837
-0.002949
-0.007827
-0.009356
-0.007136
-0.004696
-0.001675
-0.000546
-0.000692
-0.001565
-0.000801
-0.000146
-0.000437
-0.000364
-0.002184
-0.000364
0.002002
0.002257
0.000328
-0.001565
-0.004150
-0.007682
-0.006553
-0.005679
-0.002585
0.002840
0.006116
0.007390
0.005060
0.001747
-0.002476
-0.003131
0.000437
0.002840
0.003604
0.002330
-0.001893
-0.004696
-0.004223
-0.000655
0.000182
-0.000947
-0.001238
-0.000437
0.000983
0.003131
0.005898
0.006917
0.003568
-0.000328
-0.003568
-0.005898
-0.005133
-0.002767
-0.001857
-0.000546
0.000765
0.001019
0.001129
0.001274
0.002621
0.004114
0.005170
0.004769
0.002694
-0.000073
-0.004187
-0.005206
-0.003022
-0.001565
0.001165
0.002330
0.000655
-0.000218
-0.000546
-0.000182
0.002039
0.004514
0.003895
0.002585
0.002985
0.003968
0.003277
0.001638
0.000328
-0.000291
-0.000146
0.000510
0.000655
0.000801
0.001165
0.004514
0.006735
0.004296
0.000182
-0.003786
-0.004114
0.000582
0.006735
0.007864
0.005461
0.003823
0.000582
-0.001493
-0.000255
0.002148
0.003823
0.005934
0.008410
0.006662
0.002803
0.001092
0.000947
0.002075
0.004005
0.008592
0.007900
0.005170
0.000619
-0.001893
-0.003677
-0.003349
0.002512
0.007718
0.009211
0.007172
0.002767
0.000510
-0.000765
0.000910
0.004733
0.007500
0.009247
0.006844
0.003313
0.000437
-0.000073
0.001274
0.001820
0.003859
0.005097
0.005934
0.006844
0.006735
0.005752
0.004405
0.004005
0.003677
0.002366
0.003058
0.003932
0.004332
0.002985
0.002803
0.004005
0.005024
0.005206
0.004296
0.003968
0.003786
0.003713
0.004915
0.005024
0.005388
0.005060
0.005315
0.005133
0.004733
0.004514
0.005170
0.005170
0.005497
0.004915
0.004769
0.005352
0.005752
0.006116
0.005352
0.004223
0.003204
0.003277
0.003968
0.003750
0.003713
0.003313
0.002803
0.004114
0.005934
0.007026
0.007026
0.005279
0.002767
0.002621
0.003167
0.003823
0.004551
0.003531
0.003932
0.004005
0.003459
0.004660
0.004187
0.002257
0.003058
0.004769
0.005388
0.005424
0.006153
0.006881
0.006917
0.005534
0.004296
0.003386
0.003313
0.004624
0.005825
0.009429
0.012378
0.010194
0.004806
-0.003022
-0.008519
-0.013798
-0.017657
-0.014963
-0.007318
0.002112
0.011832
0.017875
0.020679
0.019295
0.015036
0.007609
-0.001893
-0.009138
-0.011796
-0.010449
-0.003422
0.004951
0.012269
0.013470
0.010958
0.006699
0.000255
-0.004296
-0.007609
-0.008847
-0.004806
0.000692
0.006954
0.010813
0.011213
0.007536
0.001675
-0.000983
-0.003095
-0.003968
-0.006298
-0.005789
-0.002912
-0.000073
0.001893
0.004806
0.007063
0.007900
0.005789
0.002767
0.000218
-0.000765
-0.000765
0.000000
0.000728
0.001092
0.002257
0.000728
-0.001420
-0.003495
-0.002585
-0.000801
-0.000036
0.000728
0.001311
0.002439
0.005607
0.005971
0.004551
0.003022
0.000910
-0.002294
-0.000036
0.002949
0.001238
0.001311
0.000000
-0.001238
-0.002366
-0.002840
-0.003713
-0.002403
-0.001966
-0.001129
0.001529
0.004951
0.006116
0.007827
0.007900
0.004842
0.000801
-0.000692
-0.002112
-0.006007
-0.008191
-0.008701
-0.006553
-0.004405
-0.003495
-0.003786
-0.002548
-0.001565
-0.001747
-0.001347
-0.000218
0.000255
0.001565
0.000765
0.000400
0.000182
0.001966
0.004223
0.005789
0.005607
0.003968
0.003641
0.001857
-0.000437
-0.001966
-0.000582
0.000400
-0.000255
-0.003167
0.000000
0.002476
0.008519
0.010048
0.010230
0.005060
-0.000947
-0.002912
-0.005497
-0.004187
-0.003786
-0.003277
0.002876
0.005024
0.004114
0.003677
0.004005
0.004296
0.003204
0.002439
0.002985
0.004915
0.003459
0.002112
0.000437
0.000510
0.001201
-0.000291
-0.001092
-0.002439
-0.000546
0.002403
0.007245
0.010194
0.007900
0.007026
0.006007
0.002585
0.002949
0.003349
0.003641
0.001274
0.002949
0.003895
0.001311
0.000510
0.001784
0.004769
0.005971
0.005971
0.005716
0.005242
0.003713
0.003277
0.003968
0.003968
0.000473
-0.001056
-0.000473
0.001165
0.002075
0.005898
0.009975
0.009101
0.005352
0.001129
-0.001201
-0.002403
-0.000473
0.003058
0.005097
0.004223
0.003422
0.002876
0.004005
0.006917
0.010048
0.010012
0.006662
0.002366
0.001347
0.003058
0.007645
0.009538
0.008883
0.006626
0.003786
0.003604
-0.000546
-0.004478
-0.004624
-0.005315
-0.008555
-0.007827
-0.004296
0.001019
0.005534
0.004878
-0.000655
-0.003786
-0.005388
-0.006444
-0.005352
0.000765
0.006153
0.008737
0.006990
0.001820
-0.003568
-0.004005
-0.001565
-0.000837
-0.000291
-0.002002
-0.005024
-0.009648
-0.008701
-0.005060
-0.002767
-0.002512
-0.006262
-0.012123
-0.014926
-0.013070
-0.005570
0.002694
0.006808
0.010339
0.010776
0.012669
0.013143
0.013434
0.016456
0.013325
0.011868
0.009902
0.005133
0.002039
0.001238
0.002366
0.004005
0.004187
0.005206
0.002585
0.000036
0.000947
0.002257
0.002658
0.002694
0.001274
0.000182
-0.003531
-0.004332
-0.003823
-0.003459
-0.001201
-0.001201
-0.000947
-0.001238
-0.000728
0.001311
0.001747
0.002403
0.002949
0.003058
0.001857
0.000692
-0.002512
-0.008119
-0.011031
-0.008628
-0.004769
-0.001966
0.002621
0.007754
0.006589
0.003895
0.001565
0.000036
-0.000328
-0.000109
0.001383
0.003786
0.007718
0.008810
0.004806
0.001493
-0.001238
-0.002075
-0.002840
-0.002548
0.000109
0.001056
0.003386
0.003895
0.003968
0.004005
0.003131
0.003422
0.002658
-0.000073
-0.002767
-0.004114
-0.003495
-0.004696
-0.005861
-0.004696
-0.002840
-0.000364
-0.000073
0.002694
0.005060
0.005898
0.003859
0.003677
0.002585
0.001820
0.000109
-0.001893
-0.004405
-0.006480
-0.008082
-0.008009
-0.007791
-0.005752
-0.002658
-0.000328
-0.000255
-0.000692
0.002366
0.006589
0.009575
0.008119
0.005133
0.002512
0.000983
0.001638
0.000910
0.002294
0.004223
0.004514
0.005534
0.002585
0.002658
0.001602
0.003277
0.001456
0.000473
0.001456
-0.000473
-0.001675
-0.002985
-0.004915
-0.003859
0.002148
0.005242
0.001857
0.000218
0.000910
-0.001420
-0.002112
-0.000255
0.003386
0.004332
0.005971
0.006007
0.001784
-0.001529
-0.003568
-0.003022
-0.001420
0.000510
0.003823
0.006007
0.005352
0.003095
0.001638
0.003277
0.003750
0.003568
0.002621
0.002985
0.001711
-0.000437
-0.000728
0.000400
0.006808
0.008155
0.007572
0.008301
0.007536
0.005570
0.003823
0.003386
0.000874
-0.003313
-0.002658
0.003131
0.007791
0.007572
0.004915
0.001238
0.000400
-0.000983
-0.002621
-0.003895
-0.006444
-0.003604
0.002184
0.005060
0.005497
0.006080
0.007136
0.003386
0.000619
0.006298
0.006007
0.004660
0.003932
0.005352
0.011759
0.009720
0.004915
0.003531
0.007682
0.008191
0.007136
0.005934
0.004223
0.003968
0.005315
0.006772
0.005898
0.003932
0.005279
0.000182
0.001311
0.002366
-0.004187
-0.002512
0.001857
0.002512
0.003932
0.004478
-0.001529
-0.001820
0.003313
0.004806
0.003568
0.002840
0.004696
0.006043
0.006080
0.003859
0.007718
0.012961
0.008483
0.010449
0.010703
0.005315
0.005352
0.006080
0.003823
-0.000109
0.002148
0.007208
0.005643
0.001129
-0.001857
-0.001456
-0.000036
-0.003568
-0.000437
0.005133
0.003422
-0.001019
0.000910
0.006808
0.006480
0.004842
0.004187
0.003859
0.002949
0.001238
0.000837
0.000947
0.000947
0.002221
0.003859
0.005060
0.005570
0.006225
0.005825
0.008119
0.006080
0.002730
0.002148
0.002184
0.001638
-0.000619
-0.003713
-0.003495
0.000182
0.002148
0.003349
0.004988
0.004041
-0.000328
-0.001893
0.001456
0.008264
0.013361
0.012269
0.006007
-0.000765
-0.003349
0.001456
0.004260
0.003277
0.003422
0.005024
0.005315
0.004915
0.004733
0.001893
0.001857
0.002330
0.002767
0.003349
0.003058
0.003713
0.004878
0.004551
0.003167
0.000510
0.000182
0.000073
0.002366
0.004077
0.004077
0.004988
0.005097
0.002585
0.002658
0.004806
0.004514
0.002148
0.002439
0.003240
0.003459
0.003968
0.004260
0.003531
0.001857
0.002439
0.001019
0.000655
0.000473
0.002002
0.004806
0.006080
0.005752
0.005971
0.007026
0.005679
0.002330
-0.000291
0.000437
0.002112
0.005643
0.011249
0.012851
0.008810
0.005643
0.003859
0.001711
0.000036
0.001893
0.005060
0.005861
0.006808
0.008410
0.006553
0.005898
0.005643
0.005497
0.006480
0.006772
0.007827
0.006626
0.006116
0.005971
0.004041
0.002548
0.002585
0.003677
0.004733
0.004369
0.006080
0.005679
0.004806
0.004951
0.005934
0.003641
0.003131
0.004951
0.004769
0.004114
0.003713
0.004624
0.006225
0.005861
0.005971
0.007864
0.007136
0.008810
0.006735
0.004878
0.005133
0.005024
0.005242
0.006626
0.008191
0.003750
0.002184
0.004077
0.002112
0.001493
0.004405
0.010084
0.010885
0.010412
0.012123
0.010995
0.007754
0.004696
0.001420
-0.000218
-0.003277
-0.003495
-0.002803
-0.000473
0.006043
0.009793
0.010121
0.009101
0.009393
0.008191
0.006480
0.004442
0.002476
0.003131
0.004442
0.005279
0.004150
0.004187
0.005352
0.004150
0.000546
-0.000036
0.000910
0.002075
0.001602
0.002767
0.003823
0.003167
0.005716
0.006189
0.005934
0.005461
0.004478
0.005643
0.004187
0.002548
0.001930
0.002621
0.004405
0.003131
0.002476
0.003022
0.003459
0.003531
0.003641
0.003932
0.004806
0.005497
0.005279
0.003968
0.003022
0.003204
0.004369
0.004988
0.003932
0.003786
0.002512
0.003131
0.002112
0.001165
0.003459
0.005424
0.005024
0.005352
0.004077
0.000036
0.000000
0.001238
0.004842
0.011067
0.013106
0.010266
0.006225
0.001675
0.001129
0.002548
0.003604
0.001930
0.003167
0.003277
0.002039
0.002476
0.006189
0.007609
0.004005
-0.002366
-0.008847
-0.011213
-0.006444
0.000801
0.008373
0.009284
0.008810
0.009065
0.004696
0.005097
0.005315
0.004369
0.002366
0.002439
0.001857
-0.001529
-0.007500
-0.009138
-0.003240
0.005133
0.010157
0.010121
0.005497
-0.000400
-0.002112
-0.000073
0.003022
0.000473
-0.001675
-0.001493
0.001857
0.004150
0.004915
0.004551
0.001711
-0.000619
-0.000874
0.000728
0.004696
0.008191
0.012123
0.013143
0.008919
0.003386
-0.000328
-0.001529
-0.001857
-0.002075
-0.002184
-0.000874
-0.000837
0.000364
0.006262
0.013434
0.015436
0.009866
0.002476
-0.002439
-0.003058
0.001129
0.004005
0.002330
-0.001383
-0.002621
-0.004223
-0.011868
-0.019950
-0.021589
-0.020023
-0.019623
-0.020424
-0.019659
-0.015582
-0.007609
0.001893
0.009211
0.015582
0.019586
0.018822
0.016128
0.014490
0.012451
0.009793
0.010521
0.010012
0.005861
0.004296
0.006553
0.003641
-0.002585
-0.006262
-0.005097
-0.003786
-0.000801
0.003313
0.006626
0.006480
0.005679
0.005971
0.005352
0.003641
-0.001092
-0.000655
-0.001129
-0.001056
-0.001092
-0.000546
-0.001092
-0.004332
-0.003677
-0.003459
-0.006335
-0.009138
-0.009757
-0.006626
-0.007718
-0.009029
-0.009138
-0.005024
0.000036
0.000728
0.000146
-0.003459
-0.003313
-0.001383
-0.000109
0.001747
0.002221
0.002548
0.000692
0.000437
-0.000837
-0.000619
0.002294
0.003713
0.001274
-0.005861
-0.006662
-0.003968
-0.002512
-0.000437
0.001529
0.001493
0.000000
0.003386
0.003895
0.000582
-0.002330
-0.001092
-0.001420
-0.002803
-0.004223
-0.005534
-0.006335
-0.005789
-0.002621
0.000364
0.002002
0.001092
-0.000910
0.001675
0.003750
0.000400
-0.002512
-0.003823
-0.003823
-0.002112
0.000291
-0.000036
-0.000437
-0.001311
-0.004442
-0.004551
-0.002840
-0.002476
-0.002221
-0.002112
-0.001747
-0.000109
0.002112
0.004478
0.005424
0.003277
-0.001747
-0.003932
-0.002075
-0.001420
0.000000
0.002803
0.004005
0.001565
-0.001347
-0.001019
-0.000291
0.000036
0.002257
0.003022
0.002985
-0.000109
-0.004514
-0.002330
0.001201
0.005170
0.007099
0.008337
0.008082
0.015254
0.015691
-0.001893
-0.014781
-0.006298
0.004988
0.018968
0.023846
0.015582
-0.005133
-0.038700
-0.073504
-0.086755
-0.059269
-0.009939
0.040119
0.073285
0.085445
0.071101
0.036806
-0.005534
-0.040556
-0.057849
-0.053990
-0.030836
0.003968
0.031528
0.041976
0.037316
0.018749
-0.007245
-0.030617
-0.045835
-0.048893
-0.034913
-0.006116
0.024064
0.045362
0.051078
0.044160
0.020824
-0.007354
-0.025229
-0.033348
-0.033093
-0.022353
-0.002075
0.016710
0.028834
0.026504
0.014308
-0.000910
-0.016128
-0.025885
-0.029452
-0.020679
-0.006699
0.002112
0.009429
0.011978
0.011468
0.006007
-0.001274
-0.009138
-0.016310
-0.018021
-0.012596
-0.002221
0.002694
0.005279
0.006954
0.002876
-0.003823
-0.010631
-0.013871
-0.013106
-0.012815
-0.015145
-0.012050
-0.003604
0.001857
0.003713
0.004442
-0.003277
-0.015982
-0.021480
-0.017693
-0.004150
0.007536
0.009247
0.002184
-0.007245
-0.022062
-0.031200
-0.022899
0.001238
0.015072
0.005315
-0.007390
-0.021043
-0.034950
-0.036260
-0.021807
0.002548
0.018858
0.019878
0.011905
-0.003313
-0.022899
-0.029853
-0.022535
-0.014999
-0.005315
0.007536
0.010995
0.002767
-0.005424
-0.011395
-0.019477
-0.021807
-0.018312
-0.013470
-0.006189
-0.003167
-0.007427
-0.008737
-0.007791
-0.008301
-0.006298
-0.002221
-0.000582
0.000036
-0.002694
-0.005461
-0.006043
-0.006881
-0.005279
-0.005752
-0.010303
-0.013361
-0.016892
-0.017220
-0.015218
-0.013070
-0.005534
0.001019
0.003932
0.004223
0.002403
-0.001165
-0.004296
-0.003713
-0.005643
-0.006043
-0.006043
-0.009029
-0.006735
-0.003167
-0.001638
-0.000073
-0.000182
-0.000510
-0.001675
-0.001711
-0.000801
-0.002221
-0.003459
-0.004260
-0.001420
0.004041
0.007900
0.007754
0.006043
0.004332
0.002803
0.002476
0.002876
0.002439
0.002548
0.000947
0.000073
-0.002548
-0.003750
-0.000109
0.002912
0.005352
0.005789
0.004733
0.003131
0.001529
0.002912
0.005643
0.007026
0.006589
0.003495
0.000874
0.000000
-0.001165
-0.003386
-0.003095
-0.001165
0.000000
0.001565
0.001784
0.001711
0.002985
0.002840
0.002112
0.002257
0.004260
0.005315
0.005352
0.003349
-0.001711
-0.007026
-0.006189
-0.001238
0.001165
-0.001092
-0.001565
-0.001930
-0.002694
-0.002658
-0.001347
0.000000
-0.000910
-0.000582
0.001347
0.001129
0.000182
-0.000146
0.000437
0.002112
0.001930
0.000837
0.000000
0.001711
0.001893
0.000910
-0.002876
-0.003204
0.006990
0.005825
-0.001820
0.001784
0.003641
-0.000182
-0.000036
0.002039
0.003131
-0.000146
0.001493
0.005898
0.009138
0.007682
0.006407
0.005424
0.004551
0.001092
-0.003641
-0.004478
-0.002694
-0.001893
-0.004260
-0.001857
0.005679
0.008519
0.000947
-0.001857
0.002039
0.003313
0.003095
-0.000364
-0.006917
-0.005352
-0.002512
-0.001347
0.000582
0.001966
0.000182
0.000328
0.003531
-0.001201
-0.006189
-0.004514
-0.002112
-0.004260
-0.007281
-0.017038
-0.017948
-0.005352
0.003968
0.006699
0.004624
-0.008592
-0.018895
-0.006116
0.016565
0.024028
0.006553
-0.025375
-0.049112
-0.046308
-0.021298
0.007973
0.024574
0.018676
0.009866
0.008847
0.004405
-0.004077
-0.004187
-0.002876
-0.010157
-0.013325
-0.012087
-0.012706
-0.005716
0.007536
0.018021
0.023263
0.017402
0.001930
-0.009611
-0.010703
-0.001420
0.007937
0.002075
-0.008992
-0.011104
-0.003895
0.008774
0.017475
0.014344
0.003131
-0.003531
-0.003968
0.000218
0.003022
0.005716
0.010048
0.008301
0.004405
-0.000910
-0.004442
-0.003277
0.004005
0.013325
0.015582
0.008774
0.005861
0.002294
0.003022
0.006553
0.009648
0.006080
0.001129
-0.000692
0.000582
0.004150
0.007754
0.007682
0.002075
-0.001129
0.001238
0.002985
0.003022
0.004951
0.007791
0.007281
0.004442
0.001420
-0.001711
-0.000291
0.005170
0.007536
0.008301
0.007609
0.000910
-0.007864
-0.006080
0.001893
0.008847
0.012815
0.011286
0.003531
-0.000947
0.004187
0.005315
-0.002439
-0.007572
-0.006298
-0.003968
-0.002148
-0.005133
-0.010631
-0.008483
0.000437
0.008410
0.011832
0.009720
0.008082
0.009138
-0.012961
-0.037607
-0.023009
-0.006662
0.001019
0.020788
0.019004
-0.021552
-0.041248
-0.028870
-0.030799
-0.021880
0.017839
0.051697
0.066150
0.035023
-0.011759
-0.041867
-0.044415
-0.027268
-0.012524
0.002803
0.000036
-0.013543
-0.018276
-0.014817
-0.010631
-0.008592
-0.003204
0.004878
0.006990
0.008301
0.005206
0.003022
0.000255
-0.000437
-0.006881
-0.017038
-0.020242
-0.019841
-0.020242
-0.010849
0.000910
0.005424
0.003495
-0.002257
-0.006080
-0.005461
-0.003641
-0.002767
-0.002585
-0.000874
0.000655
-0.000728
-0.001565
-0.001056
-0.007536
-0.009939
-0.001201
0.007390
0.004769
-0.002876
-0.010449
-0.014854
-0.014890
-0.015873
-0.011650
-0.008046
-0.009611
-0.008774
-0.007463
-0.004878
-0.000801
0.006480
0.010266
0.010230
0.012706
0.008373
0.001493
-0.000546
0.000801
0.000655
-0.000765
-0.007026
-0.016055
-0.018895
-0.016091
-0.011614
-0.006990
-0.005206
-0.005570
-0.003167
0.002585
0.008119
0.006335
0.004769
0.005170
0.007536
0.010558
0.012050
0.003058
-0.008410
-0.011395
-0.010776
-0.012851
-0.012087
-0.015436
-0.024574
-0.032401
-0.035641
-0.035496
-0.032001
-0.021989
-0.009502
-0.000510
0.002876
0.007318
0.008228
0.005497
0.010813
0.013980
0.012851
0.013033
0.009174
0.006662
0.007500
0.003095
-0.001420
-0.006335
-0.012596
-0.021006
-0.027960
-0.028142
-0.025957
-0.026977
-0.027996
-0.026758
-0.022535
-0.018094
-0.012014
-0.005861
-0.003022
0.001529
0.005861
0.007463
0.006735
0.004114
0.003823
0.004842
0.001347
-0.004514
-0.003531
-0.002912
-0.010849
-0.011213
-0.008919
-0.007973
-0.004332
-0.001129
-0.000109
-0.003823
-0.006990
-0.010048
-0.010995
-0.005861
-0.002912
-0.004187
-0.008628
-0.015800
-0.018968
-0.014635
-0.005825
0.000109
0.003932
0.004187
-0.002403
-0.009830
-0.015582
-0.017803
-0.016310
-0.016419
-0.015655
-0.013361
-0.007645
-0.004187
-0.002840
-0.003240
-0.003386
-0.005825
-0.008373
-0.008046
-0.009866
-0.006153
-0.007682
-0.009939
-0.010521
-0.011978
-0.008046
-0.004842
-0.004514
-0.006662
-0.010631
-0.010922
-0.006808
-0.002257
0.003240
0.005752
0.005934
0.003859
-0.001165
-0.004223
-0.007827
-0.011723
-0.015145
-0.017912
-0.014016
-0.008264
-0.006808
-0.004260
-0.003568
-0.008519
-0.013434
-0.014926
-0.014344
-0.013543
-0.007390
0.001165
0.008446
0.014526
0.012633
0.006480
-0.000182
-0.003786
-0.004478
-0.007281
-0.008592
-0.004878
-0.004915
-0.009684
-0.014562
-0.016674
-0.019222
-0.012451
0.001675
0.011868
0.007536
-0.008446
-0.018094
-0.015873
-0.011868
-0.006553
-0.006080
-0.009575
-0.009575
-0.011359
-0.014308
-0.006808
0.002039
0.003859
0.002148
-0.000910
-0.004442
-0.011249
-0.006553
0.003968
0.009575
0.008592
0.002658
-0.003750
-0.011249
-0.013543
-0.008628
-0.004187
-0.004551
-0.012414
-0.020751
-0.024574
-0.021916
-0.008592
0.009174
0.018021
0.014089
0.008446
0.004514
0.001019
-0.002949
-0.010339
-0.014744
-0.013725
-0.011067
-0.008665
-0.006335
-0.001274
0.001711
0.005570
0.007463
0.007281
0.006225
0.001347
-0.011504
-0.025557
-0.031127
-0.026322
-0.012378
0.003277
0.016128
0.022026
0.021152
0.009866
-0.004951
-0.016528
-0.024938
-0.024610
-0.013543
-0.000692
0.009356
0.011650
0.006735
-0.000947
-0.008082
-0.014089
-0.016710
-0.015582
-0.008009
0.000837
0.008483
0.011686
0.008810
0.003386
-0.006007
-0.014490
-0.020387
-0.021662
-0.015946
-0.004405
0.009211
0.016383
0.011723
0.000655
-0.011832
-0.021516
-0.022426
-0.015764
-0.006043
0.003131
0.015327
0.018203
0.014672
0.012560
-0.006480
-0.022717
-0.023737
-0.030690
-0.014053
0.001201
0.002694
0.017875
0.013652
0.003313
-0.000109
-0.009720
-0.011832
-0.009284
-0.009101
-0.009211
-0.012123
-0.014380
-0.017293
-0.014198
-0.006080
-0.004114
-0.007754
-0.015181
-0.015436
-0.007754
0.000146
0.003495
-0.001675
-0.011249
-0.018239
-0.013470
-0.005898
-0.003349
-0.003495
-0.004187
-0.006007
-0.004005
-0.001056
0.001238
0.002985
0.005206
0.001383
-0.009101
-0.014963
-0.010157
-0.005206
-0.001056
0.003022
0.000328
-0.007718
-0.015618
-0.020788
-0.017111
-0.005024
0.002949
0.004114
0.003204
-0.002075
-0.003968
-0.002548
-0.001857
-0.003204
-0.001238
-0.000109
-0.002876
-0.006589
-0.008774
-0.005279
-0.000910
0.000910
-0.000146
-0.001784
-0.006225
-0.011832
-0.013907
-0.011140
-0.006626
-0.003968
-0.002730
-0.000692
-0.002439
-0.004769
-0.004951
-0.006626
-0.007136
-0.004624
0.000291
0.003823
0.004624
0.002840
-0.000328
-0.001493
-0.002512
-0.003604
-0.004041
-0.005279
-0.004696
-0.003495
-0.001784
0.001092
0.002439
-0.000692
-0.005497
-0.007463
-0.004806
0.001019
0.004260
0.004187
0.002912
-0.001747
-0.006116
-0.005789
-0.003386
-0.002985
-0.001930
0.002912
0.004077
0.001820
0.000036
-0.003313
-0.005242
-0.005133
-0.004951
-0.000765
0.005679
0.007281
0.001784
-0.007318
-0.009320
-0.001966
0.002039
-0.002002
-0.006881
-0.005279
0.000910
0.005971
0.007026
0.003568
0.001129
0.003022
0.005752
0.006881
0.006043
0.003750
0.001529
0.001420
-0.001565
-0.004878
-0.010449
-0.007026
0.021989
0.040301
0.024610
0.009320
0.008009
0.004587
-0.001347
0.000000
0.008264
0.009757
0.010449
0.017256
0.018822
0.010740
0.005534
0.009902
0.009065
0.003058
0.000728
0.001311
0.004114
0.006444
0.009720
0.014235
0.013943
0.007827
0.003895
0.002730
-0.002112
-0.011650
-0.011723
-0.004878
-0.000255
0.001493
0.001602
-0.000036
-0.001857
0.000692
0.003313
0.003641
0.004041
0.002512
0.004223
0.007063
0.004478
0.001165
0.002184
0.003131
0.001930
0.002075
-0.004187
-0.013543
-0.018239
-0.018239
-0.010776
-0.002002
0.001165
-0.001383
-0.003131
-0.004223
-0.005534
-0.007609
-0.006553
-0.003240
0.002585
0.009029
0.007136
-0.004187
-0.018895
-0.030035
-0.038627
-0.030363
-0.013470
0.000801
0.011395
0.020278
0.024137
0.023700
0.013871
-0.000582
-0.013470
-0.019077
-0.018968
-0.014635
-0.006371
0.000364
0.004442
0.006699
0.005607
0.005607
0.003641
0.000582
-0.002002
-0.002330
-0.003713
-0.002803
-0.001311
-0.002876
-0.001602
0.002585
0.005097
0.005461
0.003895
0.001857
-0.002112
-0.003495
-0.002767
-0.001565
-0.000291
0.004551
0.007463
0.007791
0.007572
0.004806
0.001420
0.003713
0.006298
0.006844
0.006371
0.007572
0.003568
-0.000073
-0.000109
0.004660
0.010157
0.013033
0.007318
-0.007536
-0.020533
-0.024283
-0.015837
-0.004587
0.006990
0.017693
0.026904
0.027122
0.012087
-0.009466
-0.025375
-0.027377
-0.013033
0.002585
0.008555
0.011468
0.010594
0.004077
-0.005679
-0.016565
-0.021261
-0.014490
-0.004041
0.005534
0.010412
0.008701
-0.004187
-0.019077
-0.023445
-0.019841
-0.009684
0.003277
0.008191
0.002658
-0.002366
-0.000109
0.000400
-0.015582
-0.028542
-0.039246
-0.036624
-0.008009
0.027268
0.032729
0.009393
-0.023445
-0.040447
-0.024101
-0.009065
-0.010230
-0.012123
-0.006844
0.000255
0.011941
0.022280
0.001893
-0.041794
-0.058577
-0.034622
-0.018749
-0.017875
-0.000109
0.033894
0.053844
0.031746
-0.004369
-0.020569
-0.018785
-0.016820
-0.013689
-0.016856
-0.020897
-0.025448
-0.019477
-0.004696
0.005861
0.007973
-0.001565
-0.015072
-0.021152
-0.016346
-0.008191
-0.004296
-0.006335
-0.011286
-0.012014
-0.008665
-0.001274
0.000182
-0.004150
-0.008301
-0.011832
-0.009939
-0.003604
-0.000874
-0.003204
-0.004260
-0.002912
-0.003604
-0.002621
-0.004332
-0.007390
-0.006189
-0.006735
-0.006699
-0.006589
-0.008082
-0.010376
-0.008592
-0.009393
-0.011504
-0.011796
-0.007900
-0.005971
-0.004114
-0.003604
-0.004733
-0.006225
-0.010449
-0.009174
-0.002548
0.002876
0.001201
-0.004806
-0.010558
-0.008228
-0.002985
0.000510
0.003459
0.001784
-0.000255
-0.001019
-0.001565
-0.001493
-0.001638
-0.000182
0.002403
0.004187
0.003022
0.002840
-0.000692
-0.004514
-0.008373
-0.012232
-0.007536
-0.000073
0.001820
-0.003386
-0.010303
-0.008264
-0.005461
-0.002949
-0.001529
0.001565
0.003531
-0.006407
-0.013834
-0.004624
0.004077
0.000255
-0.004514
-0.005570
-0.004514
-0.000109
-0.003313
-0.007136
-0.002767
-0.000437
-0.010485
-0.025739
-0.028287
-0.016419
-0.012924
-0.011868
-0.008337
-0.009284
-0.006225
0.003531
0.011395
0.013725
0.010631
0.003895
0.003422
0.008665
0.011723
0.006517
-0.002730
-0.010012
-0.006335
0.003131
0.006589
0.005643
0.004077
0.007900
0.021261
0.028469
0.023263
0.011213
-0.000036
-0.007572
-0.010230
-0.006699
-0.002257
-0.001274
-0.001456
-0.001129
0.004150
0.006917
0.002512
-0.003823
-0.009029
-0.015108
-0.019841
-0.019295
-0.014635
-0.010376
-0.003641
0.001893
0.004951
0.002730
-0.005861
-0.013579
-0.011541
-0.008446
-0.004332
-0.000728
0.002294
0.005352
0.011650
0.013907
0.010922
0.007682
0.000146
-0.007354
-0.019040
-0.025011
-0.022499
-0.018021
-0.010048
0.001056
0.013033
0.019623
0.020679
0.017475
0.009029
0.001565
-0.004296
-0.010194
-0.012087
-0.011395
-0.007827
-0.003641
0.000146
0.001820
0.002075
0.000437
-0.004150
-0.006480
-0.004514
-0.003277
-0.002694
-0.001930
-0.004442
-0.005424
-0.006080
-0.007354
-0.003968
-0.002039
-0.002840
-0.003713
-0.003386
-0.002730
-0.001274
-0.000983
-0.001857
-0.002585
-0.005170
-0.008046
-0.005497
-0.001019
0.003677
0.006589
0.005170
-0.000728
-0.005789
-0.007172
-0.007281
-0.003459
0.001092
0.002658
0.001129
0.001056
0.001201
0.000000
-0.001238
-0.002075
-0.001311
-0.001747
-0.001165
-0.001165
-0.002585
-0.000765
0.000073
0.000146
0.000073
0.002075
0.003531
0.001165
-0.000437
-0.000619
-0.001129
0.000328
0.000546
0.001638
0.001092
-0.000400
0.000655
-0.000692
-0.003531
-0.004296
-0.002148
-0.000364
-0.001274
-0.000473
-0.000728
-0.003895
-0.008119
-0.007645
-0.004696
-0.001638
0.005716
0.013725
0.014162
0.009611
0.006662
0.003204
-0.001347
-0.002039
0.000109
0.002512
0.003349
0.002912
0.000692
-0.002294
-0.004114
-0.004660
-0.002294
0.002294
0.005461
0.006444
0.005934
0.005097
0.003022
-0.005388
-0.012050
-0.008847
-0.002221
0.007463
0.014308
0.013070
0.004077
-0.005279
-0.008337
-0.005825
0.000000
0.003968
0.001529
-0.000255
0.001311
0.003750
0.004114
0.005097
0.008373
0.007208
0.001383
-0.005315
-0.006662
-0.002512
0.003568
0.005242
0.001857
0.000947
0.001820
0.001747
-0.000364
-0.003495
-0.004077
-0.004988
-0.001092
0.003459
0.005861
0.006298
0.003568
0.000473
-0.000073
0.001675
0.002002
0.001893
0.005133
0.005206
0.001165
-0.002257
-0.002512
0.000000
0.002257
0.002658
0.001602
-0.001602
-0.001056
0.002949
0.008191
0.010012
0.002294
-0.005352
-0.009611
-0.009174
-0.002221
0.000765
0.002294
0.004551
0.002694
0.000218
-0.000218
-0.004041
-0.004551
0.000510
0.005861
0.006153
0.005971
0.004369
0.001165
0.002221
0.000400
-0.006116
-0.006335
-0.000146
0.003131
0.005279
0.012779
0.018130
0.008956
-0.003568
-0.012961
-0.018312
-0.014053
0.002002
0.011541
0.009939
0.007754
0.001565
-0.004296
-0.006225
-0.007063
-0.005752
-0.000582
0.007463
0.010740
0.009648
0.004114
-0.001675
-0.008046
-0.011359
-0.006553
-0.001493
0.001456
0.003422
0.002912
0.003459
0.003750
0.002658
-0.001930
-0.003313
-0.000255
0.001857
0.003349
0.004733
0.006189
0.005461
0.005461
0.004405
0.001201
-0.000837
-0.001820
-0.005971
-0.012342
-0.011031
-0.004332
-0.001420
-0.000728
0.000109
0.002002
0.004514
0.005497
0.003713
0.002476
0.002985
0.002403
0.002039
0.000218
-0.003932
-0.006262
-0.004696
-0.003713
-0.004878
-0.006043
-0.004878
-0.002658
-0.000947
-0.001930
-0.002330
0.007500
0.012997
0.005534
0.000291
-0.001675
-0.004587
-0.002366
0.002548
0.005424
0.007172
0.009684
0.011395
0.006844
0.000073
-0.002184
0.000328
0.006116
0.009611
0.011577
0.011067
0.006990
0.003713
0.006007
0.012342
0.014380
0.008774
0.002949
0.001056
0.000400
0.000655
0.003859
0.009684
0.013907
0.014890
0.013725
0.011650
0.011067
0.010995
0.010922
0.013871
0.013579
0.013179
0.009356
0.006116
0.007973
0.007354
0.003641
0.000728
0.003022
0.008847
0.012196
0.014963
0.010740
0.003095
-0.001420
-0.001638
-0.001311
0.002803
0.006080
0.007354
0.001238
-0.006480
-0.009575
-0.008009
-0.003022
0.006407
0.012487
0.010084
0.005242
0.001565
-0.000983
-0.002694
-0.005861
-0.006480
-0.001092
0.007318
0.010521
0.005934
0.001201
-0.002330
-0.007208
-0.005497
-0.001420
0.001893
0.003422
0.001493
0.000619
-0.000619
-0.002767
-0.006189
-0.007026
-0.005534
-0.000510
0.005388
0.007172
0.006553
0.006371
0.002694
-0.002039
-0.004260
-0.006444
-0.004988
0.004005
0.007245
0.007281
0.008301
0.002840
-0.006189
-0.013871
-0.015218
-0.009174
-0.001274
0.005643
0.003932
-0.002694
-0.008737
-0.007208
0.000874
0.001966
-0.001383
-0.003167
-0.002330
0.000182
0.003495
0.008082
0.009466
0.004150
0.001820
0.006954
0.014708
0.014380
0.010849
0.007281
0.002949
-0.003058
-0.006189
-0.003349
-0.007354
-0.013434
-0.009466
0.002148
0.010922
0.015473
0.017402
0.008119
-0.001019
-0.006844
-0.007063
-0.002512
0.002039
0.005716
0.004624
0.003095
0.001274
0.000874
-0.002294
-0.009211
-0.005497
0.000910
0.006225
0.014344
0.014963
0.010230
0.008337
0.008992
0.004660
0.002694
0.000000
0.000000
0.005752
0.011213
0.009284
0.006881
0.005279
0.003604
-0.001638
-0.009684
-0.016201
-0.014635
-0.014198
-0.013397
-0.011031
-0.007245
-0.004514
-0.004260
-0.005716
-0.006517
-0.002585
0.004260
0.005789
0.008264
0.013834
0.019878
0.021953
0.020460
0.011031
-0.004842
-0.014781
-0.013798
-0.010084
-0.005497
0.000437
0.002366
0.000765
-0.005461
-0.016237
-0.027487
-0.028433
-0.019441
-0.012087
-0.002767
0.004332
0.000692
-0.002985
0.002694
-0.000692
-0.021334
-0.031710
-0.018021
0.011868
0.038590
0.030472
-0.005242
-0.031418
-0.052024
-0.067824
-0.052315
-0.005352
0.039355
0.061016
0.065240
0.057485
0.028870
-0.015254
-0.052825
-0.068334
-0.072630
-0.057558
-0.018603
0.021334
0.034731
0.027086
0.011431
-0.007500
-0.023518
-0.023009
-0.001019
0.024720
0.030982
0.018494
0.002985
-0.016419
-0.038590
-0.045253
-0.032947
-0.016783
-0.014271
-0.013288
-0.002912
0.003277
0.000437
-0.000546
0.000582
-0.007390
-0.019696
-0.021043
-0.015436
-0.012014
-0.010339
-0.010339
-0.009356
-0.009902
-0.010194
-0.007572
-0.000364
0.005424
0.004806
0.000582
-0.003495
-0.004842
-0.002621
-0.001966
-0.004587
-0.006407
-0.008883
-0.010303
-0.007463
-0.007827
-0.012851
-0.017548
-0.016456
-0.010813
-0.002949
0.001784
-0.000182
-0.000947
-0.002257
-0.005643
-0.008883
-0.006917
-0.002512
-0.004260
-0.009174
-0.005607
-0.002330
-0.002694
-0.008009
-0.009866
-0.010703
-0.012560
-0.012997
-0.011759
-0.010521
-0.010084
-0.008228
-0.000692
0.005133
0.003604
-0.000874
0.000437
-0.002767
-0.009502
-0.013579
-0.011905
-0.003932
0.004150
0.010412
0.013689
0.014380
0.010631
0.004478
-0.001711
-0.005825
-0.007318
-0.007791
-0.005643
-0.004041
-0.008555
-0.011541
-0.011832
-0.011759
-0.010885
-0.009320
-0.004660
-0.002512
-0.003823
-0.004915
-0.007827
-0.011614
-0.013288
-0.011468
-0.007172
-0.002112
0.003495
0.008155
0.011322
0.007973
0.003386
0.002184
0.000000
-0.001893
-0.005898
-0.010194
-0.009284
-0.006954
-0.003313
-0.001638
-0.001420
-0.001311
-0.003349
-0.007026
-0.008119
-0.007281
-0.008410
-0.007318
-0.004769
-0.004005
-0.003713
-0.001638
0.000910
-0.000692
-0.002148
-0.003131
-0.004696
-0.003495
-0.000073
0.001383
-0.001930
-0.004624
-0.005716
-0.005060
-0.004842
-0.006262
-0.007791
-0.008956
-0.007354
-0.003604
-0.001784
-0.002330
-0.001638
-0.001311
-0.000546
0.000146
0.004696
0.009648
0.006808
-0.000328
-0.002512
-0.000983
-0.001711
-0.004551
-0.004332
-0.004405
-0.006116
-0.004878
-0.001092
0.002112
0.002803
0.000109
-0.002221
-0.002840
-0.001056
0.001129
0.003531
0.005315
0.004405
0.002039
-0.001347
-0.005934
-0.010776
-0.010703
-0.007718
-0.002949
0.002221
0.004624
0.002912
-0.000291
-0.001347
-0.001311
-0.000837
0.000218
0.000837
-0.000328
0.000218
0.001529
0.002621
0.001930
0.000582
0.001201
0.001056
0.000510
-0.000291
0.000364
0.000765
0.001092
0.001201
0.001347
-0.000109
0.000109
0.000182
0.000510
-0.000109
-0.001711
-0.003058
-0.002730
-0.003277
-0.004187
-0.003422
-0.002803
-0.000619
0.002366
0.006153
0.008046
0.009211
0.008847
0.003568
-0.001784
-0.002403
0.002075
0.004260
0.002221
-0.005133
-0.011614
-0.009793
-0.002403
0.003786
0.006844
0.008956
0.007463
0.002803
0.002476
0.005024
0.006298
0.004806
0.003895
0.002221
-0.001311
-0.002730
-0.002985
-0.003677
-0.002694
-0.001165
0.001420
0.004951
0.006881
0.005752
0.002912
0.000000
-0.001201
0.001493
0.007682
0.013106
0.013325
0.010667
0.005352
-0.000983
-0.004988
-0.005352
-0.002621
0.000947
0.005352
0.006553
0.005861
0.006153
0.006371
0.005716
0.006262
0.007791
0.007136
0.006371
0.004696
0.000837
-0.000146
0.000582
0.001966
0.003095
0.003167
0.004041
0.004587
0.004696
0.002767
0.001784
0.001638
0.000473
0.001274
-0.000582
-0.002585
-0.002985
-0.001420
0.000000
-0.001165
0.001129
0.003968
0.005534
0.006116
0.005825
0.007973
0.007937
0.005242
0.003058
0.002621
0.003859
0.005315
0.005934
0.004442
0.003422
0.002476
0.001019
0.001201
0.001493
0.002985
0.003604
0.003204
0.002366
0.006553
0.010048
0.009720
0.007609
0.003422
0.001165
-0.000328
-0.000619
0.000874
0.001493
0.002476
0.000000
0.000801
0.001966
0.004150
0.005024
0.005497
0.007245
0.004587
0.003459
0.004369
0.006772
0.006407
0.003131
0.003641
0.006116
0.006371
0.006881
0.004551
0.001383
-0.003604
-0.003859
-0.001092
0.002366
0.002840
0.000874
0.004005
0.007172
0.008555
0.007827
0.008847
0.008992
0.004624
-0.000692
-0.003240
-0.004041
-0.000692
0.005716
0.011177
0.011322
0.007864
0.004077
0.001274
-0.000947
-0.002257
-0.000510
0.000364
0.001456
0.003895
0.005789
0.005388
0.005060
0.003386
0.001966
0.000728
0.000582
0.002439
0.003604
0.005461
0.006371
0.007318
0.005461
0.003677
0.001383
0.000692
0.003204
0.002949
0.001565
0.000073
0.001747
0.004187
0.002876
0.003968
0.002876
0.001383
0.000837
0.002002
0.002403
0.001529
-0.000546
-0.000364
0.003095
0.002985
0.004114
0.007937
0.006954
0.002039
-0.001056
-0.002330
-0.004442
-0.004478
-0.000983
0.002658
0.004369
-0.000473
0.000073
0.001820
0.002840
0.007390
0.010449
0.011177
0.009975
0.010631
0.007937
-0.000146
-0.004842
-0.004660
-0.002439
-0.002985
-0.000073
0.006589
0.008737
0.008956
0.006589
0.005898
0.005898
0.003204
0.000837
0.001238
0.003204
0.004005
0.005607
0.008847
0.009320
0.005971
0.003095
0.003932
0.007136
0.005534
0.002767
0.004624
0.007682
0.007281
0.004842
0.003677
0.002294
0.000182
0.000510
0.001565
0.003968
0.010958
0.012378
0.012596
0.010849
0.004260
0.000619
-0.003386
-0.003240
0.000837
0.002803
0.004806
0.008592
0.008628
0.009902
0.011140
0.006954
0.002294
0.000546
0.000983
0.005097
0.012961
0.016601
0.009247
-0.003131
-0.012342
-0.018057
-0.019113
-0.011650
0.003786
0.019878
0.027086
0.024902
0.013033
-0.001129
-0.011067
-0.015509
-0.013652
-0.004260
0.008592
0.018385
0.022790
0.019696
0.011140
0.002112
-0.002730
-0.002694
-0.000983
-0.000582
-0.000036
-0.000837
-0.003750
-0.003641
0.000983
0.004041
0.004041
0.001966
0.000837
0.003495
0.004187
0.004769
0.004332
0.003786
0.001966
-0.000728
-0.002476
-0.000546
-0.000146
-0.001129
-0.001311
0.000182
-0.000655
-0.002403
-0.001019
-0.000619
-0.001092
0.001383
0.002366
0.002148
-0.000073
-0.002585
-0.002876
-0.004405
-0.004114
-0.002112
-0.002039
-0.005352
-0.004114
-0.002403
-0.002366
-0.001711
-0.001857
-0.000582
0.003604
0.007536
0.006808
0.003386
-0.001311
-0.009466
-0.014016
-0.012560
-0.009502
-0.007063
0.002294
0.014744
0.014380
0.006153
-0.006043
-0.011359
-0.010995
-0.011650
-0.015181
-0.016055
-0.012961
-0.006480
0.003422
0.011104
0.006043
-0.005971
-0.016237
-0.020315
-0.013725
0.000437
0.015181
0.018713
0.013834
0.005461
-0.001201
-0.002294
0.000728
0.004187
0.003786
-0.001165
-0.004551
-0.004769
-0.002985
-0.001238
0.000510
0.001056
-0.000109
-0.002476
-0.002148
-0.002294
-0.000400
0.001857
0.000983
0.000728
-0.002039
-0.004405
-0.002548
0.001456
0.002585
-0.005861
-0.014781
-0.018057
-0.010703
-0.003495
0.003204
0.009720
0.009538
0.005388
-0.001129
-0.005643
-0.002949
0.006589
0.010958
0.005789
-0.000692
-0.009211
-0.015145
-0.013579
-0.007937
-0.003422
-0.001493
0.000437
0.001311
-0.000947
-0.003058
-0.001747
-0.003095
-0.004951
-0.002112
0.002585
0.002840
0.003750
0.008155
0.007645
0.004587
-0.000692
-0.002658
0.004369
0.005242
0.004878
0.004005
-0.002949
-0.008082
-0.007427
-0.003895
0.000109
0.003022
0.003568
0.002039
0.002330
0.003495
0.002403
0.001383
0.000146
-0.000036
-0.000036
0.001747
0.001747
-0.001056
-0.006772
-0.007318
0.000801
0.004442
0.005279
0.006589
0.003786
0.000255
0.000692
0.002694
0.002621
0.000582
0.000765
-0.000874
-0.004587
-0.009174
-0.009174
-0.004733
-0.001638
-0.000109
0.002257
0.004369
0.005170
0.005534
0.001930
-0.002585
-0.002002
-0.003495
-0.002075
0.000546
0.002002
0.008592
0.002257
-0.010048
-0.008373
-0.004915
-0.010230
-0.009939
0.002585
0.002840
-0.007063
-0.002585
0.004551
-0.001274
-0.007026
-0.003131
0.002985
-0.000801
-0.000910
0.008956
0.008155
-0.001383
-0.008228
-0.004551
-0.001493
-0.004478
-0.002912
0.002075
0.003823
0.000400
-0.003058
-0.002002
-0.003713
-0.004587
-0.001638
-0.001784
-0.005534
-0.006007
-0.000801
-0.000947
-0.005206
-0.006043
-0.003349
-0.003349
-0.001893
-0.000036
0.000765
-0.001347
-0.002221
-0.001893
-0.002694
-0.001638
0.000255
0.000510
-0.002039
-0.002548
-0.001602
-0.000182
0.001675
0.003750
0.001820
0.001456
0.001056
-0.002294
-0.003095
-0.008119
-0.007281
0.000109
0.003859
0.003750
0.005461
0.004041
0.005279
0.002112
-0.005206
-0.007099
-0.006007
-0.003386
0.002985
0.006189
0.003349
0.007354
0.008410
0.004077
0.013943
0.012196
0.007281
-0.008264
-0.025375
-0.023409
-0.018349
-0.000582
0.018494
0.018749
0.009138
-0.003022
-0.006662
-0.010048
-0.008155
-0.001456
-0.001529
-0.000036
0.003968
0.007754
0.008191
0.004187
0.006007
0.002366
0.001165
0.003859
0.002002
0.002294
0.000182
-0.002294
-0.004551
-0.005752
-0.001784
0.001274
0.000728
-0.001456
-0.002912
-0.004369
-0.001529
0.006189
0.006407
0.003131
0.001238
-0.002294
-0.005352
-0.002548
0.005133
0.008737
0.005206
0.004769
-0.000400
-0.004514
-0.005097
-0.005789
0.000983
0.008519
0.008519
0.006954
0.005971
0.001493
-0.004806
-0.009320
-0.011395
-0.011322
-0.006444
-0.002148
-0.000801
-0.003641
-0.006189
-0.004878
-0.004260
-0.002366
-0.000728
-0.000510
-0.001747
-0.003167
-0.001930
-0.003422
-0.000546
0.006954
0.010776
0.009757
0.006371
0.005424
0.006298
0.008483
0.008665
0.008555
0.006881
0.003204
-0.000692
-0.003386
-0.002439
0.000910
0.000655
-0.002694
-0.006990
-0.011213
-0.013798
-0.013834
-0.012815
-0.012596
-0.013070
-0.011759
-0.009211
-0.006917
-0.002767
0.004332
0.009720
0.008737
0.005497
0.005825
0.005752
0.007026
0.007572
0.008228
0.014162
0.020169
0.019222
0.015837
0.008119
-0.002476
-0.009211
-0.008919
-0.009793
-0.008992
-0.004551
0.000291
0.000546
-0.005060
-0.007900
-0.006517
-0.003167
0.000000
-0.000801
-0.005934
-0.011177
-0.016128
-0.014963
-0.006189
0.003713
0.011468
0.015582
0.016310
0.014708
0.012669
0.011905
0.011249
0.007827
0.001311
-0.003022
-0.003422
-0.001165
0.000000
0.001602
0.000655
-0.001930
-0.004187
-0.006043
-0.007536
-0.011031
-0.012779
-0.012050
-0.011541
-0.011759
-0.009866
-0.006626
-0.006189
-0.006699
-0.006735
-0.007536
-0.007827
-0.006917
-0.007827
-0.009466
-0.008737
-0.008519
-0.006917
-0.003167
-0.001638
0.001820
0.006007
0.008264
0.007500
0.007864
0.007900
0.006881
0.008373
0.009393
0.007427
0.004369
0.003277
0.004769
0.004769
0.004041
0.003277
0.003750
0.002949
0.000619
-0.001820
-0.003495
-0.004332
-0.006335
-0.006116
-0.003459
-0.002949
-0.004296
-0.005170
-0.003095
-0.000218
-0.000036
-0.001201
-0.002184
-0.000255
0.000910
0.000146
0.000801
0.001201
-0.000328
-0.002403
-0.002912
-0.001019
-0.000328
-0.001092
-0.000983
-0.000146
-0.000328
-0.001675
-0.001711
-0.001420
-0.002148
-0.001893
-0.000510
-0.000109
-0.000582
-0.001238
0.000364
0.000328
0.000692
0.003677
0.005170
0.005060
0.005352
0.005534
0.003022
0.001456
0.000109
0.000728
0.002330
0.000983
-0.000146
0.000582
0.002985
0.003568
0.003895
0.004041
0.000765
-0.000910
0.000328
0.003495
0.006407
0.002002
-0.000910
-0.007172
-0.009247
-0.004478
0.000728
0.007463
0.011832
0.005352
-0.004405
-0.007026
-0.006407
-0.003568
0.003750
0.011359
0.011686
0.007172
0.002658
-0.002658
-0.005607
-0.004187
0.001456
0.010558
0.012815
0.010194
0.004442
0.000510
-0.003531
-0.005934
-0.001602
-0.000146
0.000837
0.004660
0.005679
0.004296
0.000473
-0.002730
-0.002330
-0.000328
0.000910
0.002585
0.003459
0.004442
0.003713
0.000328
-0.000218
0.002184
0.001347
0.000182
0.000910
-0.000400
-0.000837
0.000874
0.001529
0.001930
0.002548
0.003058
0.003713
0.004005
0.003786
0.002476
0.000437
0.000000
0.000801
0.000947
-0.000400
0.000765
0.004260
0.005898
0.007172
0.006626
0.003968
0.002221
0.001019
-0.000837
-0.002184
-0.000510
0.001456
0.002075
0.003022
0.001638
0.000073
0.000218
0.001347
0.002512
0.002439
0.002512
0.002221
0.002512
0.004260
0.004551
0.003095
0.002694
0.001966
0.001201
0.000874
0.004223
0.007827
0.007063
0.004332
0.003641
0.001857
0.001784
0.003495
0.004150
0.003095
0.001420
0.001711
0.001493
0.001893
0.002439
0.002112
0.000728
0.001019
0.000910
0.001456
0.001019
0.002221
0.003568
0.004332
0.003459
0.003095
0.001675
0.000255
0.000036
0.001565
0.004514
0.005534
0.005352
0.004187
0.003495
0.003968
0.003386
0.003422
0.002876
0.003422
0.002694
0.001201
0.002403
0.002403
0.004587
0.004332
0.002658
0.004223
0.003167
0.001129
0.000255
0.001201
0.001602
0.002039
0.005133
0.009975
0.009065
0.004587
0.004405
0.005170
0.001930
0.004551
0.006043
0.006189
0.005461
0.007827
0.010230
0.008373
0.007427
0.006189
0.006116
0.005424
0.007281
0.011759
0.013761
0.011614
0.006480
0.002730
0.000765
-0.002439
-0.001784
0.000801
0.003713
0.005861
0.007718
0.005898
0.003204
0.000182
0.001347
0.004551
0.004369
0.005716
0.010230
0.009174
0.007245
0.008665
0.005789
-0.003058
0.001565
0.014344
0.016710
0.012196
0.006626
0.006043
0.010048
0.010922
0.007973
0.005752
0.007318
0.006735
0.004187
0.003786
0.003277
0.004332
0.008191
0.009174
0.006954
0.002439
-0.000728
-0.003786
-0.003167
-0.004878
-0.005352
-0.004587
-0.006335
-0.006116
-0.004332
-0.002658
0.000109
0.001274
0.001019
0.000291
0.001638
0.004114
0.004696
0.001784
-0.001019
-0.008992
-0.007864
-0.000036
0.008119
0.018785
0.020861
0.018349
0.012123
-0.003677
-0.018931
-0.028761
-0.028469
-0.015837
0.001420
0.014599
0.021989
0.023882
0.017693
0.006589
-0.004005
-0.012961
-0.015727
-0.011650
-0.002694
0.007281
0.011431
0.011541
0.007427
0.001857
0.000255
-0.000473
-0.001638
-0.000182
0.003713
0.005570
0.008555
0.010594
0.006662
0.004624
0.005934
0.003750
0.003932
0.005352
0.006007
0.003968
0.002949
0.003459
0.004041
0.002803
0.001602
0.002366
0.002512
0.004951
0.006990
0.007463
0.005315
0.003022
0.003422
0.002694
0.002257
0.001274
0.002294
0.004478
0.005898
0.009575
0.010303
0.008774
0.006881
0.002658
0.004624
0.011249
0.017693
0.021261
0.004587
-0.009975
-0.009684
-0.001930
0.007536
0.009393
0.009393
0.006116
0.004660
0.010813
0.019186
0.011359
-0.010339
-0.018167
-0.021370
-0.013980
0.005643
0.015145
0.018603
0.010339
-0.002621
-0.002039
-0.000437
0.003386
0.007354
0.004624
0.006917
0.005752
0.000036
-0.005424
-0.006298
-0.003895
-0.002403
-0.000400
0.000619
-0.001893
-0.005570
-0.006080
-0.006589
-0.006116
-0.003349
-0.000328
0.000692
-0.003349
-0.005570
-0.005279
-0.001966
0.000182
-0.000801
-0.001274
-0.000109
0.000510
-0.000983
-0.003422
-0.005352
-0.008483
-0.006626
-0.002294
0.000728
0.004806
0.005752
0.001784
-0.002257
-0.004405
-0.008519
-0.010849
-0.010339
-0.006225
-0.000218
0.003313
0.005315
0.005133
0.001784
-0.002439
-0.005643
-0.007208
-0.003167
0.003131
0.006225
0.004660
-0.000073
-0.005679
-0.009320
-0.009320
-0.006153
-0.002330
0.000400
0.003604
0.006407
0.004696
0.000073
-0.002294
-0.003386
-0.004551
-0.002512
0.003823
0.008701
0.009320
0.004223
-0.001565
-0.008847
-0.010449
-0.007572
-0.004260
0.000837
0.004223
0.006225
0.005534
0.005133
0.004988
-0.001456
-0.005643
-0.005825
-0.001966
0.006808
0.012269
0.011686
0.007208
0.002294
-0.000364
-0.001930
-0.005206
-0.008301
-0.006007
-0.001311
0.000000
0.001966
0.003604
0.001347
0.002221
0.009211
0.013397
0.011905
0.008665
0.006225
0.003422
0.000255
-0.002658
-0.003859
-0.005133
-0.003823
-0.001238
0.002840
0.003386
0.003823
0.005388
0.002803
-0.005279
-0.006153
0.003495
0.009174
0.004296
-0.002184
0.000109
0.000291
-0.002658
-0.003786
-0.002803
-0.002221
-0.002512
-0.001529
0.000036
0.002403
0.002439
0.000910
0.000655
0.002184
0.002985
0.005898
0.008155
0.008119
0.004514
-0.004806
-0.009866
-0.003204
0.003531
0.002184
-0.002730
-0.003932
-0.004514
-0.005461
-0.002658
0.001238
0.002803
0.005133
0.006589
0.003750
0.002148
0.002840
0.002148
0.000582
0.001165
0.001165
-0.001201
-0.003349
-0.003095
0.001201
0.002112
-0.001238
-0.006844
-0.007063
-0.002294
0.004005
0.007172
0.005133
0.002148
-0.000255
-0.001747
-0.001420
0.000437
0.002585
0.002621
0.001930
0.000655
0.000109
-0.000218
-0.000036
-0.000073
0.000728
0.000692
0.000765
0.001638
0.003240
0.004405
0.000255
-0.003204
-0.003713
-0.003859
-0.004332
-0.004223
-0.000983
-0.001565
-0.002548
0.000291
0.003677
0.005388
0.005789
0.001784
-0.002294
-0.003277
-0.002694
-0.001274
0.000510
0.002039
0.004478
0.002658
0.001019
0.000983
0.000874
0.001420
0.000655
0.000983
0.001747
0.002184
-0.000109
-0.003167
-0.000692
0.004369
0.008082
0.008410
0.005643
0.000983
-0.003895
-0.008628
-0.009211
-0.006881
-0.006772
-0.005643
-0.002294
0.000036
0.002585
0.004296
0.003204
-0.001893
-0.004514
0.001711
0.007318
0.007463
0.005497
0.005424
0.001383
-0.010958
-0.016346
-0.001857
0.006407
0.007354
0.016419
0.026940
0.023518
0.011650
0.006954
0.003895
-0.002803
-0.005060
-0.007609
-0.010885
-0.001711
0.005279
0.002112
-0.006407
-0.006480
-0.006844
-0.001347
0.004114
0.001019
-0.008009
-0.014271
-0.008810
0.004223
0.004878
0.002840
0.009939
0.017766
0.015254
0.003277
-0.007718
-0.018094
-0.018021
-0.006298
0.006589
0.017184
0.020897
0.027195
0.035459
0.028797
0.003786
-0.026758
-0.043651
-0.041648
-0.017438
0.015400
0.027232
0.011395
-0.010012
-0.017147
-0.008373
0.004587
0.006589
-0.003531
-0.016310
-0.024174
-0.023009
-0.008847
0.011322
0.027851
0.033057
0.025666
0.008410
-0.013397
-0.026212
-0.025047
-0.013980
0.002184
0.015108
0.017256
0.005352
-0.013288
-0.026103
-0.024428
-0.011614
0.002876
0.015218
0.021152
0.016783
0.003422
-0.009866
-0.018531
-0.021589
-0.018458
-0.008009
0.004260
0.008665
0.005679
-0.001966
-0.010339
-0.012269
-0.009065
-0.003349
0.002294
0.003677
-0.000765
-0.007754
-0.013288
-0.013725
-0.007973
-0.002257
0.001602
0.000801
-0.003313
-0.006881
-0.008301
-0.008082
-0.003823
-0.000364
0.000837
0.000400
-0.001493
-0.005716
-0.008628
-0.007791
-0.006407
-0.005060
-0.003932
-0.003859
-0.004114
-0.006189
-0.006917
-0.005424
-0.002075
0.001529
0.002730
0.001711
-0.003859
-0.010449
-0.016383
-0.016383
-0.011395
-0.004806
0.002184
0.003641
0.001347
-0.002548
-0.006990
-0.008555
-0.007026
-0.007318
-0.008046
-0.007645
-0.009466
-0.009284
-0.007427
-0.006262
-0.002075
-0.000473
-0.000400
-0.001893
-0.001456
-0.002730
-0.006517
-0.008373
-0.007682
-0.007390
-0.005497
-0.002184
0.000328
-0.000400
-0.002294
-0.003713
-0.003859
-0.004260
-0.004514
-0.000728
0.000801
0.003204
0.004624
0.002621
0.000182
-0.002548
-0.004878
-0.004223
-0.004041
-0.004114
-0.005534
-0.005279
-0.006990
-0.006917
-0.006298
-0.005315
-0.006153
-0.005898
-0.003422
-0.004951
-0.005861
-0.002439
-0.001857
-0.002512
-0.002294
-0.001565
-0.001857
-0.003641
-0.003349
-0.002221
-0.001019
-0.000510
0.000000
0.000000
-0.001529
0.000291
0.001201
0.002767
0.001638
-0.001056
-0.001529
-0.001711
-0.001165
-0.001311
-0.002148
-0.001019
-0.000910
-0.001347
-0.001129
0.001930
0.003495
0.004077
0.002330
-0.002585
-0.004442
-0.003932
-0.000947
-0.001238
-0.001238
-0.001383
-0.002621
-0.001638
0.002403
0.005934
0.006225
0.003204
-0.002767
-0.007572
-0.004223
0.002512
0.006371
0.007281
0.006225
0.002985
0.001529
0.000073
-0.002148
-0.001238
0.001529
0.004405
0.003459
0.001638
0.000109
-0.000983
-0.000146
-0.000582
0.000291
0.003349
0.003495
0.001056
0.001201
0.000874
0.001274
0.002585
0.002730
0.001711
0.000910
0.001565
0.002403
0.003968
0.004150
0.003095
0.002949
0.003058
0.004369
0.004260
0.003786
0.001456
0.000291
0.001893
0.002548
0.002912
0.004696
0.004478
0.005971
0.005279
0.003895
0.001966
0.000255
0.000765
0.001019
0.002512
0.003713
0.003459
0.001129
-0.000364
-0.000291
0.001638
0.003895
0.005789
0.005497
0.002621
0.000473
0.000765
0.010813
0.012815
0.005024
0.003932
0.006517
0.001019
-0.001857
0.002075
0.006735
0.006480
0.006480
0.010048
0.010012
0.003349
-0.000109
0.003131
0.004332
0.001930
0.001675
0.004587
0.005934
0.004077
0.003095
0.005570
0.006225
0.004187
0.004332
0.002439
0.001857
0.001784
0.001383
0.005461
0.011868
0.009247
-0.000364
-0.003131
0.000146
0.004223
0.007937
0.008155
0.005570
0.006662
0.010776
0.007318
-0.000328
-0.004514
-0.003932
-0.001784
-0.000437
-0.000582
0.000291
0.002548
0.002512
0.000765
0.000837
0.000218
-0.001784
-0.001675
-0.000182
0.001565
0.004696
0.006735
0.009648
0.011431
0.012050
0.008519
0.001857
0.002585
0.006116
0.005388
0.001930
-0.003823
-0.005242
-0.002621
0.000182
0.000910
0.002730
0.004332
0.004624
0.004369
0.000837
-0.000473
0.001165
-0.000837
-0.001711
-0.003204
-0.005570
-0.002148
0.000655
0.002439
0.004660
0.008410
0.008628
0.002585
-0.002330
0.002075
0.007318
0.008119
0.005060
0.004005
0.004988
0.008228
0.010885
0.008046
0.001456
-0.001820
-0.000692
0.004551
0.009065
0.008701
0.008519
0.009211
0.008446
0.007354
0.006189
0.005024
0.003677
0.003677
0.005024
0.007937
0.009138
0.007754
0.006480
0.008483
0.008082
0.006954
0.005789
0.006553
0.011796
0.011249
0.011941
0.014271
0.013033
0.011468
0.011978
0.015072
0.013652
0.012087
0.015291
0.016310
0.011686
0.006225
0.001238
-0.003167
-0.012596
-0.012014
-0.001456
0.008555
0.010849
0.005607
0.001930
-0.003277
-0.003968
-0.003058
-0.009211
-0.014708
-0.009575
-0.000728
-0.000291
0.005170
0.025703
0.048966
0.071829
0.065968
0.028615
-0.010521
-0.041794
-0.054136
-0.048092
-0.031382
-0.002112
0.028142
0.038153
0.028069
0.011541
0.003677
0.002585
0.002002
-0.001565
-0.002621
0.004041
0.006371
0.001129
-0.002476
-0.008992
-0.012560
-0.010084
-0.004114
0.002658
0.004988
0.002621
-0.000255
0.000619
0.002585
0.004660
0.004988
0.002002
-0.000291
-0.001747
-0.004769
-0.005570
-0.003531
-0.000765
0.000000
0.000364
-0.001565
-0.002439
-0.001456
-0.000874
-0.000692
-0.000765
-0.001966
-0.003713
-0.000582
0.006371
0.014562
0.016710
0.008009
-0.007063
-0.019623
-0.021589
-0.012961
0.000728
0.011614
0.014599
0.009538
0.001565
-0.005607
-0.007718
-0.004624
0.001019
0.004587
0.003022
-0.001493
-0.004878
-0.004769
-0.002257
-0.000874
0.001675
0.004769
0.004478
-0.000582
-0.004442
-0.005679
-0.003750
-0.001056
0.001201
0.002184
0.000837
-0.001857
-0.002221
-0.005060
-0.008665
-0.008628
-0.003713
0.004041
0.006225
0.001238
-0.006808
-0.010885
-0.006772
-0.000473
0.006007
0.010012
0.007390
0.000546
-0.002694
-0.004806
-0.004478
-0.000182
0.001893
0.003349
0.008119
0.009174
0.005534
0.003349
0.000983
-0.004842
-0.007318
-0.003786
-0.000546
0.001092
0.001092
0.000619
-0.001201
-0.005315
-0.005170
-0.002512
0.002803
0.005497
0.002548
-0.003349
-0.000728
0.004988
0.005315
0.005315
0.007208
0.009429
0.008410
0.006007
0.002985
-0.001274
-0.006844
-0.011504
-0.011431
-0.005861
0.001784
0.003495
0.004551
0.008046
0.010121
0.009393
0.005789
-0.000837
-0.006917
-0.009611
-0.007208
-0.002221
0.002476
0.006371
0.009866
0.013179
0.014308
0.013689
0.007172
-0.000182
-0.006080
-0.012997
-0.015108
-0.009502
-0.002694
0.004114
0.011905
0.016164
0.016201
0.011832
0.003167
-0.001311
-0.003932
-0.007136
-0.007245
-0.002985
0.004915
0.009684
0.010885
0.010339
0.007718
0.004587
0.002512
0.000218
-0.001529
-0.004332
-0.006480
-0.008009
-0.007500
-0.006844
-0.005060
-0.002949
-0.004587
-0.008155
-0.008191
-0.002294
0.005133
0.009648
0.005607
-0.000947
-0.001529
0.000109
0.000073
-0.001238
-0.002949
-0.002840
-0.003058
-0.001493
0.000146
0.000218
-0.000364
-0.000582
-0.000255
0.000910
0.003058
0.005170
0.006553
0.006626
0.004260
-0.000546
-0.001638
0.000000
-0.000437
-0.001820
0.001201
0.002112
-0.000328
-0.002294
0.001092
0.006808
0.008155
0.009648
0.005971
-0.003204
-0.012014
-0.015363
-0.013033
-0.008191
-0.003058
0.000437
0.002949
0.002767
-0.001238
-0.005097
-0.006553
-0.005934
-0.001602
0.001893
0.003131
0.001238
-0.000255
-0.002476
-0.002621
-0.002039
-0.004624
-0.006626
-0.003677
0.003167
0.009211
0.008628
0.003932
-0.001383
-0.006480
-0.007208
-0.005497
-0.003095
0.000000
-0.000801
-0.008264
-0.016528
-0.014380
0.002658
0.020970
0.031600
0.027741
0.014308
-0.000947
-0.020169
-0.037425
-0.042231
-0.029234
-0.006116
0.012706
0.024319
0.033494
0.036588
0.024319
-0.004514
-0.036442
-0.048274
-0.034367
-0.010922
0.013798
0.031164
0.035423
0.023300
-0.003677
-0.027450
-0.042995
-0.037680
-0.019841
-0.003459
0.007281
0.011504
0.009029
0.003495
-0.003786
-0.017548
-0.025229
-0.030108
-0.022280
0.000910
0.025848
0.042704
0.039464
0.024319
0.003859
-0.015582
-0.030363
-0.041976
-0.046126
-0.039064
-0.014162
0.023118
0.049731
0.051697
0.032984
0.011286
-0.021225
-0.052279
-0.064912
-0.059706
-0.035860
-0.007099
0.016237
0.027778
0.024938
0.015946
0.003204
-0.010339
-0.024683
-0.031710
-0.032802
-0.029343
-0.022608
-0.011104
0.003095
0.010376
0.010594
0.004842
-0.000437
-0.005424
-0.011759
-0.010157
-0.005315
-0.009538
-0.006517
-0.000619
0.002330
0.000218
-0.009575
-0.012123
-0.008555
-0.011140
-0.013252
-0.014890
-0.013397
-0.011468
-0.007791
-0.010412
-0.020788
-0.024137
-0.034404
-0.043505
-0.041466
-0.032656
-0.022062
-0.005461
0.010266
0.016528
0.013397
0.010485
0.003932
0.001274
0.006153
0.006262
0.000582
-0.011140
-0.019477
-0.024465
-0.028433
-0.030181
-0.028433
-0.026030
-0.022026
-0.017912
-0.014344
-0.008956
-0.000983
0.005315
0.008483
0.008555
0.005024
0.001493
-0.000765
0.000619
0.002002
0.002476
0.003932
0.002912
-0.000328
-0.003568
-0.007026
-0.008228
-0.008301
-0.006881
-0.004988
-0.004806
-0.005424
-0.005388
-0.005388
-0.007718
-0.008555
-0.010266
-0.010485
-0.010558
-0.010922
-0.012815
-0.013507
-0.011213
-0.010084
-0.010376
-0.009575
-0.008155
-0.010485
-0.012414
-0.010776
-0.008155
-0.004951
-0.002112
-0.001565
-0.003531
-0.004405
-0.006225
-0.008956
-0.009975
-0.007645
-0.005279
-0.006480
-0.009720
-0.011686
-0.011140
-0.008847
-0.006772
-0.005170
-0.003568
-0.007500
-0.010012
-0.008847
-0.007463
-0.005643
-0.004077
-0.002621
0.002039
0.005133
0.004187
0.000364
-0.003313
-0.004260
-0.000546
0.000291
-0.003932
-0.005060
-0.006808
-0.004842
-0.003459
-0.006298
-0.010485
-0.010048
-0.006699
-0.007354
-0.006444
-0.007318
-0.010230
-0.015582
-0.019295
-0.016310
-0.005279
0.006189
0.011759
0.010594
0.003895
-0.003386
-0.005752
-0.003240
-0.000109
0.000947
0.000582
0.000146
0.000146
-0.003386
-0.009575
-0.012087
-0.012196
-0.012123
-0.012087
-0.008046
-0.001238
0.000947
-0.000218
0.001383
0.003604
0.002294
0.000983
-0.000582
-0.003131
-0.005352
-0.005497
-0.004988
-0.001383
-0.000182
0.000582
-0.001019
-0.002949
-0.003422
-0.002439
-0.000947
-0.000655
0.001274
0.000947
0.000910
0.000473
-0.001420
-0.001238
-0.000291
0.003058
0.003568
0.002112
0.002221
0.002075
0.001893
0.002257
0.003459
0.003313
0.002585
0.002694
0.002002
0.003131
0.003095
0.000983
-0.000801
0.001893
0.005752
0.008810
0.010776
0.012014
0.008555
0.005497
0.003277
0.001383
0.000728
0.000146
-0.000073
0.000473
0.000692
-0.000146
-0.002148
-0.003240
-0.000983
0.002658
0.006954
0.009065
0.009211
0.007827
0.007136
0.007900
0.006881
0.003022
0.000218
-0.000036
0.001820
0.003786
0.004733
0.005024
0.003131
0.002694
0.003386
0.003968
0.005024
0.006444
0.006444
0.005133
0.003058
0.003786
0.003386
0.000619
0.000218
0.002767
0.005060
0.005242
0.004769
0.003750
0.004551
0.003604
0.000400
-0.000619
0.000109
0.000765
0.000400
-0.002221
-0.003240
0.008264
0.013907
0.007682
0.008191
0.012997
0.008519
0.003386
0.004332
0.005242
0.004114
0.001383
0.003713
0.004806
0.001529
0.000291
0.001930
0.003422
0.001602
0.003786
0.006772
0.004369
0.002476
0.003531
0.006007
0.006844
0.005133
0.003568
0.003058
0.006844
0.011504
0.006990
0.004260
0.003968
0.000473
0.001930
0.008155
0.009975
0.007318
0.005242
0.003422
0.001930
0.000728
0.002621
0.007718
0.011286
0.011286
0.009975
0.009975
0.007645
0.006043
0.007427
0.010594
0.010703
0.008337
0.005279
0.003022
0.000437
-0.001092
-0.000364
0.000582
0.000910
0.001893
0.004878
0.006262
0.004478
0.002621
0.002912
0.002730
0.004077
0.007682
0.008701
0.006335
0.001857
-0.001347
-0.002476
-0.001019
0.000546
0.000983
0.001347
0.001602
0.001347
0.001311
0.002039
0.003750
0.006808
0.007900
0.003750
-0.001274
-0.007718
-0.009356
0.000109
0.008191
0.009029
0.007572
0.009029
0.011104
0.005461
-0.002512
-0.005133
-0.004405
-0.005461
-0.004988
0.000655
0.008228
0.007864
0.004442
0.004442
0.005716
0.005825
0.002621
-0.001019
-0.000291
0.002002
0.003895
0.003131
0.003022
0.006407
0.009902
0.009975
0.005898
0.003750
0.003131
0.003786
0.004842
0.004733
0.005716
0.005861
0.006335
0.006699
0.006735
0.007245
0.007026
0.009174
0.010813
0.010121
0.006116
0.001383
0.000218
0.002257
0.001711
-0.000728
-0.000910
-0.001602
0.000073
0.002548
0.005060
0.011140
0.019004
0.023846
0.023992
0.021589
0.014708
0.006553
0.004551
0.003677
0.002257
0.003713
0.010703
0.013579
0.013652
0.014781
0.014235
0.012087
0.009029
0.008191
0.006917
0.006844
0.004442
0.004442
0.006225
0.005534
0.005898
0.007500
0.009356
0.011322
0.011577
0.013252
0.011359
0.008555
0.007718
0.006407
0.003823
0.002330
0.008847
0.015582
0.019295
0.017329
0.009575
0.007318
0.011468
0.010449
0.002985
-0.006298
-0.008737
-0.003823
0.000801
-0.000073
-0.004842
-0.002585
0.005206
0.009648
0.010157
0.006626
0.003604
-0.002294
-0.004041
-0.003095
-0.006517
-0.008046
-0.006917
-0.003240
-0.000765
0.002221
0.007754
0.008847
0.005206
0.005315
0.008810
0.007500
0.004260
-0.002075
-0.010667
-0.011541
-0.008810
-0.010048
-0.012524
-0.011577
-0.007281
-0.000947
0.000983
-0.000364
-0.001383
-0.002184
-0.002184
-0.003786
-0.004223
-0.004187
-0.006153
-0.005825
-0.004806
-0.005206
-0.006153
-0.005060
-0.000218
0.001274
-0.003167
-0.004915
-0.002366
-0.000073
-0.000546
0.001201
0.003531
0.001711
0.000692
0.001129
0.000000
-0.003604
-0.004733
-0.004733
-0.005497
-0.005716
-0.004696
-0.001893
-0.001602
-0.002840
-0.001857
0.001092
0.004077
0.005534
0.006407
0.004587
0.001274
-0.002403
-0.003786
-0.003495
-0.004077
-0.004077
-0.002476
-0.002184
-0.003422
-0.003313
0.000255
0.005097
0.008301
0.007791
0.005170
0.003240
0.003095
0.004806
0.005898
0.003604
-0.004551
-0.006480
0.001092
0.007390
0.012342
0.011759
0.005679
0.004114
-0.000546
-0.004551
-0.006225
-0.009684
-0.006153
0.002985
0.010157
0.012196
0.011067
0.005934
-0.005352
-0.009720
-0.006335
-0.003677
-0.003349
-0.000910
0.001347
0.003349
0.007572
0.009939
0.011614
0.010048
0.007318
0.011249
0.004988
-0.020133
-0.032875
-0.011177
0.008191
0.019586
0.021734
0.016674
0.007754
0.000546
-0.002039
-0.005388
-0.011686
-0.017511
-0.015145
0.000874
0.015800
0.017002
0.009247
0.003240
0.003713
0.007172
0.011868
0.009247
-0.001383
-0.017256
-0.028178
-0.023810
-0.011832
-0.001711
0.005497
0.009138
0.011431
0.013725
0.016456
0.012014
-0.003459
-0.020679
-0.030108
-0.024137
-0.006881
0.005934
0.010303
0.009393
0.007318
0.002658
0.000109
0.001383
-0.000728
-0.002403
-0.000837
-0.000400
-0.004587
-0.011978
-0.014854
-0.011104
-0.003095
0.004260
0.006480
0.004369
0.004696
0.002912
-0.001893
-0.008410
-0.014926
-0.017184
-0.014016
-0.005424
0.001857
0.004296
0.001747
-0.002767
-0.002949
-0.001857
-0.000947
-0.001711
-0.001930
-0.000765
-0.000801
0.000146
-0.001129
-0.003895
-0.007245
-0.010631
-0.009356
-0.007427
-0.005607
-0.005752
-0.004842
-0.001129
0.003349
0.002585
-0.003713
-0.009174
-0.009356
-0.007827
-0.006116
-0.003786
-0.002330
-0.003677
-0.005170
-0.004405
-0.002366
-0.002476
-0.004660
-0.005060
-0.004587
-0.003349
-0.002221
-0.002257
-0.003495
-0.002658
-0.002148
-0.006808
-0.008373
-0.006444
-0.004587
-0.002257
-0.001966
-0.007390
-0.010849
-0.007791
-0.006262
-0.008228
-0.007609
-0.005679
-0.003240
0.000692
0.004223
0.004260
0.002694
-0.003713
-0.007245
-0.007609
-0.009320
-0.011832
-0.006917
0.005752
0.007500
0.006153
0.006480
-0.001711
-0.010485
-0.004187
0.005352
0.006517
-0.005607
-0.018349
-0.019841
-0.011832
-0.001383
0.010631
0.016091
0.010922
0.000036
-0.007245
-0.008701
-0.005898
-0.006407
-0.006480
-0.004806
-0.006589
-0.007572
-0.009939
-0.010922
-0.008337
-0.009029
-0.014562
-0.023482
-0.016565
0.004442
0.032146
0.051478
0.050677
0.033566
0.012560
-0.009429
-0.023846
-0.029343
-0.025957
-0.026504
-0.028360
-0.020278
-0.002330
0.018203
0.032802
0.030399
0.015618
-0.001966
-0.015655
-0.018567
-0.015800
-0.011759
-0.011322
-0.007318
-0.000910
0.004551
0.008665
0.006225
-0.004332
-0.020169
-0.026686
-0.022790
-0.014126
-0.006954
0.000692
0.007754
0.007900
0.004405
-0.001311
-0.008046
-0.014126
-0.011614
-0.004478
0.005716
0.006080
0.002912
-0.000692
-0.007026
-0.006772
-0.002621
0.002221
0.003022
-0.000947
-0.008665
-0.015509
-0.012269
-0.002621
0.003677
0.005133
0.003058
-0.000291
-0.005643
-0.008228
-0.009174
-0.006808
-0.003167
-0.000291
0.002221
0.000546
-0.004114
-0.003313
-0.000437
-0.001056
0.001238
0.002403
0.002985
0.001165
0.002403
0.000874
-0.004806
-0.007318
-0.005898
-0.003713
-0.002621
-0.007136
-0.014708
-0.018603
-0.018385
-0.017184
-0.012851
-0.005170
0.001129
0.006553
0.010958
0.012815
0.009939
0.005534
-0.000473
-0.006589
-0.009757
-0.010703
-0.008774
-0.005352
-0.003313
-0.003095
-0.004296
-0.007318
-0.010885
-0.011686
-0.011249
-0.009320
-0.006116
-0.001056
0.005789
0.009648
0.009502
0.005679
0.000000
-0.006153
-0.011249
-0.013689
-0.013325
-0.009393
-0.004442
-0.001274
0.001019
0.002548
0.002767
0.001238
-0.001383
-0.005206
-0.005206
-0.003859
-0.004005
-0.003240
-0.004150
-0.005752
-0.005643
-0.005024
-0.005315
-0.005825
-0.005607
-0.004187
-0.002330
0.001311
0.002075
0.000510
-0.000073
-0.001675
-0.006080
-0.009757
-0.011395
-0.008919
-0.007172
-0.004951
-0.003058
-0.001456
0.002221
0.005424
0.006043
0.001565
0.003459
0.009284
0.014126
0.008555
-0.007900
-0.027487
-0.036843
-0.034258
-0.020679
0.000073
0.019586
0.025812
0.020169
0.006844
-0.005716
-0.013689
-0.015218
-0.014344
-0.005679
0.006808
0.011978
0.011031
0.005352
-0.003823
-0.010995
-0.011031
-0.007063
-0.003750
-0.001784
-0.001638
-0.002148
-0.002403
-0.004260
-0.005861
-0.007864
-0.009320
-0.007718
-0.004223
-0.002730
-0.004514
-0.006772
-0.006371
-0.001019
-0.000619
-0.002403
-0.002730
-0.002985
-0.004988
-0.004878
-0.000692
-0.000546
-0.004041
-0.007500
-0.007063
-0.001820
0.001129
-0.001893
-0.004587
-0.003968
-0.002039
-0.001420
-0.002148
-0.001529
-0.000218
0.001857
0.002585
-0.000983
-0.003313
-0.002112
-0.001019
-0.001092
-0.000510
0.001420
-0.000291
-0.001311
-0.000036
0.001201
0.001602
0.001493
-0.002476
-0.000182
0.000328
0.002767
0.003277
0.006007
0.006517
0.008046
0.005060
0.001019
-0.002876
-0.005388
-0.004551
-0.000146
0.001930
0.003167
0.006371
0.005971
0.002294
0.001857
0.002476
0.001602
0.005789
0.007973
0.001638
0.004114
0.012924
0.012269
0.007245
0.004442
0.003131
0.002221
0.001747
0.004077
0.004296
0.002476
0.004405
0.009975
0.013179
0.011431
0.006589
0.002730
-0.000692
-0.002512
0.000291
0.004624
0.006808
0.006444
0.005789
0.007500
0.007208
0.005825
0.004988
0.005060
0.006662
0.004842
0.001019
0.006990
0.016674
0.012815
0.002803
0.001092
0.002876
0.002294
0.000765
0.000255
0.001711
0.003713
0.004878
0.004514
0.004150
0.003313
0.002403
0.001165
-0.000947
-0.001347
-0.000328
-0.000947
-0.000364
0.000655
-0.001675
-0.003313
-0.002148
-0.000655
-0.001493
-0.002840
-0.000364
0.002439
0.001056
-0.001711
-0.001274
0.000582
0.001638
0.000546
-0.001529
-0.001784
0.000291
0.000218
-0.003422
-0.007536
-0.006990
-0.003495
-0.003022
-0.005570
-0.003422
0.002184
0.005534
0.005643
0.000364
0.000910
0.009466
0.007572
0.002548
-0.001565
-0.002803
0.001820
0.003713
0.004405
0.004988
0.001201
-0.001893
-0.004041
-0.004405
-0.000692
0.003531
0.007718
0.006808
0.003495
0.000619
-0.000655
-0.000837
0.000000
0.000255
0.001129
0.003095
0.004405
0.004660
0.006735
0.006772
0.004296
0.003713
0.005898
0.009247
0.008847
0.003095
-0.006225
-0.002730
0.000765
0.005388
0.010776
0.013033
0.016674
0.012269
0.006080
0.001383
0.001238
0.004733
0.003932
0.001456
0.003786
0.006444
0.005825
0.005570
0.006153
0.008082
0.007864
0.008337
0.014126
0.023227
0.023482
0.016601
0.005497
-0.004696
-0.008410
-0.005570
0.000328
0.006371
0.016856
0.033421
0.042122
0.027050
-0.002039
-0.017584
-0.009866
0.008483
0.019659
0.016383
0.005643
0.002548
0.007864
0.011541
0.011759
0.009029
0.007536
0.007500
0.007390
0.001930
-0.006844
-0.011504
-0.009575
-0.006007
0.001238
-0.004187
-0.019477
-0.009975
0.006662
0.015691
0.024610
0.018713
0.010813
0.011104
0.010157
0.000000
-0.009065
-0.005352
0.003459
0.015618
0.023373
0.023846
0.013725
-0.004915
-0.022681
-0.032001
-0.025521
-0.008301
0.003131
0.012087
0.015618
0.008373
-0.005024
-0.008228
0.002621
0.016674
0.018167
0.006225
-0.008155
-0.015218
-0.012560
-0.010849
-0.011541
-0.007026
0.000073
0.001638
0.003313
0.002439
-0.002767
-0.007208
-0.008919
-0.006043
-0.003022
-0.001675
0.000146
-0.004260
-0.006990
-0.004514
-0.004114
-0.004878
-0.003240
-0.001311
-0.002075
-0.004733
-0.008228
-0.008337
-0.008992
-0.009393
-0.006043
-0.001383
-0.000510
-0.005352
-0.007026
-0.004005
-0.001747
-0.004478
-0.007318
-0.004478
-0.002112
-0.001857
-0.000728
-0.000874
-0.004405
-0.006335
-0.002912
0.001966
0.003495
-0.000947
-0.007718
-0.010849
-0.009975
-0.008919
-0.007099
-0.002330
0.003713
0.007026
0.002585
-0.002294
-0.004842
-0.005752
-0.008592
-0.007354
-0.006517
-0.009648
-0.009538
-0.002221
0.007354
0.010558
0.008264
0.002767
-0.003677
-0.001019
0.001711
-0.000400
-0.005679
-0.010995
-0.005607
-0.003240
-0.006007
-0.003167
-0.010449
-0.014235
-0.006735
0.001930
0.001383
0.003932
0.007791
0.006298
0.007754
0.007536
0.003859
0.000036
-0.002221
-0.003604
-0.003386
-0.000728
-0.002257
-0.002949
0.000255
0.001747
0.001493
-0.000546
-0.004296
-0.003568
0.003531
0.007718
0.005315
0.002439
0.005206
0.005679
0.003022
0.000582
-0.000182
-0.001092
0.000947
0.006444
0.011286
0.010485
0.008665
0.006335
0.002039
-0.005461
-0.007536
-0.000655
0.007245
0.010376
0.006298
-0.002330
-0.009429
-0.002585
0.002621
0.003677
0.003677
0.001129
0.002767
-0.000218
-0.000437
0.005279
0.009356
0.011286
0.003349
-0.006043
-0.001893
0.006844
0.008446
0.008519
0.011832
0.010376
-0.001019
-0.011796
-0.013798
-0.006262
0.008701
0.019368
0.015764
0.005789
-0.001165
-0.006808
-0.004878
0.001857
0.001019
-0.002985
-0.003459
0.000291
0.004442
0.005861
0.006844
0.006444
0.007864
0.007500
0.000546
-0.005133
-0.005133
-0.004587
-0.001238
0.003823
0.006881
0.005315
0.001493
-0.002512
-0.003167
-0.001493
-0.001129
0.002585
0.005825
0.008301
0.010521
0.009429
0.014089
0.013689
0.009138
0.006699
-0.000582
-0.001857
-0.001311
-0.003167
-0.001420
-0.001930
-0.003968
-0.002403
-0.001747
-0.003604
-0.007645
-0.010958
-0.009393
-0.001201
0.009320
0.013725
0.007500
-0.001820
-0.007536
-0.012487
-0.015655
-0.013761
-0.009648
-0.005279
-0.003277
-0.000837
0.003349
0.005971
0.005825
0.004150
0.002840
-0.002075
-0.004442
-0.002403
-0.001456
0.001493
0.003313
0.007172
0.005716
0.000692
-0.003386
-0.005789
-0.004951
-0.002876
0.000000
0.003422
0.004806
0.003204
0.000692
-0.000036
0.000182
0.000983
0.002403
0.004696
0.008373
0.011031
0.001784
-0.017293
-0.029744
-0.030909
-0.022717
-0.010703
0.010339
0.031746
0.040229
0.035605
0.020533
-0.002403
-0.027341
-0.039755
-0.031710
-0.011395
0.013689
0.031455
0.030872
0.017839
0.002075
-0.008264
-0.012742
-0.013725
-0.011322
-0.010849
-0.007463
-0.004187
-0.004296
-0.005170
-0.004551
-0.006699
-0.017438
-0.023445
-0.013143
-0.000983
0.009065
0.019004
0.027669
0.026831
0.014162
-0.002912
-0.019987
-0.034003
-0.041430
-0.036406
-0.024647
-0.009611
0.008301
0.023555
0.031091
0.024902
0.012050
-0.001529
-0.009138
-0.008373
-0.010012
-0.015218
-0.019441
-0.021625
-0.018858
-0.009720
0.001638
0.010521
0.012924
0.007172
-0.003058
-0.012524
-0.021662
-0.027705
-0.027341
-0.021261
-0.012997
-0.005133
-0.000983
-0.001056
-0.003240
-0.004005
-0.005679
-0.004915
-0.004005
-0.010266
-0.020497
-0.022608
-0.018458
-0.014126
-0.009211
-0.003859
-0.002148
-0.004878
-0.004878
-0.003240
0.001129
0.002949
0.002439
0.003386
0.000837
-0.007063
-0.019623
-0.024975
-0.022208
-0.019477
-0.015764
-0.010084
-0.003641
-0.000801
0.000510
0.000255
-0.002403
-0.006298
-0.012669
-0.014162
-0.015400
-0.016965
-0.016820
-0.013325
-0.007827
-0.002658
-0.002694
-0.007864
-0.011650
-0.010084
-0.008774
-0.009393
-0.008919
-0.007318
-0.006371
-0.004442
-0.005570
-0.011249
-0.011723
-0.006881
0.001747
0.010376
0.012851
0.009720
0.002621
-0.006990
-0.016565
-0.018785
-0.013143
-0.009684
-0.008628
-0.003604
0.002112
0.005898
0.006553
0.001747
-0.005388
-0.010958
-0.015473
-0.019732
-0.019004
-0.014344
-0.010012
-0.006335
-0.003531
-0.001493
-0.001383
-0.004587
-0.008483
-0.009866
-0.007099
-0.002330
0.001747
0.001711
-0.003495
-0.010631
-0.018094
-0.021734
-0.018203
-0.010813
-0.002876
0.003422
0.006225
0.006954
0.004878
-0.000473
-0.006080
-0.010776
-0.015545
-0.018749
-0.016965
-0.012888
-0.008082
-0.000364
0.006116
0.009902
0.009575
0.005352
-0.001857
-0.011978
-0.017766
-0.015727
-0.012451
-0.010558
-0.007427
-0.003095
-0.000182
-0.003022
-0.005461
-0.005315
-0.005716
-0.005643
-0.004187
-0.004077
-0.003641
-0.003349
-0.006772
-0.010412
-0.011468
-0.010230
-0.008410
-0.005607
-0.002548
0.000000
0.001747
-0.000218
-0.004041
-0.005461
-0.004369
-0.004332
-0.005279
-0.005497
-0.004150
-0.004842
-0.005097
-0.005424
-0.006007
-0.005352
-0.001857
0.003386
0.004660
-0.001165
-0.009575
-0.012414
-0.010412
-0.003240
0.002876
0.002658
-0.000983
-0.003422
-0.004624
-0.002803
-0.003313
-0.003932
-0.000218
0.005789
0.008119
0.005060
-0.001456
-0.004660
-0.003895
-0.004005
-0.002330
-0.001456
-0.003641
-0.007354
-0.008810
-0.006043
-0.004951
-0.004696
-0.004369
-0.000983
0.003823
0.009247
0.015982
0.017220
0.019332
0.024610
0.024392
0.013143
-0.002585
-0.014417
-0.020387
-0.024028
-0.022535
-0.020824
-0.019222
-0.018094
-0.022317
-0.027741
-0.030399
-0.023482
-0.014999
-0.008373
0.002002
0.006990
0.010958
0.009138
0.003786
0.007281
0.011978
0.009211
0.003095
-0.003750
-0.009720
-0.014599
-0.015837
-0.005861
0.005497
0.014089
0.022026
0.026831
0.025848
0.016492
0.008592
0.002840
-0.003204
-0.004624
-0.002985
-0.005898
-0.008337
-0.006844
-0.004296
-0.006699
-0.010922
-0.010885
-0.007682
-0.004696
-0.001019
0.001201
0.001165
0.001238
0.002912
0.001820
-0.001201
-0.001711
-0.000437
-0.000582
-0.003240
-0.007463
-0.012487
-0.014562
-0.011759
-0.008992
-0.009101
-0.007536
-0.002512
0.001747
0.001238
-0.001565
-0.000255
0.004114
0.005570
0.000364
-0.004041
-0.003641
-0.002184
-0.001966
-0.002330
-0.003641
-0.004587
-0.004405
-0.002876
0.000146
0.003641
0.005497
0.005279
0.004551
0.000182
-0.006844
-0.012779
-0.017511
-0.019150
-0.012779
-0.005461
-0.003568
-0.003313
-0.000874
0.002876
0.004696
0.002439
-0.001711
-0.001165
0.003568
0.001675
-0.006626
-0.011905
-0.011286
-0.008847
-0.009101
-0.009247
-0.000146
0.009247
0.011104
0.006589
-0.000582
-0.006699
-0.008592
-0.005570
-0.002439
-0.000655
0.000619
0.000983
0.000328
-0.000510
0.001493
0.004077
0.004988
0.003131
-0.001820
-0.005133
-0.006808
-0.006699
-0.002585
0.002912
0.006335
0.007645
0.005570
0.004696
0.002658
-0.000765
-0.004041
-0.004878
-0.002184
0.002112
0.004988
0.007572
0.008847
0.005570
0.000582
0.000218
0.004769
0.007281
0.004878
0.004514
0.005024
0.004769
0.004660
0.006043
0.008737
0.010813
0.007427
0.001129
-0.005024
-0.007136
-0.000582
0.007754
0.013143
0.016601
0.016783
0.010885
0.001201
-0.006007
-0.009502
-0.010958
-0.010521
-0.003750
0.009575
0.025812
0.026686
0.020460
0.014817
-0.002221
-0.013507
-0.017184
-0.018713
-0.007682
0.002039
0.004696
0.004842
0.000000
-0.005461
-0.010012
-0.010012
-0.008701
-0.009356
-0.010521
-0.009720
-0.005971
0.000218
0.006153
0.007682
0.013834
0.017693
0.014344
0.013215
0.005716
-0.006262
-0.014635
-0.017293
-0.013798
-0.004842
-0.001238
-0.000437
0.001638
0.003349
0.003204
0.002658
-0.001675
-0.005789
-0.002803
-0.003859
-0.008847
-0.007900
-0.010849
0.000109
0.013070
0.012997
0.011577
-0.000073
-0.010012
-0.007937
-0.007609
-0.000400
0.006772
0.005206
0.006517
-0.003058
-0.010376
-0.006480
-0.005497
-0.001638
0.003240
0.003859
0.003095
-0.000255
-0.005315
-0.006480
-0.002840
-0.000146
-0.000619
-0.002985
-0.001893
0.000910
0.001019
-0.000328
-0.000837
-0.002694
-0.005170
-0.005643
-0.003422
0.000983
0.000364
-0.001092
-0.001311
-0.001930
-0.001930
-0.001092
-0.000364
0.002112
0.001893
0.000073
-0.002730
-0.003641
0.001201
0.004187
0.001493
-0.001238
-0.003422
-0.003786
-0.004223
-0.004915
-0.002949
-0.002840
-0.006335
-0.007463
-0.004442
-0.000582
-0.000073
0.000983
0.002257
0.004587
0.004915
0.000947
0.003349
0.005607
0.003240
0.000473
-0.004988
-0.007791
-0.004114
-0.005861
-0.005825
-0.000182
0.005461
0.005060
0.001893
0.000582
0.001675
0.002039
0.002476
0.003641
0.005898
0.010885
0.009575
0.002512
0.000910
0.002148
0.002184
0.002403
0.003750
0.003204
0.004187
0.007063
0.006990
0.004624
0.003713
0.005242
0.005898
0.008301
0.010121
0.006189
0.002002
0.001420
0.001092
0.000255
-0.000655
-0.000255
0.002039
0.006298
0.010885
0.009902
0.006007
0.004114
0.003750
0.003895
0.004769
0.005679
0.006517
0.009101
0.009393
0.002658
-0.004041
-0.005352
-0.001238
0.001019
0.001201
0.002221
0.000874
-0.001820
-0.000692
0.002985
0.003641
0.003677
0.006335
0.003895
-0.000801
-0.001602
-0.000036
0.001274
0.002803
0.003531
0.004442
0.004696
0.003531
0.003459
0.002294
0.000910
-0.001966
-0.002912
0.000000
0.001930
0.002294
0.002366
0.004769
0.007609
0.008628
0.007136
0.003604
0.000000
-0.001529
0.000109
0.002002
-0.001274
-0.005206
-0.004915
0.000692
0.006844
0.010084
0.010157
0.008046
0.005352
0.002730
0.000146
0.000000
0.000728
0.000146
-0.001347
-0.000874
0.001529
0.004587
0.004442
0.004260
0.004332
0.003422
0.000582
-0.003277
-0.005570
-0.001383
0.008191
0.012014
0.009466
0.003859
-0.004077
-0.006735
-0.002476
0.001966
0.002730
0.000692
-0.001602
-0.001165
-0.001602
0.001493
0.008228
0.009502
0.005752
0.000619
-0.003131
-0.003277
-0.001019
0.002112
0.003750
0.001493
-0.001201
-0.003750
-0.004915
-0.001675
0.006553
0.012888
0.011431
0.004806
-0.002257
-0.002803
0.001238
0.002694
0.000619
-0.000947
-0.001711
-0.001056
0.001456
0.005024
0.006043
0.005424
0.006917
0.005206
0.001383
-0.000510
-0.002257
-0.001383
0.002803
0.005242
0.004514
0.003095
0.002876
0.003932
0.001529
-0.001820
-0.001602
-0.000291
-0.002330
-0.004005
-0.003604
-0.003604
-0.002294
0.002985
0.007427
0.009757
0.009939
0.006699
0.001311
-0.000947
-0.001784
0.000218
0.003459
0.004223
0.004806
0.004951
0.003604
0.004442
0.006262
0.005679
0.001311
-0.003495
-0.004951
-0.004077
-0.002366
0.001129
0.003786
0.002912
0.000692
0.000109
0.001966
0.003349
0.004442
0.006954
0.009211
0.009648
0.008883
0.007973
0.007718
0.006917
0.003823
-0.000146
-0.004842
-0.006589
-0.003677
0.001092
0.004624
0.006043
0.007572
0.008373
0.006881
0.002366
-0.002257
-0.002548
-0.000364
0.000655
0.000837
0.002767
0.007063
0.009648
0.005242
-0.001420
-0.004696
-0.005388
-0.007136
-0.006225
0.005024
0.015181
0.019659
0.022135
0.021662
0.011431
-0.009575
-0.026977
-0.029489
-0.021115
-0.008483
0.001820
0.009356
0.016528
0.014635
0.003750
-0.000910
0.003386
0.006153
0.005898
0.001092
-0.002439
-0.003459
-0.004587
-0.000801
0.006043
0.012815
0.013179
0.007063
-0.001274
-0.012050
-0.019259
-0.015873
-0.005570
0.007645
0.018895
0.021079
0.014344
0.004806
-0.005607
-0.014599
-0.018385
-0.018385
-0.012669
-0.000146
0.010558
0.012851
0.005388
-0.001602
-0.006225
-0.007718
-0.001784
0.004332
0.005206
0.000182
-0.003823
-0.004587
-0.003277
-0.000364
0.000765
-0.000510
-0.002148
-0.000146
0.001675
0.001747
0.000983
-0.001238
-0.004150
-0.004587
-0.002002
0.001056
0.002585
0.003277
0.002876
0.001092
-0.001274
-0.004005
-0.004806
-0.005752
-0.007136
-0.009502
-0.011249
-0.008774
-0.004478
0.000910
0.003932
0.005170
0.004915
0.003604
0.000874
-0.002512
-0.001675
0.000473
0.000983
-0.000109
-0.001711
-0.002621
-0.001565
0.000036
0.000073
0.000874
0.000328
-0.001456
-0.001347
0.000182
0.002912
0.003240
0.000182
-0.004624
-0.004114
-0.001747
0.000291
0.002075
0.002767
0.002112
-0.001383
-0.005206
-0.006080
-0.003677
0.000328
0.002112
0.001383
0.000510
0.000291
0.000910
0.001092
0.000510
0.000874
0.002512
0.005315
0.003968
0.001638
0.001383
0.002876
0.001347
-0.000655
0.000109
0.002221
0.001383
-0.000182
0.000801
0.003058
0.003277
0.004005
0.002912
0.002949
0.003095
0.000619
0.001056
0.001238
0.000400
-0.002257
-0.000728
0.000510
0.000328
0.000364
-0.000255
0.001201
0.001602
-0.001092
-0.003240
-0.001456
0.001747
0.005424
0.006699
0.003058
0.000655
0.001456
0.001675
0.002148
0.001784
-0.001056
0.001019
0.004587
0.003277
0.000728
0.000255
0.001129
0.000910
0.000692
0.000000
0.005679
0.010266
0.009138
0.010194
0.007172
-0.000036
0.000109
0.002949
-0.001383
-0.004951
0.001165
0.008228
0.008082
0.003095
0.002548
0.006371
0.007318
0.003167
0.001092
0.001420
-0.000291
0.001456
0.006662
0.005971
0.003859
0.004405
0.003204
0.001383
0.002148
0.003022
0.002002
0.001092
0.001675
0.001201
0.001347
0.003058
0.005279
0.006699
0.005679
0.002512
0.001820
0.001420
0.001238
0.000328
0.000000
0.002840
0.006772
0.008810
0.006262
0.003823
0.003240
0.001056
0.000655
0.001966
0.002439
0.002949
0.000400
-0.000146
0.000801
0.003604
0.006371
0.004696
0.002840
0.004041
0.006990
0.007536
0.003968
-0.000146
0.000073
0.000947
0.001675
0.004769
0.008810
0.010084
0.008774
0.005133
0.000437
-0.001529
0.001711
0.006407
0.008665
0.007827
0.000801
-0.004951
-0.006480
-0.002949
0.005898
0.013288
0.014890
0.009284
0.001019
-0.005315
-0.006589
-0.000947
0.007718
0.013652
0.012342
0.006808
0.001311
-0.002876
-0.006007
-0.002985
0.002658
0.006844
0.009975
0.008701
0.005388
0.002876
0.000947
0.001201
0.002221
0.004187
0.004842
0.003495
0.001820
0.001529
0.002985
0.004696
0.005607
0.004878
0.004114
0.003750
0.001638
0.000765
0.001784
0.003204
0.003349
0.004005
0.005315
0.006116
0.004478
0.003459
0.003095
0.002840
0.002985
0.003568
0.004369
0.004296
0.002257
0.000765
0.002257
0.004733
0.006298
0.005825
0.004951
0.005315
0.004296
0.003495
0.003968
0.003131
0.002075
0.001456
0.001857
0.002876
0.004260
0.005279
0.006043
0.005934
0.006626
0.006262
0.003604
0.002694
0.001893
0.003750
0.005825
0.005716
0.005534
0.004260
0.002476
0.002075
0.002512
0.003495
0.004041
0.004988
0.006335
0.004769
0.003531
0.002585
0.004696
0.006225
0.007536
0.005752
0.003895
0.003095
0.004951
0.006080
0.005789
0.005424
0.005497
0.006517
0.006480
0.003313
0.001274
-0.000473
-0.000947
0.001493
0.004587
0.006772
0.006444
0.007427
0.007208
0.006371
0.006007
0.005279
0.006480
0.004951
0.002439
0.001565
0.000109
0.001747
0.005315
0.007682
0.008592
0.007318
0.003786
0.001056
0.003823
0.003932
0.001347
0.002621
0.004478
0.004077
0.005534
0.006262
0.002294
-0.001238
-0.000947
0.001238
0.002148
0.002366
0.002294
0.002949
0.007609
0.009356
0.007390
0.004114
0.004405
0.002876
0.001129
0.003968
0.005060
0.003531
0.004624
0.002512
-0.000910
-0.000874
0.001019
0.002403
0.006116
0.009866
0.006371
-0.000036
-0.001747
0.000546
0.005133
0.007791
0.008737
0.010194
0.010740
0.008847
0.003968
-0.001711
-0.005643
-0.006735
-0.004551
-0.003750
-0.002039
0.003167
0.010048
0.012669
0.012342
0.012378
0.012160
0.010740
0.008009
0.004696
0.000582
-0.006189
-0.008483
-0.005170
-0.001565
-0.001274
0.000400
0.003677
0.008373
0.013616
0.015873
0.015108
0.011431
0.005789
-0.000291
-0.005315
-0.006043
-0.002840
0.000291
0.002294
0.004077
0.004951
0.003531
0.002949
0.004733
0.006335
0.006335
0.005060
0.004405
0.002002
0.000546
-0.001347
-0.004806
-0.005424
-0.006480
-0.005752
0.000510
0.009029
0.015837
0.017475
0.014490
0.006407
-0.001493
-0.004951
-0.006371
-0.004223
-0.002294
0.000546
0.003386
0.004514
0.006153
0.006589
0.004806
0.004332
0.004806
0.007063
0.006917
0.003750
0.000619
-0.001201
-0.000473
-0.000036
0.000947
0.003058
0.004442
0.005424
0.005097
0.004223
0.002949
0.001311
0.000073
0.000109
-0.000582
-0.000837
0.000364
0.001711
0.001456
0.000146
-0.001129
-0.000837
0.001456
0.004296
0.004442
0.001165
-0.000874
-0.000328
0.000255
0.000801
0.002403
0.004733
0.005716
0.005388
0.002840
0.001638
0.002184
0.002840
0.001930
-0.000655
-0.001930
-0.002184
-0.001638
0.000073
0.003386
0.005934
0.004915
0.004077
0.004405
0.003641
0.002112
0.001820
0.002585
0.002366
0.003386
0.004041
0.003786
0.001966
-0.000473
-0.001274
-0.000546
0.001675
0.005097
0.007791
0.006990
0.004915
0.001966
-0.000073
0.000182
0.001638
0.000765
0.001019
0.002330
0.003713
0.004878
0.004478
0.003932
0.002803
0.002294
0.001383
0.000000
0.000582
0.002730
0.005643
0.005716
0.004332
0.002148
0.000182
-0.000473
-0.000218
-0.000437
-0.000109
0.004223
0.008119
0.004733
0.004041
0.005133
0.002876
0.002148
0.002075
0.000437
-0.000947
0.000400
0.000910
-0.000473
0.000546
0.003859
0.006480
0.006553
0.004696
0.003568
0.002767
0.000837
-0.000837
-0.002075
-0.002002
0.000218
0.001930
0.002439
0.004587
0.005461
0.003313
0.001602
0.000000
-0.000837
0.001747
0.005424
0.006808
0.006007
0.003568
0.001857
0.000947
0.000364
0.000692
-0.000109
-0.000619
0.000983
0.003641
0.007099
0.008155
0.005497
0.003932
0.002366
0.000728
0.000874
0.000910
0.002621
0.005716
0.006881
0.006917
0.004951
0.001274
-0.002803
-0.003932
-0.002694
0.000874
0.002257
0.002694
0.003058
0.003713
0.004077
0.003095
0.002803
0.003386
0.003167
0.004405
0.005570
0.005279
0.005971
0.009648
0.012123
0.012560
0.006262
-0.002403
-0.007318
-0.005607
-0.000255
0.003058
0.006080
0.012269
0.016601
0.011978
0.000619
-0.011577
-0.015036
-0.007354
0.005133
0.019659
0.024902
0.016201
0.002694
-0.014890
-0.024865
-0.019077
-0.006480
0.008301
0.017038
0.017293
0.008301
-0.003095
-0.010703
-0.013252
-0.009174
-0.001930
0.008009
0.014635
0.016856
0.011468
0.000728
-0.007572
-0.010194
-0.013325
-0.007536
0.000728
0.003786
0.001966
0.000255
0.000000
-0.001638
-0.003677
-0.004332
-0.002949
-0.001311
-0.002912
-0.004260
-0.003531
-0.002257
-0.002694
-0.000400
0.002658
0.004077
0.002439
0.000874
-0.000619
-0.002548
-0.001893
-0.002985
-0.006444
-0.006371
-0.003786
-0.002949
-0.003750
-0.004150
-0.003677
-0.002694
0.000473
0.002730
0.002002
0.002694
0.003022
0.000400
-0.003786
-0.006116
-0.002512
0.002949
0.002840
-0.000765
-0.001893
-0.002257
-0.001347
0.000073
0.002548
0.001820
-0.000546
-0.002257
-0.003386
-0.004842
-0.003204
-0.002294
0.002366
0.001893
0.001056
0.002403
0.000546
-0.000218
-0.001274
-0.001602
-0.000546
0.002112
0.005752
0.006262
0.003713
0.000400
-0.005534
-0.010048
-0.007390
-0.003422
-0.002039
-0.000619
0.001129
0.002476
0.004077
0.005206
0.003277
-0.001056
-0.002585
-0.001784
0.000692
0.003713
0.002221
-0.000546
-0.000692
0.000073
0.001165
0.001529
0.000364
-0.000947
-0.001711
-0.000073
0.002621
0.004187
0.004405
0.004624
0.005898
0.004624
0.002585
0.001129
-0.000582
-0.000255
0.000947
0.002840
0.003349
0.002621
0.001930
-0.000765
-0.005534
-0.007572
-0.005170
0.000109
0.008046
0.011686
0.010521
0.005861
-0.000218
-0.003786
-0.005097
-0.004878
-0.003641
-0.000036
0.004915
0.008847
0.009029
0.006626
0.003422
-0.000364
-0.001238
0.000255
0.001420
0.002330
0.003750
0.004951
0.002912
0.000947
0.000437
0.001092
0.001311
0.000692
0.000765
0.002548
0.003386
0.003131
0.001857
0.003422
0.003859
0.001675
0.001966
0.003131
0.001602
0.000947
0.002912
0.003895
0.004369
0.003786
0.003167
0.003349
0.003786
0.005242
0.006298
0.004041
-0.000692
-0.003713
-0.003932
-0.001602
0.003277
0.007645
0.007827
0.003422
-0.001019
-0.001274
0.001165
0.003459
0.003568
0.001311
-0.002548
-0.003750
0.001493
0.008264
0.009429
0.005242
0.002403
-0.001638
-0.002257
0.002039
0.006116
0.006589
0.003495
0.001311
0.003131
0.003568
0.002876
0.002439
0.003240
0.004696
0.005861
0.006662
0.005570
0.002985
0.002439
0.003240
0.003750
0.004915
0.001893
0.000947
0.000910
0.002949
0.005861
0.004696
0.001966
0.001456
0.002221
0.003677
0.003495
0.005352
0.004077
0.002366
0.005424
0.005024
0.003240
0.003750
0.003495
0.001784
-0.000146
0.001638
0.002803
0.003313
0.008483
0.011431
0.007572
0.004296
0.002585
-0.000109
0.000146
0.005024
0.006517
0.003968
0.004405
0.003095
0.001456
0.000364
-0.001165
-0.001056
-0.000182
0.003495
0.006808
0.007718
0.006954
0.006662
0.005497
0.005279
0.004514
0.001893
0.004478
0.005861
0.005825
0.007063
0.008519
0.007463
0.003495
0.000874
0.000400
-0.000036
0.003823
0.005607
0.004187
0.004514
0.001857
0.002403
0.003604
0.001529
0.003531
0.000364
0.001311
0.002767
-0.001529
0.000692
0.000692
-0.001420
0.004041
0.008082
0.010412
0.011322
0.007099
0.000364
-0.001201
-0.001529
-0.003422
0.003750
0.009757
0.010194
0.013434
0.004223
-0.001565
0.002476
0.000728
0.002803
0.008410
0.009138
0.008009
0.008992
0.005679
-0.001019
-0.002039
0.000328
0.002694
0.006007
0.005534
0.002949
0.001966
0.001383
0.001602
0.005097
0.006808
0.005570
0.004696
0.002439
0.002112
0.005279
0.005825
0.004915
0.005607
0.004114
0.002840
0.003167
0.002039
0.000073
0.000546
0.002039
0.003932
0.006007
0.005789
0.004114
0.001420
-0.000182
0.000036
0.000473
0.003313
0.006335
0.007390
0.006407
0.002366
0.000036
0.001383
0.004624
0.008592
0.008519
0.004114
0.001347
0.001784
0.001311
0.003895
0.007718
0.009502
0.008992
0.007099
0.004878
0.004769
0.005898
0.007536
0.010740
0.009065
0.003641
-0.001129
-0.004332
-0.007208
-0.006589
0.002148
0.008483
0.008956
0.010121
0.008701
0.006662
0.003677
0.000692
0.002112
0.003204
0.003932
0.002803
0.000473
0.001747
0.003022
0.004915
0.007754
0.009247
0.008228
0.005097
0.002075
0.000000
0.000437
0.001711
0.002767
0.003240
0.003131
0.002184
0.001747
0.002039
0.001930
0.002294
0.002294
0.003459
0.004624
0.005206
0.005315
0.004442
0.003859
0.001930
0.001529
0.002840
0.002403
0.002330
0.003713
0.005752
0.006954
0.005570
0.003131
0.000146
0.000692
0.001565
0.002257
0.004478
0.004187
0.003968
0.004587
0.003386
0.004332
0.004842
0.003895
0.003641
0.003277
0.002912
0.002148
0.001456
0.000073
0.000255
0.002294
0.003750
0.005716
0.006881
0.006225
0.005060
0.003604
0.003531
-0.000182
-0.003349
-0.003022
-0.003859
-0.005934
-0.002803
0.009611
0.013725
0.006407
-0.000728
0.005097
0.015436
0.012706
0.000728
-0.002221
0.006699
0.011614
0.007609
0.003895
0.006553
0.008301
0.006990
0.005679
0.005133
0.007682
0.001857
-0.007208
-0.012997
0.000328
0.011031
0.023263
0.020351
0.009575
0.007172
0.004114
0.002949
-0.001092
0.000400
0.004842
0.004696
0.004223
0.004842
0.003495
0.001420
-0.001347
-0.000655
0.004041
0.005497
0.006335
0.005789
0.004915
0.003277
0.000255
-0.001675
-0.002184
-0.001857
-0.000510
0.001274
0.003641
0.005570
0.005461
0.003932
0.005570
0.010339
0.011359
0.009830
0.004842
0.002548
0.001311
0.002330
0.000801
0.000328
-0.000837
-0.000182
0.004296
0.003604
0.006116
0.007500
0.006043
0.006772
0.004442
0.002221
0.002366
0.001129
0.004733
0.007318
0.010885
0.009575
-0.000291
-0.008592
-0.010084
-0.006262
-0.002184
0.002294
0.008555
0.008301
0.005170
0.002840
0.006080
0.012123
0.017730
0.019295
0.010703
0.000146
-0.009466
-0.015108
-0.013616
-0.008046
0.001784
0.008956
0.011395
0.012414
0.010885
0.004696
-0.001711
-0.004077
-0.003968
-0.001638
0.002730
0.006735
0.007099
0.004624
0.001529
0.000073
0.000837
0.002294
0.002767
0.004369
0.004769
0.004442
0.003058
0.001420
-0.000947
-0.001930
-0.003204
-0.006844
-0.009356
-0.007937
-0.003786
0.002294
0.006772
0.009575
0.010667
0.008592
0.005133
0.000837
-0.002221
-0.004223
-0.005679
-0.006043
-0.005024
-0.002002
0.001129
0.005024
0.007099
0.003313
-0.002112
-0.005461
-0.006626
-0.004842
-0.000473
0.003204
0.006335
0.006917
0.005279
0.002658
0.000437
-0.001092
-0.001966
-0.000546
0.001420
0.002949
0.001930
-0.002039
-0.001383
0.000364
0.001383
0.005133
0.007063
0.005060
0.000510
-0.004696
-0.007718
-0.003968
0.001456
0.003895
0.003895
0.003095
0.001420
0.001201
0.001129
0.003277
0.003277
0.002257
0.001456
0.001420
0.002366
0.001347
0.002039
0.002184
0.000947
-0.001274
-0.004187
-0.005133
-0.002039
0.003386
0.004587
0.005716
0.006225
0.003859
0.000546
0.000291
0.000837
0.000473
0.000400
0.001930
0.002730
0.002876
0.002840
0.001201
0.000328
0.000218
-0.000692
0.000364
0.001420
0.003277
0.003386
0.000328
0.000000
-0.000036
0.000947
0.003131
0.004624
0.004260
0.002912
0.001711
0.000983
0.002294
0.003204
0.003786
0.004296
0.004114
0.004005
0.003459
0.002148
0.001493
0.000328
-0.000073
0.000291
0.002184
0.002949
0.004915
0.004988
0.003422
0.003386
0.004114
0.003895
0.002840
0.001420
0.000291
-0.000400
-0.000146
-0.000182
0.001966
0.003641
0.006262
0.007536
0.005789
0.005570
0.005097
0.003859
0.002803
0.003095
0.002949
0.002148
0.000910
-0.001238
-0.000874
0.001638
0.003823
0.005206
0.005497
0.003313
0.002366
0.003968
0.004769
0.003859
0.002840
0.002403
0.002148
0.001456
0.003459
0.005315
0.006080
0.005133
0.004150
0.002730
0.001274
0.003459
0.006153
0.006990
0.007172
0.006589
0.004988
0.003204
0.004260
0.004514
0.003568
0.001966
0.002002
0.003277
0.003895
0.002075
0.002694
0.006444
0.009684
0.010631
0.009648
0.004187
-0.000801
-0.002330
-0.000801
0.001456
0.002112
0.001893
0.004769
0.006662
0.004769
0.004769
0.004442
0.003313
0.004405
0.006262
0.007718
0.007099
0.005024
0.001857
0.000765
-0.000510
-0.001529
-0.001129
0.002002
0.006954
0.008373
0.009648
0.011614
0.009793
0.005461
0.001056
-0.002912
-0.002803
0.001056
0.006080
0.008592
0.009211
0.007099
0.005934
0.004878
0.002621
0.000728
0.001966
0.003531
0.001638
0.002039
0.004442
0.005024
0.006298
0.006080
0.006589
0.005534
0.001966
0.000255
-0.001238
-0.000728
0.003022
0.007281
0.007827
0.007063
0.006480
0.000655
-0.001930
-0.000546
0.002694
0.004587
0.004478
0.005461
0.006699
0.008155
0.007900
0.005424
0.004041
0.004369
0.006298
0.007754
0.009284
0.009247
0.007572
0.002476
-0.003750
-0.005024
-0.003895
-0.001347
0.003240
0.005898
0.004478
0.002585
0.001493
0.000000
0.000473
0.001930
0.004514
0.003022
-0.000036
-0.000437
0.001092
0.004442
0.007245
0.008155
0.006990
0.003786
0.001311
-0.000510
0.000291
-0.000109
-0.000255
0.001201
0.001893
0.003131
0.004660
0.003131
0.001383
-0.001857
-0.003277
-0.001238
0.003495
0.007609
0.006662
0.005060
0.003386
0.001602
-0.000837
-0.001638
-0.001383
-0.001420
0.000182
0.004296
0.007463
0.009648
0.008373
0.004878
0.001493
-0.001092
0.000728
0.002985
0.006298
0.004806
0.000801
0.000146
0.001347
0.003713
0.002112
0.002294
0.001456
-0.001019
0.000291
0.001966
0.002148
0.001747
0.002621
0.004332
0.003859
0.001930
0.002985
0.007827
0.008228
0.004296
0.004114
0.003386
0.000582
0.001274
0.004660
0.005861
0.003095
-0.000983
-0.001529
0.001857
0.001311
0.000801
0.003823
0.005643
0.002221
-0.000983
0.000000
0.000073
-0.001129
-0.002730
0.002985
0.009211
0.006772
0.004624
0.004223
0.003604
0.000692
-0.000692
-0.001092
-0.002730
-0.004260
-0.001930
0.006043
0.010485
0.009247
0.004478
-0.002585
-0.007791
-0.006844
-0.000728
0.001347
0.001711
0.002694
0.004442
0.005934
0.005679
0.004514
0.002039
0.002439
0.002585
0.001747
0.003313
0.002403
0.003422
0.002366
0.002257
0.002767
0.000582
-0.000255
0.000182
0.001420
0.004041
0.006407
0.007026
0.005679
0.003240
0.000947
-0.000910
-0.000364
0.001238
0.002585
0.002184
0.001529
0.001347
0.001675
0.001311
0.004223
0.006189
0.004696
0.003459
0.002767
0.001311
0.004114
0.006262
0.004878
0.002075
0.002949
0.004842
0.002512
-0.000036
0.000510
0.000291
0.000182
-0.000910
0.000801
0.003422
0.006917
0.008301
0.004878
0.004733
0.004696
0.004041
0.006480
0.008119
0.006844
0.004260
0.001456
-0.002148
-0.004769
-0.003750
-0.002184
0.000983
0.005570
0.007245
0.007026
0.008082
0.007645
0.004514
0.001347
0.001238
0.002512
0.003058
0.004005
0.004660
0.004915
0.004915
0.006007
0.006007
0.006407
0.003895
-0.001238
-0.001347
0.000328
0.003495
0.007682
0.010995
0.010813
0.008264
0.005643
0.006917
0.007281
0.009429
0.008883
0.004223
0.001893
-0.002221
-0.010339
-0.011723
-0.005861
-0.000874
0.006735
0.012888
0.013325
0.018130
0.013543
0.006043
0.000400
-0.013106
-0.010230
-0.004733
-0.004551
0.008119
0.010958
0.007900
0.007463
0.004733
0.004878
-0.000400
-0.000510
0.004624
0.004514
0.003058
0.001675
0.001529
0.000146
-0.001056
0.000328
0.004296
0.005752
0.004041
0.005607
0.006699
0.006371
0.005971
0.001456
-0.002221
-0.002840
-0.001493
0.001383
0.004478
0.007136
0.009611
0.009866
0.008992
0.006990
0.004332
0.003204
0.001966
0.002876
0.004514
0.004696
0.006080
0.005352
0.004769
0.004514
0.002912
0.002512
0.003422
0.003313
0.003823
0.003677
0.003859
0.003641
0.001711
0.001602
0.001966
0.003167
0.004114
0.002694
0.002985
0.002803
-0.000910
-0.001638
0.000291
0.003568
0.008191
0.009757
0.008919
0.005643
0.003131
0.005716
0.007463
0.009356
0.005607
0.002039
0.002803
-0.000437
-0.000801
-0.000109
0.003058
0.006371
0.004369
0.003495
0.002148
0.001092
0.001930
0.001347
0.002075
0.003349
0.004041
0.007208
0.007427
0.007208
0.007208
0.005461
0.002876
0.000146
-0.000546
-0.000036
0.001638
0.003022
0.002803
0.003859
0.005497
0.004150
0.002985
0.002621
0.003277
0.003677
0.004114
0.003895
0.004041
0.003459
0.004041
0.006808
0.009793
0.008483
0.005861
0.003859
0.007281
0.010958
0.002730
-0.004332
-0.002767
0.003167
0.004878
0.002512
0.002330
0.003459
0.005461
0.006371
0.005170
0.000437
-0.002840
-0.000619
0.002330
0.004005
0.004988
0.005352
0.003568
0.004223
0.005643
0.004114
0.003568
0.003349
0.001311
0.001675
0.002730
0.002476
0.002548
0.002585
0.003895
0.006808
0.008774
0.006990
0.004514
0.003167
0.001420
0.001966
0.001930
0.000582
0.000218
0.001456
0.002403
0.003349
0.005643
0.005789
0.003713
0.004405
0.006772
0.005388
0.007172
0.007427
0.003386
-0.001675
0.000510
0.003313
0.004187
0.006517
-0.004442
0.000182
0.005461
-0.000182
0.002767
0.007318
0.001711
0.004114
0.007063
0.003349
0.005643
0.003240
-0.002148
0.000437
0.003167
0.004114
0.011140
0.014708
0.008082
0.003386
-0.002949
-0.003022
0.003095
0.004806
0.004951
0.005570
0.003349
-0.000765
-0.002039
0.002985
0.005497
0.007099
0.009029
0.004696
0.000000
-0.000218
0.001784
0.003204
0.004551
0.002949
0.001347
0.000364
-0.001201
0.000364
0.002803
0.003277
0.004260
0.003058
0.003823
0.005679
0.007136
0.006844
0.006189
0.005279
0.004114
0.008555
0.014817
0.021989
0.024975
0.015291
-0.004951
-0.019586
-0.022535
-0.016201
-0.002548
0.006335
0.006808
0.005133
-0.002184
-0.014708
-0.019586
-0.019550
-0.018349
-0.018276
-0.018021
-0.015582
-0.006881
0.005024
0.016383
0.025739
0.031018
0.031528
0.025812
0.016383
0.007973
0.001529
-0.004223
-0.011650
-0.019040
-0.023300
-0.021188
-0.016638
-0.014744
-0.017766
-0.019659
-0.023081
-0.026467
-0.025521
-0.016419
-0.002621
0.010412
0.020424
0.025593
0.023627
0.019950
0.017038
0.014926
0.010849
0.006444
0.004296
0.003568
0.004587
0.004587
-0.000546
-0.007754
-0.012378
-0.013070
-0.012451
-0.008155
-0.002548
0.001056
0.000947
-0.000109
0.000218
0.001129
0.001893
0.000510
-0.004223
-0.009830
-0.013943
-0.014198
-0.013143
-0.011395
-0.012414
-0.012342
-0.012414
-0.011868
-0.010521
-0.007864
-0.004696
-0.002585
-0.003386
-0.004077
-0.002585
-0.001347
0.000692
0.002876
0.003167
0.001347
-0.001529
-0.005388
-0.006917
-0.005825
-0.005315
-0.005789
-0.007754
-0.008082
-0.006589
-0.003495
-0.000400
0.002985
0.004951
0.003167
0.000182
-0.001529
-0.000765
0.000655
0.000510
0.001966
0.002476
0.001784
-0.000255
-0.003422
-0.005789
-0.009284
-0.011832
-0.012924
-0.012050
-0.009538
-0.007026
-0.005352
-0.004405
-0.004660
-0.004806
-0.004405
-0.002476
0.000146
0.003240
0.005461
0.007500
0.008737
0.007136
0.001966
-0.005716
-0.008119
-0.007645
-0.008009
-0.007718
-0.006080
-0.006990
-0.010376
-0.009866
-0.006225
-0.004114
-0.001056
0.000109
-0.005752
-0.015618
-0.018312
-0.012087
-0.001711
0.005789
0.010485
0.007609
0.001238
-0.003713
-0.006699
-0.006990
-0.003459
0.004624
0.008992
0.010157
0.008301
0.000983
-0.009101
-0.016747
-0.017438
-0.009939
-0.000728
0.005898
0.008883
0.006553
0.001857
-0.005024
-0.011067
-0.013689
-0.014890
-0.014016
-0.012087
-0.011468
-0.010012
-0.008446
-0.005643
-0.004041
-0.000364
0.002548
0.002330
0.003604
0.004733
0.005679
0.007427
0.010631
0.010631
0.008119
0.007937
0.005643
0.000728
-0.002803
-0.008592
-0.012961
-0.013652
-0.011213
-0.010194
-0.008592
-0.005133
-0.006844
-0.006007
-0.002439
-0.001311
0.001602
0.002148
0.000400
-0.000473
-0.002876
-0.004842
-0.005789
-0.003750
-0.002330
-0.006589
-0.009211
-0.009502
-0.008774
-0.010121
-0.010703
-0.003459
0.004223
0.002366
0.001820
0.003022
0.004077
0.006990
0.003713
-0.000546
0.001857
0.004769
0.003058
0.000801
0.003167
0.000291
-0.007791
-0.010266
-0.007645
-0.005424
-0.000801
0.008410
0.007172
-0.003786
-0.013907
-0.011504
-0.000837
0.007463
0.008373
0.001493
-0.008009
-0.016929
-0.019586
-0.015946
-0.009575
-0.001493
0.001129
0.001857
0.001019
-0.000801
-0.001456
-0.003131
-0.005534
-0.006553
-0.004842
-0.002694
-0.001420
-0.005789
-0.011431
-0.011832
-0.008810
-0.006444
-0.004842
-0.002876
-0.002439
-0.003895
-0.004369
-0.004514
-0.002876
-0.000692
0.001129
0.001820
0.003823
0.005971
0.003859
-0.000036
-0.004041
-0.005388
-0.006626
-0.005315
-0.002621
-0.000655
0.001711
0.003786
0.003495
0.002075
0.001056
0.000728
0.002221
0.003277
0.004260
0.006517
0.006262
0.005060
0.005352
0.006298
0.006662
0.005461
0.005206
0.006553
0.007791
0.007572
0.006917
0.007609
0.007136
0.005934
0.003968
0.002658
0.001529
0.002621
0.005024
0.006262
0.005388
0.004478
0.003058
0.002949
0.004806
0.006662
0.008701
0.009320
0.007500
0.006407
0.005716
0.005752
0.006335
0.006772
0.006480
0.005315
0.005388
0.004951
0.004660
0.005497
0.004988
0.003641
0.002439
0.001565
0.000619
0.000510
0.002184
-0.000218
-0.004405
-0.004005
-0.002439
0.001493
0.006699
0.004842
0.002403
0.004405
0.001784
-0.003568
-0.004806
-0.003422
0.000437
0.003495
0.002039
0.004187
0.005861
0.003713
0.001893
0.000947
-0.002658
-0.004442
-0.002658
-0.001347
-0.002221
-0.001129
0.000437
0.000947
0.001893
0.000510
-0.000036
-0.000801
-0.000728
-0.002257
-0.001238
-0.000765
-0.001238
0.000182
0.001493
0.000582
-0.000765
-0.002039
-0.001311
0.002039
0.002221
-0.001238
-0.004005
0.005534
0.018531
0.023081
0.025630
0.004478
-0.019404
-0.029052
-0.028688
-0.001966
0.019805
0.018021
0.010376
-0.005534
-0.020861
-0.023955
-0.014162
-0.001565
0.007208
0.011723
0.008191
0.002985
-0.000437
-0.002439
-0.002148
-0.005315
-0.005242
0.000400
0.006225
0.005643
0.003531
0.001129
-0.001747
-0.004005
-0.004077
-0.004514
0.000947
0.004077
0.002403
0.003459
0.003604
-0.000146
-0.001092
0.002512
0.005861
0.006772
0.002840
-0.001311
-0.004988
-0.006517
-0.003604
0.000437
0.004260
0.007318
0.011322
0.011541
0.007281
0.001711
-0.001565
-0.000801
-0.000146
0.002512
0.005352
0.003568
0.004988
0.006917
0.007354
0.007318
0.005279
0.002803
0.003022
0.005898
0.010558
0.013652
0.010558
0.004150
0.003713
0.005679
0.004587
0.003859
0.003895
0.005971
0.008483
0.004442
-0.002112
-0.001493
0.002439
0.007172
0.007900
0.005898
0.006990
0.007718
0.005861
0.007172
0.006626
-0.001201
-0.007427
-0.001565
0.009611
0.021480
0.026358
0.021188
0.013616
0.008956
0.002366
-0.001784
-0.000874
-0.002330
-0.003568
0.001129
0.005388
0.006553
0.004733
0.003641
0.006007
0.008592
0.010885
0.013689
0.009284
0.000837
-0.001602
-0.005534
-0.007791
-0.005898
-0.004260
-0.002803
0.000328
0.002585
0.003204
0.002148
0.002002
-0.000655
-0.000255
0.000874
-0.000582
-0.001675
-0.002112
-0.004696
-0.005570
-0.005206
-0.005497
-0.004405
-0.000109
0.002694
0.002694
-0.001201
-0.003859
-0.003968
-0.002512
-0.001238
-0.001129
-0.002512
-0.002767
-0.002767
-0.000510
-0.000910
-0.002184
-0.000510
0.003495
0.008919
0.009320
0.008883
-0.002803
-0.020351
-0.016783
-0.003022
0.002803
0.008446
0.009174
0.004150
-0.003313
-0.003459
0.001165
0.000910
-0.003932
-0.005352
-0.002039
-0.002840
-0.007063
-0.002985
0.001820
0.003204
-0.000291
-0.003240
-0.002257
-0.005424
-0.002840
0.000510
0.005424
0.013507
0.007864
0.001747
-0.003313
-0.008519
-0.008009
-0.004369
-0.000364
0.001675
0.001747
0.000109
-0.003167
-0.001711
-0.000437
0.003313
0.003604
-0.000983
-0.002803
-0.003422
-0.002512
0.003604
0.005898
0.010703
0.010631
0.003568
-0.004878
-0.008119
-0.008810
-0.008228
-0.006080
-0.001565
0.001165
0.002730
0.004696
0.004369
0.001274
0.002330
0.005679
0.006043
0.005024
0.002658
-0.000073
-0.001129
-0.001493
-0.001930
-0.002621
-0.001019
-0.000619
-0.002294
-0.001747
0.001966
0.002476
0.001311
0.001274
0.002257
0.005024
0.008301
0.006917
0.002658
0.000000
-0.000582
-0.000146
-0.000510
-0.000146
0.002294
0.002330
0.001311
0.000218
0.000619
0.001201
0.002403
0.005170
0.007136
0.003568
0.003859
0.003895
0.000947
-0.000582
-0.003495
-0.006480
-0.007026
-0.002694
0.003531
0.004806
0.002876
-0.000582
-0.002548
0.000400
0.002949
0.005170
0.004951
0.002512
-0.000109
-0.002366
-0.000692
0.001930
0.003277
0.000619
-0.004296
-0.005898
-0.004769
-0.002658
0.000692
0.002949
0.003349
0.002658
0.002949
0.003677
0.002658
0.001019
0.000801
0.002476
0.005279
0.006553
0.005825
0.005133
0.002985
-0.000328
-0.001602
-0.001092
-0.001893
-0.003713
-0.002403
0.000328
0.002221
0.002439
0.002039
0.003167
0.003167
0.000510
-0.001347
-0.002294
-0.004150
-0.006298
-0.002803
0.000582
0.004332
0.009138
0.009757
0.008264
0.003823
0.000655
0.000328
0.000255
-0.000801
-0.000837
-0.002840
-0.004223
-0.003968
0.001784
0.010412
0.016128
0.017293
0.015655
0.010958
-0.000874
-0.013725
-0.023555
-0.022353
-0.012487
0.000728
0.014672
0.027487
0.032110
0.021880
0.006298
-0.008919
-0.019514
-0.020788
-0.014271
-0.005024
0.003750
0.009611
0.015545
0.017038
0.010849
0.001274
-0.005861
-0.009356
-0.007245
-0.003313
-0.001165
-0.000364
-0.000291
-0.000109
-0.001820
-0.003932
-0.003823
-0.002694
-0.000728
0.000910
0.005315
0.008847
0.008810
0.007937
0.004260
-0.000947
-0.007026
-0.006589
0.000947
0.000874
-0.000073
0.002366
0.003495
0.002002
-0.001383
-0.002548
-0.003204
-0.004842
-0.001129
0.004478
0.007136
0.003277
-0.002658
-0.006881
-0.008628
-0.007973
-0.003386
0.004114
0.006225
0.004005
0.002039
0.001784
0.002039
0.003204
0.002585
0.002439
0.003240
0.004005
0.005315
0.009138
0.013761
0.015509
0.012742
0.011759
0.014417
0.015072
0.012669
0.010230
0.005024
-0.000146
-0.002221
-0.002658
-0.003713
-0.008810
-0.014817
-0.020533
-0.026431
-0.029598
-0.028761
-0.028251
-0.027705
-0.027923
-0.028724
-0.027523
-0.020460
-0.012050
-0.007063
-0.001820
0.003568
0.007718
0.010558
0.013070
0.013579
0.013361
0.014344
0.015145
0.014162
0.012888
0.013288
0.014672
0.015727
0.012742
0.010194
0.005607
-0.001201
-0.006954
-0.009720
-0.010813
-0.013579
-0.016419
-0.015800
-0.012378
-0.007682
-0.003058
0.000910
0.001347
-0.000109
0.000765
-0.000036
-0.000218
0.000218
0.001930
0.003277
0.004660
0.003604
0.000291
-0.000947
-0.003422
-0.009356
-0.013652
-0.015400
-0.015108
-0.014126
-0.011832
-0.009866
-0.007791
-0.003641
-0.002512
-0.002876
-0.002694
-0.004624
-0.007390
-0.007827
-0.005097
-0.001456
0.000692
0.000546
-0.001311
-0.001420
-0.002002
-0.003604
-0.004660
-0.005679
-0.005388
-0.003386
-0.001274
-0.000437
-0.001493
-0.002548
-0.005024
-0.007645
-0.007864
-0.008701
-0.009684
-0.009575
-0.008483
-0.006626
-0.006007
-0.004696
-0.004296
-0.003713
-0.002621
-0.002476
-0.003641
-0.004150
-0.002767
-0.002257
-0.002257
-0.001820
-0.001129
-0.000437
-0.000437
-0.002002
-0.003641
-0.004478
-0.005388
-0.006881
-0.008082
-0.007791
-0.007572
-0.006007
-0.003022
-0.001347
0.001456
0.001675
-0.004260
-0.003895
-0.004223
-0.004988
-0.000437
-0.000983
0.001056
-0.000546
-0.003313
-0.000837
-0.002184
0.000510
0.003022
0.000582
0.002184
-0.000655
-0.002184
-0.002294
-0.005898
-0.003968
-0.002512
-0.000218
0.006080
0.009320
0.010667
0.009174
-0.001165
-0.009502
-0.013507
-0.014635
-0.007208
0.000546
0.004551
0.003750
0.000000
-0.003204
-0.005971
-0.004405
-0.000182
0.001493
0.003240
0.002548
0.000146
-0.003022
-0.002803
-0.001165
0.002221
0.004077
0.004587
0.004114
0.002658
0.000765
-0.000692
-0.002621
-0.003204
-0.002803
-0.003641
-0.004769
-0.003932
-0.001456
0.001893
0.004514
0.002803
-0.000473
-0.001311
0.000146
0.000510
-0.000328
-0.002403
-0.005643
-0.008555
-0.008992
-0.007354
-0.001165
0.007208
0.012123
0.012160
0.007281
0.001893
-0.001784
-0.004514
-0.007427
-0.005097
0.000874
0.003313
0.003641
0.003204
0.004114
0.003095
-0.003131
-0.005170
-0.003932
-0.005388
-0.001529
0.003823
0.004405
0.004405
0.004806
0.002585
0.000400
0.000582
-0.000218
-0.001383
-0.001747
0.001274
0.005424
0.005789
0.005679
0.004223
-0.000109
-0.001638
-0.000910
0.000073
-0.000291
0.001274
0.001420
-0.001383
0.000036
0.005934
0.005934
0.004077
-0.001565
-0.007318
-0.009902
-0.007682
-0.001383
0.005424
0.008410
0.007973
0.005825
0.004260
0.001347
-0.001529
0.004478
0.004624
0.006589
0.007827
0.001784
0.002403
0.004369
0.006298
0.005971
0.007536
0.008264
0.005133
0.005424
0.008155
0.008009
0.008119
0.006189
0.004114
0.005315
0.005752
0.006407
0.007536
0.008847
0.007791
0.005534
0.006480
0.008264
0.007245
0.007718
0.007973
0.006844
0.005752
0.005024
0.006262
0.007827
0.008483
0.007900
0.006589
0.004878
0.004842
0.005789
0.006298
0.007026
0.007063
0.005242
0.005206
0.005497
0.004405
0.002912
0.003677
0.004915
0.004733
0.006444
0.005060
0.004114
0.004296
0.003932
0.004806
0.006080
0.005388
0.004405
0.004733
0.006954
0.008337
0.009429
0.003459
-0.008483
-0.018531
-0.024064
-0.026613
-0.018167
0.005315
0.030763
0.040629
0.021625
-0.003859
-0.003313
0.012232
0.040666
0.040447
0.010048
-0.026758
-0.042267
-0.023664
0.004951
0.023555
0.020242
0.008956
-0.000947
-0.006517
-0.002439
-0.000510
-0.002585
-0.000255
0.002221
0.007136
0.012378
0.008883
-0.001602
-0.010995
-0.013907
-0.009939
-0.005752
-0.002403
-0.002257
-0.003240
-0.003859
-0.004587
-0.005534
-0.004660
-0.001602
0.002039
0.004260
0.003750
0.002075
0.001165
-0.000291
0.001201
0.000619
-0.003058
-0.007718
-0.011249
-0.009284
-0.004587
-0.000255
0.000619
-0.002075
-0.000218
0.001493
-0.000546
0.002366
0.003531
0.000947
-0.003823
-0.006298
-0.005934
-0.005789
-0.003713
-0.002403
-0.002366
0.000473
0.000728
-0.003240
-0.005934
-0.008191
-0.009939
-0.006589
-0.000619
0.002658
0.002840
0.003240
0.003240
0.002730
-0.001056
-0.005242
-0.007026
-0.005752
-0.000364
0.007500
0.013434
0.012196
0.011978
0.010157
0.003058
-0.002184
-0.003058
-0.001493
0.001092
0.004260
0.005170
0.005752
0.008046
0.008847
0.008337
0.007500
0.004332
0.001165
-0.001201
-0.002330
-0.001784
-0.000692
0.000728
0.002548
0.004660
0.008119
0.010667
0.012669
0.010995
0.007536
0.006371
0.007500
0.007536
0.003750
0.001311
0.000546
-0.002148
-0.002658
-0.001638
0.000947
0.004733
0.007500
0.007427
0.005679
0.004696
0.003131
-0.000182
-0.001092
0.000255
0.001602
0.001966
0.003204
0.004296
0.003495
0.002221
0.002330
0.000582
-0.001383
-0.002439
-0.001820
0.000837
0.003895
0.006844
0.008883
0.005570
-0.002512
-0.010048
-0.012633
-0.009902
-0.003568
0.002257
0.005060
0.006517
0.004733
0.000109
-0.004150
-0.004660
-0.004332
-0.003095
-0.000692
0.002476
0.005825
0.007864
0.007572
0.004915
0.000874
-0.003422
-0.007136
-0.006407
-0.005133
-0.002002
0.002658
0.006407
0.006772
0.006553
0.005679
0.003568
-0.000546
-0.004587
-0.005898
-0.003531
-0.001383
0.000364
0.002294
0.003386
0.003823
0.002403
-0.000146
-0.003713
-0.006335
-0.006626
-0.005024
-0.003495
-0.004696
-0.007463
-0.002294
0.004223
0.007427
0.009720
0.010012
0.007136
0.001747
-0.003058
-0.003240
0.001092
0.006881
0.008264
0.005679
0.002257
0.002112
0.000837
-0.004660
-0.007500
-0.006881
-0.005170
-0.002002
0.000328
-0.001820
-0.006116
-0.008665
-0.002803
0.006189
0.013179
0.014744
0.009393
0.003895
-0.000437
-0.006517
-0.008701
-0.004842
0.000947
0.002112
-0.000036
-0.002075
0.006844
0.017948
0.016091
-0.001347
-0.024356
-0.035241
-0.025957
-0.005170
0.020387
0.037061
0.032438
0.018276
-0.002476
-0.024356
-0.033275
-0.022790
-0.004442
0.010740
0.022062
0.020497
0.006335
-0.006589
-0.010303
-0.012305
-0.008373
-0.002621
-0.000983
0.000182
0.002694
0.005898
0.005643
0.003022
-0.000400
-0.004915
-0.009138
-0.007500
-0.002803
0.001347
0.001201
0.001820
0.001675
-0.000255
-0.002148
-0.003167
-0.004405
-0.005352
-0.004806
-0.005461
-0.006808
-0.004442
-0.001201
0.004587
0.004915
-0.001019
-0.008009
-0.011468
-0.008592
0.003859
0.010631
0.004915
-0.002112
-0.003895
-0.002840
-0.000146
0.001165
0.000255
-0.001019
-0.003095
-0.005060
-0.005279
-0.006626
-0.006699
-0.003349
0.002112
0.004769
0.004114
-0.001383
-0.005898
-0.004915
-0.002403
-0.002257
0.000582
0.002148
-0.002403
-0.003022
0.000910
0.001529
-0.001638
-0.000400
0.000837
-0.002039
-0.002512
-0.000036
0.000801
0.002039
0.003167
0.001966
-0.000765
-0.003022
-0.003531
-0.003422
-0.002476
-0.002439
0.000109
0.001383
0.003131
0.005934
0.002075
-0.003167
-0.003058
-0.000400
-0.002366
-0.000765
0.002949
0.003604
-0.003277
-0.007973
0.002949
0.018167
0.021043
0.009575
-0.002803
-0.016237
-0.017548
-0.001747
0.011978
0.008810
-0.002476
-0.009320
-0.002039
0.007099
0.009939
0.006298
-0.002439
-0.015072
-0.018167
-0.011468
-0.005607
-0.001602
0.008373
0.010412
0.002403
-0.008410
-0.013397
-0.013579
-0.003895
0.008592
0.017475
0.018167
0.008264
0.005206
0.012706
0.013761
0.004442
-0.006298
-0.010012
-0.003932
0.006517
0.011796
0.009757
0.000692
-0.005716
-0.010449
-0.006517
-0.000765
0.000218
-0.000765
-0.003750
-0.008119
-0.010339
-0.011359
-0.008483
-0.002403
0.004478
0.007354
0.002840
-0.003204
-0.003349
0.001930
0.005352
0.003531
0.000837
-0.000218
0.000837
0.002112
0.001930
0.000582
-0.005934
-0.011031
-0.009939
-0.005133
-0.002366
-0.003240
-0.002294
0.000255
0.003349
0.003313
0.002621
0.002803
0.000146
-0.003277
-0.005934
-0.008555
-0.005060
0.000000
0.003677
0.005060
0.001092
-0.002403
-0.005170
-0.004442
-0.000109
0.003277
-0.000036
-0.006699
-0.009211
-0.007063
0.000036
0.007427
0.008919
0.003859
-0.004223
-0.009284
-0.006553
-0.000874
0.002039
0.002257
0.001420
0.000874
0.000073
-0.001019
-0.002002
-0.001347
-0.001529
-0.003277
-0.003422
-0.000437
0.002439
0.005898
0.008009
0.007063
0.006298
0.004660
0.001820
-0.000874
-0.003240
-0.005424
-0.007536
-0.004150
-0.003313
-0.001201
-0.001529
0.000874
0.002621
0.002039
0.001201
0.002403
0.001420
-0.004187
-0.009356
-0.008337
-0.004660
-0.000837
0.001893
0.002294
0.001383
0.002658
0.003786
0.004405
0.006080
0.002912
-0.000036
0.000582
-0.000437
0.001930
0.003932
0.000328
-0.002694
-0.000437
-0.000073
-0.002694
-0.004041
-0.002585
-0.001711
0.002294
-0.000036
0.000837
0.002840
0.003313
0.005242
0.004223
0.001784
0.001820
0.000692
-0.000218
-0.001456
-0.002658
-0.001092
-0.000510
-0.000983
-0.001711
0.000000
0.002294
0.002002
0.001638
0.000582
-0.000473
0.002257
0.003713
0.002949
0.003167
0.003459
0.002075
0.000655
0.000983
0.001456
0.000728
-0.002876
-0.002658
0.000146
0.003531
0.007281
0.006990
0.003349
0.002730
0.001784
-0.000510
-0.000437
0.001019
0.003531
0.002476
-0.000910
-0.003641
-0.001638
0.004624
0.008046
0.005388
0.002330
0.001529
0.004332
0.005206
0.002985
0.001638
0.001893
0.003932
0.004405
0.004514
0.004478
0.001456
0.000837
0.003495
0.005206
0.005315
0.003641
0.002148
0.002294
0.003713
0.005352
0.004332
0.004478
0.005570
0.004296
0.003495
0.003713
0.004150
0.003022
0.002585
0.002476
0.003823
0.006990
0.006735
0.004587
0.002184
0.003095
0.006189
0.007500
0.006335
0.005242
0.005861
0.005679
0.005934
0.004587
0.001420
-0.000910
-0.000364
0.002840
0.005170
0.005607
0.003386
0.000910
0.002039
0.002876
0.004733
0.004442
0.003167
0.005097
0.004988
0.005242
0.004442
0.000146
0.002039
0.004915
0.005679
0.004915
0.002876
0.001675
0.001529
0.002039
0.004369
0.005861
0.007609
0.008046
0.004769
0.001165
0.000073
0.001420
0.001383
0.000765
0.003895
0.004733
0.006954
0.005534
-0.000036
0.002184
0.004660
0.012596
0.011468
0.003495
0.000000
-0.001493
0.002548
0.008446
0.011686
0.007463
0.000218
-0.000728
0.003895
0.006917
0.006772
0.005825
0.006772
0.007427
0.006589
0.007136
0.008956
0.008119
0.004041
0.004369
0.005534
0.004514
0.007427
0.009939
0.006626
0.006990
0.006735
0.003750
0.003459
0.003895
0.003131
0.003459
0.004442
0.004842
0.007172
0.010667
0.013907
0.013361
0.009247
0.007864
0.007827
0.004769
0.002148
0.004733
0.008264
0.007791
0.005570
0.006189
0.007318
0.004733
0.004041
0.007791
0.006225
0.001165
0.000000
0.000910
0.001347
-0.000874
-0.000546
0.001456
0.000837
-0.004223
-0.009174
-0.009575
-0.005825
-0.000546
0.008119
0.012560
0.010594
0.005971
0.000692
-0.005242
-0.009247
-0.009101
-0.007208
-0.002039
0.003240
0.003932
0.004260
0.005170
0.004150
0.005279
0.008555
0.008701
0.003641
-0.003240
-0.005934
-0.004077
-0.002112
-0.000400
0.002148
0.005679
0.006699
0.007063
0.006153
0.004478
0.004442
0.003677
0.001383
-0.000291
-0.000874
0.000036
0.001565
0.002221
0.001820
0.000765
0.001711
0.004005
0.003823
0.000546
-0.001893
-0.001675
0.002112
0.007718
0.010339
0.012050
0.015363
0.017693
0.016201
0.012269
0.008701
0.006553
0.006298
0.009939
0.012560
0.012123
0.011213
0.008737
0.007463
0.010194
0.012487
0.012815
0.013106
0.015327
0.015873
0.012815
0.009101
0.006553
0.005206
0.002803
0.001420
0.003022
0.010558
0.018640
0.024428
0.028688
0.028943
0.022244
0.015873
0.008009
-0.005315
-0.014672
-0.012378
-0.008483
-0.000910
0.011213
0.018640
0.020315
0.018931
0.018057
0.012414
0.006699
0.003895
0.004842
0.005279
0.003495
0.005461
0.005789
0.004806
0.003641
0.003022
0.000947
-0.000364
-0.000182
0.002949
0.007937
0.010012
0.007682
0.005789
0.001966
-0.008847
-0.017293
-0.014744
-0.006298
0.009902
0.025921
0.028433
0.021589
0.013033
0.004587
-0.001383
-0.008191
-0.019768
-0.030945
-0.036224
-0.020278
0.008191
0.027341
0.026249
0.008446
-0.010485
-0.013070
-0.002803
0.006735
0.012269
0.017147
0.013215
-0.005497
-0.024865
-0.033166
-0.029707
-0.022827
-0.011504
-0.000765
0.001456
-0.001019
-0.003058
-0.001529
-0.001711
-0.005898
-0.008956
-0.011504
-0.013143
-0.010922
-0.006954
-0.003932
-0.004296
-0.006954
-0.011541
-0.013507
-0.011686
-0.009793
-0.007208
-0.003713
-0.002039
-0.002767
-0.001930
-0.004260
-0.008483
-0.009466
-0.007390
-0.000947
0.001893
0.001675
-0.000801
-0.007572
-0.014053
-0.012633
-0.007463
-0.006225
-0.003895
-0.004150
-0.007645
-0.001311
0.005242
0.003932
-0.002184
-0.005570
-0.008082
-0.008519
-0.003058
-0.000328
-0.002803
-0.008701
-0.009101
-0.004733
-0.003058
-0.002912
-0.003932
-0.005279
-0.002730
-0.000146
0.002985
0.004187
0.001565
-0.003386
-0.008119
-0.009902
-0.006589
-0.001638
0.000000
-0.002403
-0.002294
0.000765
-0.000874
-0.004733
-0.004696
-0.001311
0.002221
0.002767
0.001274
-0.000291
-0.000400
0.001930
0.003932
0.004187
0.003568
0.005170
0.007463
0.005024
0.003932
0.005461
0.003641
-0.002876
-0.009429
-0.016565
-0.018421
-0.013397
-0.003277
0.005607
0.012451
0.018021
0.015473
0.005461
-0.006480
-0.013689
-0.017147
-0.011832
0.001420
0.007973
0.007318
0.004769
0.004733
0.009502
0.008264
0.000109
-0.006990
-0.006007
-0.002075
0.001857
0.004624
0.003386
-0.005607
-0.009174
-0.005242
-0.002294
0.004951
0.009720
0.004951
-0.001165
-0.003750
-0.003240
-0.002148
-0.003167
-0.003968
-0.005060
-0.005170
-0.001311
-0.000400
0.000000
-0.001165
-0.002221
0.000000
0.002366
0.000765
-0.000837
-0.000109
0.000218
0.000328
0.000874
-0.000255
-0.002221
-0.005024
-0.002767
0.000218
0.000510
0.001201
0.000291
-0.000692
-0.001493
-0.002694
-0.002912
-0.002912
-0.003386
-0.003823
-0.001129
0.004077
0.007245
0.008337
0.007245
0.003713
0.000837
-0.001238
-0.003167
-0.004624
-0.003531
0.001201
0.005898
0.006626
0.003240
0.001383
0.000000
-0.001092
0.000073
0.000765
0.001165
0.001529
0.000255
-0.000364
0.001820
0.004733
0.004369
0.003895
0.003641
0.004405
0.003604
0.003495
0.004878
0.006225
0.006662
0.000619
-0.006335
-0.005789
-0.002985
-0.000073
-0.001129
0.001056
0.004915
0.004187
0.001966
0.001201
0.001238
0.000983
0.001056
0.002403
0.006080
0.007463
0.004769
-0.000328
-0.002184
-0.001092
-0.000582
0.002039
0.004660
0.004551
0.005534
0.003277
-0.000437
-0.002803
-0.000837
-0.000437
-0.004624
-0.005097
-0.002439
-0.000546
-0.002148
-0.003167
-0.001857
-0.002840
-0.000983
0.002548
0.006772
0.008810
0.010449
0.011249
0.008373
0.004332
-0.001129
-0.000291
0.003131
0.006371
0.005461
0.005279
0.005861
0.006699
0.006080
0.002148
-0.000473
0.001529
0.002075
-0.000146
0.001747
0.008373
0.010157
0.006662
-0.000728
-0.008737
-0.013579
-0.009466
0.001893
0.011104
0.015218
0.010776
0.006881
0.004551
0.000692
-0.002257
-0.003422
-0.000473
0.001383
0.002148
0.004624
0.006444
0.008919
0.008119
0.006080
0.007609
0.006080
0.002257
-0.002294
-0.001930
-0.001747
-0.000109
0.007136
0.010849
0.007318
0.006553
0.003459
0.001019
-0.000218
0.001638
0.000364
0.000546
0.004296
0.002221
-0.002694
-0.006407
-0.009830
-0.009939
-0.004041
0.007609
0.022936
0.031164
0.029307
0.016528
-0.006007
-0.027013
-0.040010
-0.035095
-0.014890
0.007609
0.029853
0.039901
0.032729
0.013325
-0.004842
-0.011504
-0.013215
-0.011796
-0.014016
-0.008410
0.001092
0.017293
0.035860
0.033311
0.012014
-0.015254
-0.032037
-0.036843
-0.026540
-0.004769
0.015254
0.019404
0.013179
0.005570
0.000874
-0.003313
-0.008555
-0.008665
-0.005679
-0.004405
-0.003568
-0.002658
-0.004114
-0.006662
-0.005789
-0.003823
-0.004806
-0.001784
0.000000
0.002658
0.009684
0.013397
0.008009
-0.003859
-0.012378
-0.013579
-0.011723
-0.002658
0.004478
0.005861
0.002221
-0.002694
-0.006153
-0.008737
-0.006699
-0.003459
-0.002730
-0.000874
0.002221
0.004260
0.002148
0.000655
0.003895
0.002840
-0.001019
-0.004660
-0.003313
-0.000182
0.000182
-0.002148
-0.006153
-0.005861
-0.003859
-0.004733
-0.006298
-0.005534
-0.001565
0.000146
-0.000182
-0.001820
0.001711
0.012232
0.013689
0.005570
-0.011177
-0.021115
-0.022426
-0.014963
-0.005461
0.001602
0.005643
0.000255
-0.003459
-0.001893
-0.003604
-0.003641
0.001274
0.010012
0.008373
0.004551
-0.001092
-0.003713
-0.015181
-0.034841
-0.034112
-0.004514
0.018895
0.014854
-0.006662
-0.015727
-0.011978
-0.007390
-0.006371
-0.006407
-0.005497
-0.006517
-0.006080
-0.000655
0.002658
0.002985
0.000692
-0.002548
-0.004696
-0.002912
-0.005679
-0.009793
-0.012851
-0.014271
-0.008847
-0.002366
0.002075
0.001420
0.000182
-0.001129
-0.003531
-0.005861
-0.007208
-0.008483
-0.010631
-0.012451
-0.010084
-0.006189
-0.000400
0.003349
0.003968
0.003568
0.001201
-0.003277
-0.009684
-0.014344
-0.013397
-0.007973
-0.003859
0.000655
0.004369
0.004405
0.000837
-0.003641
-0.007900
-0.012232
-0.012742
-0.009684
-0.006517
0.001529
0.007572
0.013907
0.016565
0.011249
0.006407
0.000801
-0.004587
-0.010376
-0.012706
-0.012815
-0.012524
-0.008082
-0.000146
0.006589
0.010667
0.009757
0.004988
0.000874
-0.002002
-0.004988
-0.004806
-0.001820
-0.000400
0.002694
0.005424
0.005971
0.007354
0.007791
0.004624
0.002075
-0.001383
-0.005861
-0.006662
-0.002294
0.002694
0.007063
0.009648
0.008810
0.005861
0.000619
0.002803
0.003240
0.001565
0.002730
0.005097
0.004405
0.003313
0.003568
0.007026
0.002621
0.003713
0.005752
0.003750
0.001820
0.000510
0.003277
0.002803
0.002403
0.005643
0.007354
0.009684
0.007245
0.004769
0.004478
0.000728
0.002148
0.003786
0.005643
0.009720
0.008665
0.010813
0.011504
0.003204
-0.007354
-0.010922
0.004260
0.012706
0.005133
-0.000182
0.005861
0.006298
0.003313
0.005133
0.004332
-0.000801
-0.003859
0.001129
0.002985
-0.004223
-0.005388
-0.002330
-0.004041
-0.006626
-0.007791
-0.005315
-0.003823
-0.003167
-0.001529
-0.002221
-0.000983
-0.002985
-0.006662
-0.008046
-0.007354
-0.007827
-0.007026
-0.002548
0.000728
0.000619
0.002476
0.003677
-0.000182
-0.006772
-0.005716
-0.003677
-0.004842
-0.004077
-0.004806
-0.003531
-0.001675
-0.002585
-0.003568
-0.003204
-0.004733
-0.006153
-0.006007
-0.005352
-0.002985
-0.000437
-0.000473
-0.002803
-0.004806
-0.005679
-0.006881
-0.007682
-0.006589
-0.003531
-0.002075
-0.000801
-0.001565
-0.001711
-0.003058
-0.007063
-0.007536
-0.005789
-0.001238
0.000546
-0.001784
-0.002476
-0.002439
-0.003568
-0.006844
-0.008810
-0.008555
-0.011286
-0.011504
0.001529
0.018167
0.016856
0.009684
0.005170
0.000000
0.000619
-0.000546
-0.004332
-0.003095
-0.000036
0.003349
0.003422
0.003022
0.003677
0.004951
0.007791
0.003823
0.002112
0.003641
0.003859
0.005170
0.005352
0.007318
0.007500
0.003641
0.001638
0.003859
0.008992
0.009466
0.007281
0.007754
0.007827
0.009575
0.008519
0.007026
0.006444
0.006881
0.006808
0.006407
0.008264
0.008301
0.007536
0.006699
0.008082
0.011177
0.010376
0.009356
0.010449
0.014235
0.017366
0.016128
0.015218
0.012888
0.013579
0.010303
0.008446
0.009466
0.008046
0.008810
0.008665
0.008883
0.007172
0.007026
0.007463
0.007026
0.009502
0.012888
0.015218
0.016237
0.014817
0.012961
0.009356
0.006990
0.005934
0.006954
0.011104
0.017402
0.019222
0.015727
0.015800
0.013434
0.006517
0.003204
0.004150
0.003604
0.002803
0.003058
0.001529
0.000036
0.001930
-0.000546
-0.006407
-0.006335
-0.000328
0.005570
0.009902
0.020933
0.030581
0.025375
0.017839
0.006517
-0.007645
-0.015327
-0.008665
0.008883
0.018895
0.019259
0.009611
-0.001456
-0.006407
-0.010449
-0.011504
-0.002548
0.008665
0.011067
0.010449
0.008483
0.004150
-0.003895
-0.009939
-0.007827
-0.005170
-0.003531
-0.000400
0.003750
0.007354
0.010521
0.012014
0.006444
-0.001565
-0.007973
-0.010740
-0.009211
-0.004733
0.002330
0.004624
0.005170
0.005861
0.001420
-0.003277
-0.006626
-0.011614
-0.013689
-0.008919
-0.002840
-0.000437
0.000109
0.002184
0.004551
0.003386
-0.000582
-0.002730
-0.002621
-0.004769
-0.005643
-0.003568
-0.000874
0.002330
0.001747
-0.000437
-0.001383
-0.000728
-0.000291
0.000073
-0.001347
-0.003240
-0.003459
-0.000473
0.001201
-0.001565
-0.001966
0.001201
0.004842
0.005060
0.004878
0.003568
-0.000765
-0.004842
-0.005898
-0.006080
-0.005825
-0.003349
0.000546
0.003422
0.005461
0.004696
0.003167
-0.000364
-0.004114
-0.002949
-0.000765
-0.000291
-0.001784
-0.002476
0.000473
0.004187
0.002658
-0.001784
-0.003313
-0.002002
-0.000328
0.003131
0.006881
0.007390
0.005861
0.004187
0.007609
0.004988
-0.005971
-0.011431
-0.005825
0.001602
0.003713
0.006626
0.006699
-0.000073
-0.000036
0.004187
0.008774
0.003531
0.001019
0.002876
0.002294
0.001019
0.004260
0.009830
0.012851
0.011104
0.006990
0.000910
-0.006153
-0.008592
0.000837
0.008191
0.008264
0.010194
0.013179
0.015436
0.016419
0.008191
0.003277
0.001129
-0.003604
-0.007354
-0.005934
0.009502
0.017111
0.013689
0.006954
-0.001966
-0.010048
-0.029088
-0.031164
-0.025157
-0.022827
-0.012961
0.000655
0.012706
0.017730
0.036151
0.048020
0.031127
0.004696
-0.010849
-0.011941
-0.014635
-0.017948
-0.016419
-0.012014
-0.005752
-0.000364
0.010813
0.017038
0.013507
0.004842
-0.002366
-0.005861
-0.011213
-0.011978
-0.004041
0.002912
0.006480
0.011941
0.016565
0.010121
-0.004587
-0.012633
-0.014344
-0.013033
-0.010594
-0.009648
-0.008701
-0.003786
0.002075
0.002039
0.000874
-0.002512
-0.006043
-0.005934
-0.001820
0.005170
0.008228
0.009320
0.010048
0.005497
-0.004915
-0.011650
-0.012961
-0.013470
-0.012815
-0.010266
-0.008301
-0.003495
0.001129
0.004369
0.002985
0.000983
-0.002294
-0.003604
-0.004223
-0.000765
0.004114
0.001675
-0.002694
-0.006371
-0.008155
-0.008228
-0.005789
-0.002621
0.000728
0.003895
-0.000182
-0.006262
-0.008009
-0.009356
-0.005789
-0.003713
-0.004332
-0.005789
-0.005315
-0.002767
-0.003349
-0.005861
-0.003786
0.003349
0.005388
0.003459
0.001347
-0.000073
0.000692
0.000218
-0.010230
-0.016164
-0.017220
-0.016310
0.000765
0.011140
0.014344
0.020424
0.011577
-0.001201
-0.007136
-0.016310
-0.018531
-0.013834
-0.008119
-0.005206
-0.004114
-0.000036
0.004842
0.009429
0.011796
0.007427
0.001529
-0.003240
-0.004624
-0.001456
0.000073
-0.000510
-0.002658
-0.002840
-0.002439
-0.003568
-0.001420
-0.001238
0.004187
0.009101
0.006371
-0.000218
-0.010048
-0.013288
-0.010376
-0.003713
0.002330
0.000728
-0.000182
-0.002876
-0.004988
-0.004296
-0.003349
-0.002694
-0.001893
0.002439
0.011614
0.020897
0.023373
0.015218
-0.003058
-0.012815
-0.016747
-0.009575
-0.010266
-0.004369
-0.005170
0.000837
0.013397
0.018094
0.001966
-0.028724
-0.039573
-0.039537
-0.028287
-0.011359
-0.003240
-0.000546
0.011140
0.026358
0.032110
0.027996
0.020533
0.001420
-0.018858
-0.030035
-0.035132
-0.037389
-0.031964
-0.020533
-0.009502
0.003713
0.013652
0.016310
0.022353
0.011614
-0.013834
-0.035969
-0.047765
-0.038590
-0.011322
0.013761
0.024137
0.016820
-0.004077
-0.024610
-0.034986
-0.035824
-0.023919
-0.016965
-0.012815
0.000036
0.007318
0.010958
0.014672
0.009866
-0.005097
-0.019441
-0.029671
-0.035532
-0.029744
-0.021916
-0.012961
-0.006772
-0.005170
-0.000364
0.007099
0.010449
0.003167
-0.011104
-0.019659
-0.017985
-0.008264
-0.004150
-0.007245
-0.008737
-0.008155
-0.005716
-0.000910
0.005934
0.010849
0.013725
0.012924
0.007026
0.003422
-0.000473
-0.004587
-0.005024
-0.000619
0.001820
0.001857
-0.000364
-0.007682
-0.016128
-0.021480
-0.021662
-0.017730
-0.024174
-0.033858
-0.036697
-0.033748
-0.035532
-0.045216
-0.041321
-0.031018
-0.027632
-0.025047
-0.017839
-0.004041
-0.003240
-0.011723
-0.015072
-0.012087
-0.011978
-0.011686
-0.002548
0.006116
0.006480
0.003641
0.003713
0.006772
0.008046
0.009284
0.011686
0.007791
0.004077
0.011686
0.014708
0.010230
0.006225
0.003204
0.004187
0.006808
0.007208
0.004915
0.003095
-0.001711
-0.008228
-0.012633
-0.009830
-0.005752
-0.006589
-0.009284
-0.010084
-0.015582
-0.019841
-0.018094
-0.012487
-0.007973
-0.009247
-0.014744
-0.020897
-0.025557
-0.029452
-0.026540
-0.015436
-0.004514
-0.002002
-0.008956
-0.013215
-0.012997
-0.015072
-0.013252
-0.010849
-0.008701
0.000255
0.007609
0.007937
0.009320
0.008337
0.007791
0.004951
-0.002876
-0.004041
-0.001602
0.005607
0.009902
0.006844
0.000000
-0.004332
-0.012524
-0.020351
-0.017803
-0.003823
0.005352
0.007973
0.008774
0.009720
0.004915
-0.005861
-0.015800
-0.022208
-0.028215
-0.029416
-0.023664
-0.014490
-0.009247
-0.004624
-0.007682
-0.012342
-0.015327
-0.019768
-0.022936
-0.023919
-0.019550
-0.011978
-0.006007
-0.001311
-0.002658
-0.001529
0.000947
0.002294
-0.002257
-0.006699
-0.004041
-0.001347
-0.001493
-0.004696
-0.002985
0.005170
0.007172
0.002439
-0.006954
-0.012269
-0.011796
-0.004551
0.000510
0.002148
-0.000073
-0.003204
-0.006225
-0.005789
-0.004405
-0.006153
-0.008264
-0.008919
-0.007973
-0.007718
-0.007318
-0.005206
-0.002767
-0.005133
-0.006844
-0.002403
-0.001602
-0.005461
-0.005825
-0.003750
-0.000437
0.002403
0.000692
-0.002585
-0.002112
0.000801
0.001493
-0.000109
-0.005133
-0.007754
-0.007245
-0.003313
-0.001784
-0.004660
-0.007500
-0.004405
0.002039
0.003204
0.001602
-0.002840
-0.006444
-0.006371
-0.008555
-0.008483
-0.005315
-0.002184
0.002840
0.005315
0.007973
0.004369
-0.000837
-0.001420
-0.001019
0.001893
0.002184
0.002658
-0.000036
-0.002476
-0.000837
-0.002694
-0.003823
-0.005242
-0.004478
-0.001966
0.000473
0.010631
0.017912
0.012378
0.004696
0.001019
-0.003240
-0.006189
-0.001820
0.000109
0.002112
0.003422
0.004514
0.003204
0.001092
0.000728
0.002621
0.005825
0.005388
0.003240
0.003022
0.005024
0.006298
0.005170
0.005570
0.007390
0.006262
0.003240
0.003713
0.005716
0.007791
0.007172
0.007937
0.006262
0.007136
0.010485
0.012451
0.010885
0.007754
0.003641
-0.001165
-0.002221
0.000947
0.006589
0.011614
0.015036
0.014380
0.011286
0.008919
0.007427
0.006153
0.005534
0.007718
0.011177
0.012706
0.013070
0.012269
0.010012
0.009356
0.010157
0.011614
0.011431
0.011213
0.010303
0.006589
0.003058
0.001930
0.004150
0.005534
0.004478
0.001129
-0.002512
-0.006662
-0.010339
-0.009538
-0.007791
-0.005570
-0.003968
-0.003823
-0.004442
-0.005534
-0.005643
-0.003713
-0.001420
-0.002767
-0.002949
-0.001893
-0.000874
0.000146
-0.001092
-0.001238
0.001311
0.005679
0.006589
0.003277
-0.001456
-0.008082
-0.011941
-0.009393
0.004296
0.009866
0.005060
-0.000218
-0.004478
-0.001747
-0.001675
-0.006407
-0.009320
-0.005133
0.004405
0.009138
0.010449
0.009538
0.005024
0.001857
-0.001456
-0.002257
-0.002221
-0.000364
0.003968
0.007937
0.009284
0.007827
0.008774
0.008992
0.008701
0.008337
0.007536
0.007136
0.002767
0.000874
0.002221
0.003568
0.005607
0.007318
0.008410
0.009538
0.008810
0.006262
0.004733
0.002840
0.001129
0.001274
0.000910
0.002221
0.002912
0.003531
0.004223
0.006480
0.010412
0.012815
0.015363
0.015145
0.013143
0.013179
0.007136
0.008301
0.009648
0.009174
0.009101
0.002512
0.004624
0.006517
0.002730
-0.001201
-0.001201
0.003641
0.006699
0.012487
0.012997
0.011067
0.009902
0.005534
0.013871
0.014344
0.009174
0.006808
0.008046
0.006517
0.004842
0.010194
0.010012
0.006116
0.006371
0.009684
0.012050
0.014235
0.015764
0.011249
-0.000400
-0.008810
-0.009029
-0.002803
0.004405
0.011104
0.012924
0.013907
0.012269
0.006262
0.000947
-0.002330
-0.002912
-0.001420
0.000801
0.006225
0.013579
0.014708
0.009393
0.003167
-0.000291
-0.002985
-0.000983
0.001747
0.003422
0.006298
0.008992
0.007318
0.004005
0.002366
-0.000364
-0.001383
0.000073
0.000837
0.000546
0.001565
0.002184
0.001529
-0.000546
-0.002949
-0.004296
-0.005315
-0.002257
0.003277
0.004114
0.002002
0.000000
-0.001711
-0.001383
0.000437
0.002548
0.001420
-0.000291
0.000218
0.001092
0.000874
-0.000437
-0.001201
-0.000692
-0.002512
-0.002002
-0.000146
0.000291
-0.001019
-0.001129
-0.000619
-0.001966
-0.003422
-0.003677
-0.000510
0.001383
0.000728
-0.000400
-0.004332
-0.007791
-0.006553
-0.001820
0.003313
0.005679
0.007245
0.008082
0.003968
-0.003240
-0.005424
-0.002730
0.001747
0.001675
-0.001966
-0.001529
0.000801
0.001347
0.003823
0.006990
0.005534
-0.000073
-0.002585
-0.001129
-0.000692
0.000182
0.003859
0.010230
0.010849
0.003058
-0.009720
-0.015218
-0.011759
-0.006371
-0.000328
0.007427
0.011541
0.011796
0.010194
0.009247
0.007390
0.005133
0.005024
0.002330
0.002184
0.001602
0.001347
0.001420
0.002512
0.005934
0.008919
0.012232
0.016638
0.014198
0.007645
-0.000728
-0.006225
-0.008665
-0.000546
0.009830
0.015545
0.012451
0.006917
0.005206
0.006589
0.010084
0.010958
0.011395
0.010885
0.008847
0.006517
0.006407
0.007645
0.007609
0.006153
0.002548
0.000036
0.002476
0.004041
0.005279
0.006189
0.001893
-0.000582
0.000582
0.002730
0.003932
0.004369
0.005206
0.004660
0.004733
0.004223
0.004223
0.004988
0.003604
0.003131
0.003677
0.004988
0.003531
0.001201
0.000801
0.001784
0.001820
0.001019
0.003895
0.003604
0.004442
0.006298
0.008555
0.012342
0.013106
0.009720
0.004187
-0.001711
-0.004187
-0.007208
-0.008992
-0.006043
-0.005352
-0.005352
-0.003058
0.000291
0.006626
0.010012
0.011650
0.013033
0.009793
0.007281
0.003531
-0.002112
-0.005898
-0.006262
-0.005024
-0.003459
0.001747
0.005789
0.008701
0.010631
0.004187
-0.003932
-0.005752
-0.001857
0.000218
0.001274
0.003823
0.004005
0.002949
0.001893
0.001893
-0.000619
-0.001238
-0.001056
-0.003313
-0.002221
-0.002476
-0.004005
0.001092
0.008410
0.010230
0.007354
0.004405
0.000546
-0.006517
-0.008810
-0.005097
0.000910
0.008410
0.015327
0.021407
0.017803
0.004842
-0.000692
0.004077
0.000036
-0.008956
-0.004114
-0.001274
0.000582
0.010594
0.014926
0.004041
-0.013725
-0.014453
-0.006189
-0.005060
-0.009720
-0.010740
-0.004696
-0.003459
-0.003895
0.001893
0.003568
0.001274
-0.001092
-0.001129
-0.003531
-0.007281
-0.009538
-0.006662
0.001602
0.006954
0.005607
0.003240
0.002039
0.002985
0.007500
0.009502
0.008847
0.006881
0.000983
-0.005789
-0.008701
-0.008847
-0.009575
-0.010849
-0.007208
-0.002621
0.001420
-0.000400
-0.002075
0.002439
0.002803
-0.000947
-0.005789
-0.006699
-0.007645
-0.008592
-0.004842
0.002148
0.007864
0.006844
0.003167
-0.001456
-0.003859
-0.001201
0.001747
0.002148
-0.001966
-0.004077
-0.009793
-0.013980
-0.011905
-0.006080
-0.000109
0.002184
0.001092
-0.002876
-0.006735
-0.011177
-0.012524
-0.010266
-0.009174
-0.003240
0.004514
0.006335
0.008046
0.010449
0.007973
0.003240
0.001893
-0.000291
-0.000582
-0.001383
-0.002548
-0.007245
-0.011213
-0.010230
-0.002840
0.006626
0.006626
0.003313
-0.001930
-0.005461
-0.010194
-0.014126
-0.011031
-0.001602
0.004587
0.006116
0.008774
0.012560
0.007354
-0.000874
-0.005898
-0.011650
-0.010376
-0.005024
0.001056
0.002330
0.001529
-0.002403
-0.009356
-0.013579
-0.012342
-0.007973
-0.002366
0.001893
0.004733
0.003823
0.002330
0.002002
-0.000073
-0.002439
-0.004478
-0.006189
-0.003859
0.003604
0.005534
0.003641
0.000255
-0.004915
-0.011614
-0.012524
-0.009101
-0.002876
0.010558
0.021916
0.020060
0.015036
0.005424
-0.011832
-0.020861
-0.023009
-0.022026
-0.009174
0.004842
0.013689
0.013907
0.009247
-0.000837
-0.017366
-0.028542
-0.030181
-0.019441
-0.004150
0.006043
0.011177
0.010412
0.000182
-0.013761
-0.023846
-0.023482
-0.012232
0.003604
0.015764
0.019404
0.014344
0.007281
0.000546
-0.007063
-0.011577
-0.013252
-0.009466
-0.005206
0.000765
0.006553
0.005497
0.003131
-0.001456
-0.010157
-0.014198
-0.013179
-0.008956
-0.005242
-0.001493
0.000036
-0.002694
-0.004514
-0.004077
-0.006335
-0.007754
-0.001638
0.003823
0.005752
0.004769
0.001966
-0.005170
-0.013179
-0.017002
-0.014016
-0.010157
-0.006080
-0.004696
-0.007390
-0.012014
-0.015691
-0.018421
-0.018567
-0.017293
-0.017875
-0.010631
-0.002730
-0.004296
-0.005060
-0.005752
-0.010485
-0.019586
-0.027741
-0.024064
-0.014599
-0.002949
0.003167
0.002985
0.002730
-0.000364
-0.009466
-0.012706
-0.007136
-0.000619
0.006298
0.008301
0.008410
0.008082
0.002949
-0.005497
-0.008301
-0.007827
-0.005279
-0.005643
-0.005679
-0.003932
-0.003895
-0.005352
-0.005097
-0.005097
-0.004696
-0.002658
-0.002694
-0.003641
-0.006881
-0.010048
-0.010266
-0.006990
-0.004041
-0.002148
-0.000874
-0.001857
-0.003531
-0.005133
-0.005789
-0.005789
-0.004951
-0.002767
-0.004005
-0.006954
-0.003859
0.000546
-0.000146
-0.004696
-0.006407
-0.007536
-0.007754
-0.001857
-0.000801
-0.008373
-0.005206
-0.002912
-0.006225
-0.003095
0.002694
0.001092
-0.000765
0.003495
0.004806
0.002730
0.002658
0.001347
-0.002876
-0.006407
-0.005898
-0.002548
0.000619
0.001274
-0.000837
-0.002257
-0.001165
0.002366
0.002658
-0.000364
-0.003058
0.001274
0.004733
0.004005
-0.000218
-0.000328
-0.000146
-0.000291
-0.000692
-0.001784
-0.002366
-0.001311
0.001565
0.001893
0.003895
0.005752
0.004260
-0.000655
-0.003277
-0.004551
-0.003422
0.002221
0.004660
0.004405
0.003095
0.003240
0.004878
0.003422
0.000146
-0.001784
-0.001274
0.001165
0.001638
0.002294
0.003313
0.002658
0.000036
0.000218
0.002148
0.001238
-0.000983
-0.000801
0.002439
0.007572
0.010558
0.011868
0.009830
0.003750
0.000036
-0.001311
-0.001274
-0.002221
-0.004660
-0.004332
-0.002767
0.000983
0.006844
0.013907
0.017402
0.011577
0.006517
0.001493
-0.003968
-0.007245
-0.001784
0.007026
0.012087
0.013252
0.009538
0.005242
-0.000218
-0.003022
-0.002985
0.001820
0.004005
0.003568
0.006298
0.007864
0.005279
0.000874
-0.001238
0.003058
0.002184
0.002439
0.007754
0.010485
0.009101
0.006007
0.007864
0.007354
0.004951
0.000546
0.000728
0.005825
0.008847
0.008810
0.008592
0.005934
0.003022
0.004405
0.005934
0.005752
0.006772
0.008483
0.008483
0.004077
0.000546
-0.000655
0.001092
0.003968
0.003568
0.003823
0.005024
0.004005
0.001602
-0.001129
-0.002803
-0.001383
0.000910
0.000692
0.004733
0.010958
0.005242
-0.003022
-0.003240
-0.002112
-0.001129
0.006153
0.010995
0.007172
0.002039
0.000619
0.001602
0.002585
0.001857
0.004041
0.007281
0.007791
0.004733
0.001565
0.001056
0.001165
-0.000801
-0.002148
-0.001966
0.001565
0.005497
0.006808
0.005024
0.006262
0.011431
0.010703
0.004696
0.001420
-0.003204
-0.006662
-0.002366
0.002585
0.003131
0.001857
0.000510
-0.001456
-0.002476
-0.001201
-0.000364
-0.002002
-0.000655
0.002257
0.002002
0.000364
-0.000437
-0.001893
0.000437
0.002585
0.000619
-0.000983
0.000073
0.000182
-0.003641
-0.006917
-0.006772
0.001347
0.014562
0.017948
0.012196
0.007682
0.007281
0.009429
0.002476
-0.006772
-0.007427
-0.004878
-0.003022
-0.002002
-0.003058
-0.002439
0.001420
0.008046
0.012050
0.014126
0.013397
0.009939
0.005971
0.002840
0.000073
-0.007172
-0.012232
-0.011905
-0.008337
-0.004041
0.001565
0.007026
0.010631
0.011941
0.011286
0.007245
0.001784
-0.000218
-0.000255
-0.001274
-0.002476
0.000000
0.003932
0.009211
0.012560
0.013543
0.013507
0.009975
0.007463
0.006553
0.005497
0.007245
0.009502
0.009538
0.007208
0.006480
0.006480
0.006662
0.006626
0.005752
0.005279
0.006990
0.010376
0.012451
0.014344
0.014235
0.012050
0.010376
0.010084
0.009975
0.008264
0.005497
0.005679
0.007682
0.008774
0.009429
0.011468
0.011359
0.009138
0.008301
0.006298
0.012851
0.018640
0.013033
0.015436
0.013434
0.006043
0.010594
0.008082
0.005352
0.011213
0.012414
0.011067
0.009939
0.010339
0.009757
0.008737
0.008665
0.004806
0.002658
0.004041
0.003895
0.002330
0.001930
0.001966
0.002585
0.001274
-0.001092
-0.002730
-0.001638
0.002439
0.005825
0.006990
0.006990
0.000546
-0.010922
-0.015509
-0.009174
0.004806
0.018676
0.023409
0.021807
0.005097
-0.016492
-0.023518
-0.017329
-0.004005
0.004878
0.013725
0.017038
0.013689
0.008774
-0.003277
-0.008009
-0.005242
-0.002002
0.002221
0.003968
0.003604
0.000692
-0.001420
-0.003058
-0.007973
-0.009101
-0.007390
-0.002803
0.003240
0.004114
0.004660
0.005861
0.004696
0.002767
-0.000947
-0.005607
-0.007354
-0.008410
-0.011759
-0.011941
-0.007063
-0.005279
-0.004478
-0.001711
-0.001456
-0.003058
-0.002148
-0.001201
-0.000437
-0.000218
-0.000837
-0.002876
-0.003459
-0.004077
-0.004150
-0.003058
-0.003422
-0.003786
-0.003058
-0.002803
-0.001274
0.001311
-0.000801
-0.003313
-0.004114
-0.002148
-0.000109
0.000255
0.001092
0.001092
0.002658
0.002075
0.000255
0.000400
-0.001165
-0.001311
-0.000255
0.000910
0.001711
0.000947
0.000364
-0.002075
-0.002330
-0.001493
0.000437
0.002730
0.005898
0.003968
0.000910
0.002439
0.003823
0.002257
0.000400
0.000582
0.003604
0.005752
0.006517
0.003058
0.002112
0.004260
0.006298
0.006153
0.005497
0.009757
0.009720
0.004551
0.002840
0.002876
0.002985
0.003750
0.004951
0.005570
0.006298
0.004842
0.001274
0.001456
0.002840
0.000146
0.000437
0.003750
0.004733
0.002112
-0.001238
-0.002257
0.001638
0.008665
0.015363
0.014854
0.007536
0.005388
0.003713
-0.000146
-0.002257
-0.001201
-0.003095
-0.007245
-0.003713
0.008956
0.016601
0.017002
0.011686
0.001966
-0.005206
-0.008301
-0.004260
0.004005
0.009575
0.010849
0.007864
0.001784
-0.003604
-0.004842
-0.002767
0.000655
0.003095
0.005060
0.007099
0.009247
0.009611
0.005279
-0.000255
-0.005716
-0.009648
-0.009538
-0.004951
0.001893
0.006371
0.008592
0.010048
0.009393
0.008119
0.007500
0.008301
0.006954
0.004442
0.001092
0.000947
0.004478
0.004114
0.003713
0.009211
0.014417
0.015909
0.013943
0.007318
-0.000765
-0.003495
-0.002730
-0.004114
-0.002876
0.003422
0.009684
0.015582
0.016747
0.011177
0.005279
0.000655
-0.002803
-0.003422
0.000218
0.005060
0.010885
0.012414
0.008883
0.003823
-0.001383
-0.005497
-0.004696
-0.005242
-0.007463
-0.004260
-0.001747
0.000255
0.001311
0.004187
0.000328
-0.006517
-0.004951
0.001092
0.002439
-0.001893
-0.000364
0.010485
0.020424
0.020023
0.012014
0.002949
-0.005607
-0.004696
0.007026
0.011177
-0.002184
-0.019805
-0.021807
-0.014744
-0.003932
0.004187
0.009284
0.007463
-0.003167
-0.012232
-0.000400
0.016820
0.019077
0.012706
-0.004150
-0.022499
-0.031673
-0.026758
-0.015436
0.000728
0.007900
0.010449
0.012669
0.010412
0.002803
-0.009793
-0.018057
-0.021516
-0.017839
-0.010376
-0.005534
0.006080
0.009320
-0.001456
-0.009429
-0.006189
-0.002621
-0.001747
0.000400
0.000473
-0.001238
-0.002257
-0.006116
-0.008992
-0.013070
-0.012123
-0.003459
0.007718
0.014271
0.014380
0.009757
-0.004551
-0.014817
-0.014999
-0.011577
-0.009466
-0.002658
0.005716
0.004442
-0.000364
-0.010703
-0.020933
-0.019368
-0.012160
-0.001602
0.010776
0.020569
0.019295
0.015108
0.009757
0.001019
-0.008301
-0.020751
-0.027887
-0.026285
-0.017147
-0.004478
0.007172
0.010740
0.007390
0.001565
-0.006917
-0.011905
-0.009830
-0.004442
0.003932
0.008410
0.006298
0.001529
-0.000655
-0.003932
-0.010667
-0.013361
-0.009684
-0.005679
-0.005497
-0.007900
-0.010048
-0.009174
-0.007099
-0.003349
0.002294
0.009648
0.011395
0.010703
0.004405
-0.007026
-0.020169
-0.027086
-0.023445
-0.011723
0.002184
0.010885
0.014926
0.010485
0.011614
0.009429
0.016273
0.010521
-0.012633
-0.021662
-0.028943
-0.024902
-0.007172
0.007427
0.019878
0.024683
0.017548
0.004187
-0.016055
-0.032219
-0.043978
-0.045071
-0.039027
-0.029452
-0.014562
-0.001784
0.002585
0.002876
-0.001019
-0.006553
-0.017293
-0.030581
-0.035459
-0.032365
-0.018822
-0.002658
0.005752
0.010412
0.006626
0.003277
0.000582
-0.004624
-0.003932
-0.002912
-0.001747
0.000218
0.004733
0.011796
0.008301
-0.002439
-0.016565
-0.021152
-0.014781
-0.003859
0.002366
0.000765
0.000109
-0.003568
-0.005170
-0.005279
-0.007063
-0.005971
-0.006553
-0.009575
-0.009320
-0.008155
-0.006881
-0.005279
-0.005934
-0.008555
-0.011650
-0.015837
-0.018385
-0.015400
-0.012451
-0.011541
-0.013543
-0.016273
-0.015436
-0.013579
-0.009793
-0.005679
-0.002949
-0.001238
-0.003750
-0.007791
-0.009029
-0.007208
-0.004077
0.000218
0.003058
0.003641
0.000910
-0.004624
-0.007864
-0.008082
-0.005825
-0.003713
-0.002585
0.000073
0.000619
-0.002148
-0.004696
-0.005133
-0.006080
-0.006116
-0.004806
-0.004696
-0.008191
-0.012269
-0.011941
-0.007791
-0.006553
-0.007900
-0.007973
-0.006189
-0.001966
0.001711
0.004187
0.006225
0.008046
0.007500
0.003859
-0.000619
-0.005789
-0.009466
-0.010412
-0.010849
-0.010631
-0.008810
-0.003859
0.002366
0.006371
0.006954
0.003204
-0.004442
-0.011941
-0.012633
-0.009466
-0.005789
-0.002075
0.001092
0.002730
0.004005
0.004806
0.002840
-0.000146
-0.002912
-0.006189
-0.007500
-0.005971
-0.003058
-0.002694
-0.001784
-0.000400
-0.001711
-0.003859
-0.005097
-0.003022
-0.002585
-0.001165
-0.000837
0.001238
0.003531
0.003022
0.003968
0.002075
-0.001747
-0.006990
-0.008555
-0.007754
-0.007136
-0.004806
-0.000218
0.003022
0.001820
0.000655
0.001675
-0.000473
-0.004296
-0.002257
0.002075
0.002112
0.000874
0.004041
0.004951
0.002476
-0.001383
-0.003823
-0.002075
0.000837
0.003022
0.004660
0.005133
0.005097
0.001019
-0.002476
-0.005570
-0.003204
0.001056
0.002512
0.004260
0.006262
0.005170
0.002221
-0.000109
-0.001420
-0.001456
0.001747
0.004150
0.004842
0.005279
0.003823
0.001565
-0.001311
-0.004077
-0.003750
-0.000291
0.002876
0.004405
0.004806
0.003750
0.000765
-0.000146
0.000109
0.001311
0.003095
0.005279
0.005825
0.002476
-0.000400
-0.003277
-0.004587
-0.003531
-0.001675
0.001311
0.004806
0.004041
0.001092
0.000000
-0.001820
-0.000801
0.001274
0.000947
0.001638
0.004369
0.004223
0.002330
0.001493
-0.000400
-0.000255
0.001711
0.003349
0.003022
0.001493
0.000255
-0.000291
0.001893
0.004696
0.004223
0.000400
-0.002257
-0.003641
-0.001893
-0.000255
-0.000364
0.000947
0.004551
0.007864
0.007682
0.002148
-0.000182
-0.000364
-0.006116
-0.001638
0.011395
0.009939
0.000910
0.001493
0.004769
0.003968
0.001565
0.001129
-0.000983
-0.004478
-0.002403
0.004296
0.005861
0.003422
0.005060
0.007864
0.008446
0.007245
0.006772
0.007318
0.006371
0.005971
0.003459
0.001456
0.003531
0.004878
0.002876
0.005315
0.008446
0.006480
0.006225
0.008337
0.009939
0.011468
0.011067
0.006772
0.004150
0.005388
0.006589
0.006517
0.008155
0.010703
0.007718
0.004223
0.003386
0.002658
0.002039
0.003531
0.004915
0.006444
0.007900
0.007864
0.005825
0.003568
0.003386
0.003568
0.005570
0.008082
0.007645
0.005534
0.004733
0.006371
0.006116
0.002912
-0.001129
-0.005424
-0.004660
-0.002548
-0.002694
-0.002221
-0.001784
-0.000801
0.000728
0.000801
-0.000510
-0.002039
-0.003459
-0.002658
-0.002148
-0.002985
-0.001311
-0.002803
-0.010303
-0.000910
0.023263
0.028542
0.018895
0.004551
-0.004114
-0.001311
-0.000728
-0.005716
-0.009902
-0.005534
0.006699
0.014126
0.013325
0.010849
0.009830
0.006153
0.002112
0.002257
0.002694
0.005643
0.005170
0.001820
-0.001456
-0.004806
-0.009101
-0.006335
0.000910
0.007900
0.012596
0.013652
0.011067
0.008665
0.008264
0.006298
0.004624
0.004260
0.004733
0.007500
0.009538
0.008774
0.008592
0.009393
0.008446
0.007609
0.009356
0.009611
0.010485
0.009939
0.006371
0.004696
0.003895
0.003386
0.004915
0.007172
0.007973
0.006954
0.005206
0.004660
0.005607
0.009284
0.013252
0.014344
0.013470
0.013179
0.012414
0.009793
0.006153
0.002840
0.000947
0.004806
0.009502
0.010157
0.009684
0.006917
0.004769
0.007609
0.015800
0.018130
0.015946
0.010776
0.005534
0.006444
0.006699
0.009466
0.013106
0.010376
0.006881
0.007864
0.010485
0.008992
0.005861
0.002002
0.000109
0.002330
0.005170
0.003968
-0.000692
-0.001820
-0.000765
0.001201
0.000582
0.000182
0.000546
0.001857
0.002257
0.002985
0.011395
0.018021
0.015363
0.008119
0.003968
-0.003022
-0.007682
-0.001238
0.004988
0.002403
-0.001747
-0.002039
0.000983
0.007645
0.013252
0.017475
0.018385
0.012669
-0.000218
-0.011177
-0.010849
-0.004624
-0.000473
0.003313
0.005461
0.003204
0.001456
0.000983
-0.000364
-0.001092
-0.000182
0.000364
0.000874
-0.001129
-0.004077
-0.005388
-0.004077
-0.001675
0.002257
0.002294
-0.000546
-0.003277
-0.001857
0.001165
0.001602
0.001820
0.001420
0.000328
0.001274
0.000692
-0.001602
-0.001675
-0.000837
-0.001602
-0.001747
-0.002876
-0.005206
-0.003277
-0.001092
-0.000510
0.001201
0.001347
-0.000910
-0.002112
-0.000910
-0.000510
-0.000765
0.000655
-0.001347
-0.003895
-0.003568
-0.003641
-0.006699
-0.002985
0.004260
0.003058
-0.002912
-0.006225
0.002512
0.005789
-0.004150
-0.011723
-0.008592
-0.001784
0.005424
0.012524
0.011686
0.006626
0.004915
0.005206
0.005643
0.003277
-0.002840
-0.008774
-0.006335
0.003786
0.008956
0.009902
0.005752
0.001602
0.002184
0.003859
0.001893
0.001092
0.004187
0.002621
0.004005
0.002912
-0.000582
-0.000692
0.002476
0.016055
0.029926
0.021370
-0.003641
-0.020606
-0.030144
-0.035205
-0.015072
0.010266
0.013288
0.010266
0.014016
0.016164
0.016346
0.014235
0.001675
-0.022026
-0.035714
-0.034222
-0.018349
0.000655
0.021771
0.040047
0.038481
0.024210
0.002184
-0.020023
-0.030545
-0.030181
-0.017038
0.002949
0.020060
0.025339
0.018822
0.011359
0.009575
0.004260
0.000073
-0.002075
-0.001238
0.002039
0.002876
0.003859
0.002112
0.001019
0.000437
-0.000036
0.002512
0.005716
0.003641
-0.003313
-0.005534
-0.005898
-0.003968
-0.003277
0.000073
0.008009
0.008628
0.005315
0.007099
0.002512
-0.002840
-0.002439
-0.000364
0.001638
0.008082
0.008555
0.000619
-0.002803
-0.000109
-0.000182
-0.006990
-0.011031
-0.009174
-0.008301
-0.006080
0.000182
0.005570
0.007281
0.006917
0.003968
-0.000655
-0.002075
-0.000400
0.001675
0.005716
0.008228
0.005861
0.002803
0.001675
-0.003713
-0.013980
-0.016674
-0.010594
-0.002730
0.004332
0.007973
0.007208
-0.000728
-0.006735
-0.009757
-0.010958
-0.004878
0.010594
0.019732
0.013689
0.002112
-0.008046
-0.014126
-0.013070
-0.008737
-0.004733
-0.001565
0.007827
0.018858
0.021006
0.010958
-0.007827
-0.023409
-0.030872
-0.025120
-0.006954
0.007318
0.009902
0.011614
0.010521
-0.000182
-0.012924
-0.020169
-0.020460
-0.015218
-0.005279
0.005752
0.010012
0.006153
-0.000983
-0.004769
-0.005643
-0.002621
0.000364
-0.000109
0.000910
-0.001274
-0.002949
-0.004332
-0.011759
-0.015582
-0.010157
-0.006007
-0.002512
0.000765
0.008555
0.010631
0.005643
-0.004514
-0.013288
-0.020060
-0.024101
-0.012669
0.002985
0.009648
0.007864
0.005315
0.002658
-0.006917
-0.016019
-0.015254
-0.008774
-0.009211
-0.002548
0.008301
0.006043
-0.004187
-0.016419
-0.024610
-0.026649
-0.022208
-0.012014
0.002366
0.009720
0.008228
0.007900
0.003968
0.000874
0.004660
0.002184
-0.004878
-0.007245
0.003058
0.015218
0.022463
0.021552
0.007900
0.000146
0.000473
-0.005679
0.000692
0.003604
-0.001747
0.004296
0.001493
-0.000109
-0.000437
-0.006990
-0.017111
-0.000364
0.010849
0.027122
0.026431
0.001675
-0.018203
-0.020169
-0.017038
-0.032947
-0.035205
-0.041721
-0.036879
-0.027960
-0.010048
-0.006626
-0.019295
-0.029161
-0.039865
-0.050641
-0.055847
-0.047037
-0.017293
0.008446
0.030472
0.045580
0.050896
0.042741
0.033785
0.018276
-0.004442
-0.021480
-0.030144
-0.028870
-0.017766
-0.007718
0.004442
0.005898
0.001602
-0.010558
-0.018312
-0.019696
-0.015727
-0.004951
-0.004478
-0.005170
-0.005679
-0.003641
-0.009320
-0.013761
-0.012742
-0.007463
0.004041
0.006298
0.006517
0.000364
-0.010048
-0.019259
-0.027996
-0.027778
-0.019441
-0.016492
-0.017584
-0.016674
-0.013980
-0.004878
0.003058
0.006444
0.010521
0.005679
-0.009538
-0.026904
-0.035751
-0.029598
-0.014308
0.001930
0.005388
0.001529
-0.004442
-0.006444
-0.007063
-0.008337
-0.008046
-0.005716
-0.002803
-0.001311
-0.001675
-0.004332
-0.003968
-0.005206
-0.002439
-0.001311
-0.005971
-0.011031
-0.014744
-0.014235
-0.009611
-0.007609
-0.008446
-0.012269
-0.017475
-0.020933
-0.019113
-0.010266
0.000765
0.005971
0.009939
0.006772
-0.001675
-0.012087
-0.018640
-0.023409
-0.026868
-0.017839
-0.004624
0.001966
-0.002658
-0.007354
-0.007063
-0.007937
-0.006189
-0.001893
-0.001820
-0.006153
-0.012014
-0.016456
-0.015764
-0.012487
-0.008883
-0.007900
-0.008774
-0.011140
-0.008082
-0.005534
-0.004478
-0.001747
0.006189
0.009065
0.005643
-0.001893
-0.011905
-0.018276
-0.022171
-0.021261
-0.013070
-0.003786
0.001456
0.000510
-0.003750
-0.008410
-0.012961
-0.013434
-0.011395
-0.008519
-0.005024
-0.002148
-0.004405
-0.006262
-0.004405
-0.003204
-0.003313
-0.002840
-0.002621
-0.005060
-0.008519
-0.011978
-0.019259
-0.021771
-0.016783
-0.012524
-0.008264
-0.001019
0.002840
0.003568
0.001820
-0.000364
-0.003095
-0.007099
-0.007718
-0.007500
-0.005861
-0.007172
-0.011541
-0.012997
-0.010485
-0.009356
-0.009138
-0.009065
-0.009356
-0.008446
-0.009684
-0.010703
-0.007208
-0.003277
-0.002876
-0.004842
-0.010521
-0.014490
-0.013761
-0.010703
-0.009029
-0.001383
0.006699
0.002730
-0.005825
-0.006990
-0.007245
-0.010485
-0.011686
-0.013143
-0.015254
-0.012633
-0.006808
-0.002548
0.000765
0.006007
0.005024
0.003277
0.003823
0.003167
-0.000218
-0.003568
-0.004187
-0.010667
-0.014963
-0.012851
-0.010521
-0.008847
-0.001820
0.006808
0.009757
0.013033
0.014708
0.007645
-0.001347
-0.006407
-0.005133
-0.005242
-0.005242
-0.002148
0.002330
0.007645
0.009065
0.005534
0.000291
-0.005279
-0.008446
-0.010813
-0.008519
0.000000
0.005315
0.007791
0.012160
0.013106
0.009502
0.006298
0.005534
0.002148
0.002002
0.005279
0.007026
0.005352
0.003422
0.003968
0.005643
0.004915
0.004624
0.007572
0.007245
0.005024
0.001930
0.000692
0.004405
0.010121
0.016128
0.017511
0.017839
0.017766
0.017402
0.014271
0.009720
0.006225
0.006153
0.007208
0.009174
0.014126
0.018968
0.023409
0.025193
0.020460
0.013143
0.008337
0.004988
0.003859
0.005570
0.009648
0.014417
0.017839
0.019477
0.019987
0.018785
0.016783
0.013761
0.008992
0.000983
-0.004842
-0.006626
0.000328
0.014490
0.014926
0.007172
0.007281
0.009174
0.004041
-0.001311
-0.002112
-0.001347
-0.003531
-0.001092
0.000437
0.000728
0.003204
0.012087
0.014490
0.006371
-0.005060
-0.010412
-0.006407
-0.004806
-0.003204
-0.002512
-0.005679
-0.008519
-0.007063
-0.003495
-0.000910
-0.001456
-0.000073
-0.000437
-0.003022
-0.008119
-0.008264
-0.003386
0.000947
0.001383
0.000619
-0.003859
-0.007572
-0.010339
-0.004260
0.002658
-0.000473
-0.004769
-0.009902
-0.011286
-0.001456
0.007136
0.009611
-0.000728
-0.011905
-0.014089
-0.011213
-0.007500
-0.006080
-0.002803
-0.002585
-0.005534
-0.008046
-0.012123
-0.012961
-0.007754
-0.003277
-0.002730
-0.002658
-0.006589
-0.012633
-0.011941
-0.006772
-0.005097
-0.006808
-0.000983
0.004187
-0.000947
-0.008373
-0.010849
-0.014344
-0.017875
-0.014235
-0.011541
0.001638
0.016820
0.012779
0.002366
-0.001675
0.006262
0.017147
0.010667
-0.010048
-0.027268
-0.030435
-0.020642
-0.010521
-0.001493
0.013325
0.024610
0.024865
0.015691
0.006662
-0.003531
-0.014926
-0.021443
-0.017038
-0.007099
0.003058
0.008046
0.007172
0.006517
0.004514
0.001347
-0.001201
0.000182
0.002148
0.002330
0.005534
0.006371
0.004332
0.003713
0.007026
0.004769
0.002439
0.001456
-0.007390
-0.013725
-0.005971
0.010849
0.020824
0.020497
0.012851
-0.004660
-0.020933
-0.019332
-0.008919
0.000291
0.009902
0.019950
0.021006
0.013397
0.008956
0.007463
0.003167
-0.000218
0.002476
0.005097
0.004842
0.002876
-0.004041
-0.005898
0.001820
0.009029
0.008555
0.007354
0.007318
0.010048
0.015108
0.016273
0.010922
0.003277
-0.001711
0.001238
0.010048
0.015072
0.012160
0.004442
-0.003313
-0.004260
0.000546
0.003750
0.003932
-0.005388
-0.014162
0.000582
0.013033
0.009429
0.006444
0.003131
0.005279
0.011686
0.006990
-0.002621
-0.004005
0.001529
0.002294
0.000582
0.004005
0.001456
-0.004041
-0.006772
-0.004260
-0.002366
-0.005898
-0.010303
-0.008483
-0.000328
0.006917
0.009830
0.006371
-0.002403
-0.009429
-0.013616
-0.013725
-0.007937
-0.002403
0.002985
0.002002
-0.001165
-0.003713
-0.007208
-0.012524
-0.016965
-0.016201
-0.012014
-0.002403
0.009720
0.013689
0.011140
0.006735
-0.000692
-0.010885
-0.015108
-0.009866
-0.007900
-0.011650
-0.013652
-0.013397
-0.010485
-0.005206
0.000036
-0.002512
-0.007136
-0.008046
-0.006808
-0.005570
-0.005898
-0.004806
-0.006662
-0.009684
-0.011686
-0.012305
-0.009065
-0.005607
-0.002148
-0.004077
-0.006662
-0.005497
-0.000983
0.000910
-0.001565
-0.007281
-0.007754
-0.001092
0.006626
0.009648
0.008774
0.003313
-0.003968
-0.008774
-0.008774
-0.005679
-0.003895
-0.001529
-0.000728
-0.000437
-0.000291
-0.001347
-0.004915
-0.007136
-0.001602
0.002112
0.001201
0.001201
0.002002
0.002257
0.002002
0.001019
0.001456
-0.000036
-0.003349
-0.006371
-0.006699
-0.004223
0.000218
0.002985
0.003058
0.001165
0.002330
0.002876
0.000692
-0.000364
0.000983
0.000655
-0.001456
-0.001747
-0.002002
-0.000255
0.001747
0.000182
-0.002730
-0.000655
0.002184
-0.000073
-0.002330
0.000801
-0.000036
-0.005643
-0.005060
0.002730
0.010084
0.011359
0.011650
0.006371
0.001493
-0.001893
-0.002039
0.000510
0.002221
0.002257
0.000291
-0.000765
-0.000837
-0.002730
-0.003786
-0.000146
0.003968
0.000910
-0.001056
0.001602
0.001711
0.005097
0.009830
0.010084
0.006954
0.009648
0.012087
0.009429
0.000473
-0.010995
-0.014198
-0.008264
-0.001456
0.001201
0.004951
0.007026
0.002257
-0.003750
-0.006553
-0.003895
0.001383
0.007827
0.008373
0.004842
0.004696
0.003641
-0.000801
-0.004041
-0.002803
-0.000983
-0.003131
-0.004551
-0.000510
0.003277
0.007318
0.010084
0.008519
0.006808
0.004514
0.002366
0.001711
0.002294
0.001456
0.001784
0.007900
0.012050
0.008555
0.000837
-0.005971
-0.006553
-0.004988
-0.004150
-0.001784
0.003604
0.009393
0.008701
0.006735
0.004514
0.002039
-0.004114
-0.007937
-0.004442
0.002876
0.008082
0.004878
0.002694
0.003786
0.003750
0.002949
0.003204
0.003349
-0.000218
-0.000837
0.000364
0.000801
0.003349
0.005861
0.005898
0.002476
-0.000473
-0.002439
-0.001092
0.003459
0.006589
0.003823
-0.001165
0.001565
0.006080
0.005170
0.000582
-0.005352
-0.006808
-0.004951
-0.001274
0.002767
0.002621
0.000983
-0.001383
-0.004187
-0.003422
0.001347
0.003604
0.005206
0.005242
0.006917
0.006517
0.003677
0.004988
0.002403
-0.005133
-0.009429
-0.013507
-0.017766
-0.016273
-0.004514
0.011213
0.027341
0.040738
0.045289
0.033858
0.007864
-0.018822
-0.037717
-0.046454
-0.042158
-0.018858
0.012269
0.032547
0.038627
0.031091
0.016856
-0.000218
-0.017402
-0.029780
-0.032256
-0.025411
-0.012888
0.002585
0.024283
0.041102
0.043614
0.027923
-0.002039
-0.032838
-0.047983
-0.045216
-0.029598
-0.009648
0.005352
0.014890
0.019113
0.017548
0.012305
0.002767
-0.007500
-0.010485
-0.005352
-0.003386
-0.005716
-0.003531
-0.002658
-0.001056
-0.003386
-0.017839
-0.029234
-0.028688
-0.007754
0.018385
0.035387
0.044379
0.044743
0.028069
0.004733
-0.012779
-0.023336
-0.029270
-0.027887
-0.023263
-0.013943
-0.004077
-0.001420
0.001930
0.007208
0.011286
0.009611
0.000910
-0.003531
-0.006153
-0.006662
-0.002294
-0.001274
-0.005133
-0.015800
-0.023810
-0.030181
-0.039246
-0.030945
-0.028688
-0.016019
0.004878
0.007609
0.008665
0.006844
0.007463
0.014562
0.015582
0.012742
0.003641
-0.004369
-0.007754
-0.012706
-0.009939
-0.011177
-0.010412
-0.007754
-0.010667
-0.013215
-0.018203
-0.021079
-0.015727
-0.004769
0.004988
0.009174
0.010995
0.002039
-0.012524
-0.022208
-0.023992
-0.019987
-0.014635
-0.008555
-0.004405
-0.003968
-0.002294
-0.000109
-0.000364
-0.007063
-0.017329
-0.018822
-0.013689
-0.012050
-0.011104
-0.011359
-0.009902
-0.007099
-0.008737
-0.011650
-0.014235
-0.008919
-0.002403
-0.000582
0.001420
0.002184
-0.001383
-0.005752
-0.010303
-0.013579
-0.014453
-0.017621
-0.021188
-0.016055
-0.005060
0.001930
0.002985
0.002330
0.000473
-0.001238
0.001420
0.004077
0.004077
0.000947
-0.005497
-0.011249
-0.015291
-0.017002
-0.017621
-0.018785
-0.018713
-0.016929
-0.016164
-0.016091
-0.018094
-0.020788
-0.024647
-0.026212
-0.024501
-0.019841
-0.015436
-0.011395
-0.008410
-0.006881
-0.004187
0.000000
0.001238
0.000036
0.000765
-0.001602
-0.004150
-0.008847
-0.011395
-0.009029
-0.004733
-0.001966
-0.003968
-0.009757
-0.012269
-0.010485
-0.007099
-0.005170
-0.001930
0.001930
0.001529
-0.001784
-0.003131
-0.001638
0.001092
0.000546
-0.003204
-0.006662
-0.011941
-0.015837
-0.015946
-0.013907
-0.010813
-0.009429
-0.008919
-0.011213
-0.013579
-0.010667
-0.004587
0.001019
0.002985
-0.001456
-0.008847
-0.017438
-0.022899
-0.020278
-0.010121
0.000182
0.008919
0.011249
0.003277
-0.011978
-0.022681
-0.025812
-0.024538
-0.019222
-0.009648
0.000582
0.008264
0.012924
0.009211
0.000983
-0.006407
-0.012742
-0.018494
-0.017985
-0.014271
-0.008992
-0.006772
-0.005534
-0.004769
-0.007864
-0.009939
-0.009029
-0.008847
-0.014126
-0.015363
-0.011941
-0.007099
-0.006153
0.002330
0.009538
0.000837
-0.013325
-0.019186
-0.015982
-0.002257
0.009866
0.004077
-0.010995
-0.022171
-0.023191
-0.011541
-0.004514
-0.007973
-0.011249
-0.008810
-0.003167
-0.000109
-0.000619
-0.004660
-0.008810
-0.007354
-0.003895
-0.004551
-0.006662
-0.007791
-0.006371
-0.005898
-0.007937
-0.012487
-0.014344
0.001274
0.021261
0.019186
0.002840
-0.005097
-0.006772
-0.008774
-0.009029
-0.003750
-0.001420
-0.000692
0.003823
0.009247
0.003641
-0.002876
-0.001165
0.001675
0.000910
-0.002730
-0.006043
-0.002512
0.006626
0.010849
0.005679
0.003422
0.002330
0.000655
0.005242
0.010303
0.008737
0.001420
-0.002148
-0.000400
0.001274
0.001893
0.005133
0.008410
0.008046
0.011177
0.014708
0.013288
0.011213
0.007099
0.005679
0.004041
-0.000692
-0.006189
-0.007572
-0.005643
-0.001420
0.001529
0.002366
0.004005
0.007354
0.009793
0.007937
0.001019
-0.005279
-0.010121
-0.013288
-0.013798
-0.005534
0.004478
0.009757
0.013980
0.017475
0.010667
0.000765
-0.007318
-0.011322
-0.011541
-0.012706
-0.013361
-0.012669
-0.007572
-0.002075
0.003386
0.006262
0.003932
0.000692
-0.001675
-0.003568
-0.007063
-0.008919
-0.008228
-0.006772
-0.003568
-0.000983
-0.003859
-0.004769
-0.004551
-0.000218
0.001565
-0.005279
-0.009902
-0.010485
-0.007864
-0.004878
-0.003349
-0.000947
0.000000
0.001238
0.001092
0.001893
0.000218
-0.001420
-0.001820
-0.001129
0.001456
0.003859
0.004369
0.004478
0.003677
-0.000182
-0.002658
-0.005315
-0.009284
-0.006371
0.000947
0.006116
0.008519
0.010048
0.008155
0.003713
0.002294
0.002039
-0.000400
-0.005206
-0.004915
-0.000655
0.003604
0.002803
0.004660
0.009720
0.008483
0.005279
0.006735
0.004041
-0.002476
-0.003495
-0.000801
0.004405
0.012087
0.014854
0.013907
0.015036
0.011832
0.003459
-0.000801
-0.000400
0.003240
0.007645
0.006808
0.000400
-0.003786
-0.000109
0.004223
0.004624
0.004988
0.005679
0.009720
0.010922
0.008883
0.004769
0.002985
0.002985
0.006881
0.011978
0.012305
0.011504
0.009939
0.001747
-0.008009
-0.013798
-0.012596
-0.005206
0.007208
0.014817
0.014672
0.013143
0.005424
-0.001019
0.001019
0.002548
0.002330
0.001092
-0.000692
-0.004260
-0.012014
-0.016128
-0.015909
-0.013980
-0.006371
-0.005825
-0.006699
-0.007864
-0.011140
-0.009247
-0.007172
0.008483
0.039464
0.053954
0.049439
0.017875
-0.010339
-0.019659
-0.024683
-0.018858
-0.012050
-0.011468
-0.008592
-0.010376
-0.010339
-0.009793
-0.010376
-0.004478
0.004769
0.011614
0.018203
0.025703
0.026394
0.007682
-0.013579
-0.025120
-0.031091
-0.035023
-0.034513
-0.027414
-0.015545
0.000036
0.021298
0.033129
0.024501
0.001201
-0.015946
-0.014635
-0.005752
0.001930
-0.003968
-0.014235
-0.017875
-0.017511
-0.013507
-0.006153
-0.003058
-0.005570
-0.003568
0.001893
0.003750
0.000146
-0.003641
-0.008519
-0.009029
-0.008009
-0.007463
-0.009284
-0.012997
-0.015545
-0.014271
-0.006444
0.001056
0.003495
0.003531
0.001893
-0.002730
-0.007827
-0.012669
-0.015072
-0.012414
-0.009866
-0.007572
-0.005752
-0.005861
-0.008119
-0.009138
-0.006589
-0.004696
-0.003095
-0.003895
-0.006371
-0.004405
-0.000364
0.004005
0.004878
0.004005
-0.001165
-0.007536
-0.006808
-0.004514
-0.000765
0.000801
-0.003167
-0.003240
-0.002221
-0.002039
-0.002985
-0.004587
-0.003131
0.001638
0.005934
0.004806
-0.003531
-0.013798
-0.016674
-0.009029
0.001493
0.008373
0.008082
0.007864
0.005060
0.006007
0.006699
0.007463
0.007354
0.005170
-0.002148
-0.012014
-0.019150
-0.015509
-0.005424
0.002767
0.003495
-0.001675
-0.003568
-0.000801
0.004696
0.009101
0.014235
0.014999
0.009575
0.002621
-0.002148
-0.001165
-0.000036
-0.002840
-0.009211
-0.017220
-0.018785
-0.011359
-0.000728
0.005024
0.005206
0.005388
0.005752
0.006080
0.007572
0.006699
0.003459
0.001274
-0.000218
-0.002075
-0.005060
-0.010703
-0.015691
-0.012123
-0.005825
-0.006298
-0.008155
-0.005060
-0.000510
0.004223
0.008009
0.008919
0.007172
0.002912
-0.004223
-0.010376
-0.009975
-0.002548
0.002621
0.002476
-0.002585
-0.009211
-0.008373
-0.005971
-0.001129
0.002148
0.001456
0.001311
0.001019
0.003095
0.002730
0.002039
-0.002403
-0.003786
0.005206
0.019077
0.029380
0.032110
0.025448
0.006808
-0.004624
-0.004878
-0.008665
-0.019586
-0.031091
-0.034003
-0.031673
-0.024574
-0.017766
-0.016273
-0.016892
-0.009757
-0.001165
0.001347
0.005279
0.012160
0.017366
0.020315
0.023045
0.023154
0.021771
0.012487
0.000546
-0.008737
-0.017111
-0.027159
-0.037971
-0.042923
-0.042449
-0.040520
-0.041612
-0.038882
-0.028761
-0.018276
-0.007390
0.001930
0.004806
0.001129
-0.000400
0.003240
0.008701
0.012050
0.012961
0.014126
0.013434
0.012888
0.014781
0.015946
0.012560
0.005643
-0.004296
-0.008519
-0.004514
0.001602
0.000510
-0.003095
-0.007500
-0.010012
-0.009101
-0.006954
-0.005861
-0.007026
-0.006735
-0.008810
-0.011395
-0.009793
-0.007354
-0.006626
-0.007245
-0.008665
-0.011322
-0.014854
-0.018785
-0.020861
-0.017985
-0.014672
-0.014344
-0.014198
-0.014708
-0.013397
-0.009793
-0.005388
-0.000218
0.005352
0.010121
0.013907
0.012487
0.002403
-0.011941
-0.021261
-0.021589
-0.013215
-0.005716
-0.004223
-0.002039
-0.004005
-0.008228
-0.009174
-0.003713
0.001820
0.006225
0.009429
0.007354
-0.000655
-0.008774
-0.016710
-0.020460
-0.017693
-0.008847
-0.001565
-0.002585
-0.008847
-0.014817
-0.015655
-0.011468
-0.005242
0.000400
0.005170
0.009757
0.008592
0.001675
-0.003604
-0.009247
-0.015618
-0.020751
-0.017402
-0.007281
0.003167
0.009429
0.011541
0.010230
0.005206
-0.003932
-0.014635
-0.019878
-0.018785
-0.019150
-0.020679
-0.016383
-0.010740
-0.003204
0.005497
0.011359
0.013871
0.009247
-0.004114
-0.013761
-0.012815
-0.013179
-0.011067
-0.006043
0.000473
0.002112
0.008701
0.016055
0.012305
-0.003750
-0.025120
-0.023227
-0.021734
-0.027632
-0.026576
-0.035569
-0.040629
-0.029125
-0.022645
-0.023118
-0.028834
-0.029634
-0.022171
-0.002949
0.020205
0.032329
0.028615
0.018130
0.011941
0.009247
-0.001165
-0.011650
-0.019878
-0.024683
-0.030581
-0.035751
-0.036042
-0.028979
-0.016747
-0.001529
0.010958
0.016710
0.011249
0.002439
0.001129
0.008592
0.010521
0.006589
-0.000947
-0.013325
-0.020023
-0.018895
-0.010485
-0.003277
-0.003058
-0.003713
-0.004005
-0.006699
-0.012451
-0.019659
-0.019077
-0.009575
-0.004733
-0.005315
-0.007281
-0.009575
-0.012050
-0.011104
-0.008847
-0.005825
-0.002439
-0.001383
-0.004187
-0.009502
-0.015509
-0.023846
-0.026722
-0.022280
-0.008847
0.008191
0.017402
0.014926
0.000728
-0.013798
-0.020788
-0.018968
-0.012706
-0.007718
-0.003495
-0.003786
-0.007827
-0.011067
-0.015108
-0.014890
-0.009320
-0.002912
-0.000400
-0.000437
-0.003968
-0.010922
-0.014198
-0.013143
-0.011832
-0.013543
-0.014890
-0.013070
-0.008264
-0.000146
0.004223
0.004041
-0.002985
-0.008701
-0.013507
-0.014198
-0.011140
-0.007973
-0.007682
-0.012123
-0.014854
-0.012232
-0.009065
-0.003859
-0.001711
-0.003313
-0.006808
-0.007500
-0.005971
-0.007500
-0.011614
-0.012779
-0.011213
-0.008628
-0.005170
-0.003277
-0.002949
0.000218
-0.001456
-0.005971
-0.005352
-0.006844
0.003058
0.007973
0.007427
0.007718
0.004114
0.001311
-0.001638
-0.007099
-0.011286
-0.007937
-0.004878
-0.003604
-0.001529
0.005461
0.009575
0.005534
0.000874
-0.002039
-0.004077
-0.002403
-0.002694
-0.001638
0.003277
0.006954
0.007463
0.005388
0.004696
0.004696
0.005643
0.004733
0.001820
-0.000765
-0.003823
-0.005825
-0.002184
0.001930
0.003167
0.002949
0.003204
0.001347
0.000328
0.000073
-0.000182
0.001493
0.004296
0.004733
0.003677
0.002403
0.001820
0.002585
0.002803
0.002585
0.002221
0.001311
-0.002730
-0.006116
-0.006335
-0.005279
-0.001129
0.004988
0.007937
0.008410
0.007572
0.002476
0.000655
0.003677
0.001893
-0.000437
-0.003677
-0.006480
-0.004223
-0.001311
0.002002
0.001820
0.005534
0.010303
0.010995
0.009502
0.005279
0.001857
-0.000255
-0.001129
0.001638
0.002840
0.001383
0.000837
-0.000364
-0.001820
-0.000910
0.003313
0.007864
0.009284
0.009538
0.013106
0.010922
0.003167
-0.003968
-0.004806
-0.003167
-0.002184
-0.000801
-0.000400
0.000473
0.008228
0.011577
0.007900
0.006517
-0.000546
0.001857
0.015727
0.010412
0.000837
0.008810
0.016128
0.011286
0.013361
0.010703
-0.005898
-0.009065
-0.004478
-0.010084
-0.002294
0.016019
0.017948
0.012414
0.010740
0.007973
-0.003459
-0.012305
-0.009793
-0.001420
0.001493
0.000000
0.005352
0.007937
0.001201
0.002803
0.008847
0.008446
0.001675
-0.000692
-0.000182
-0.004150
-0.011468
-0.009975
-0.006153
-0.008665
-0.009466
0.000400
0.006954
0.003968
0.001383
0.001311
-0.002985
-0.005643
-0.005315
-0.008337
-0.008847
-0.007208
-0.007900
-0.005898
-0.001019
0.001274
0.000146
-0.002585
-0.006371
-0.010048
-0.010521
-0.008119
-0.006007
-0.007318
-0.006662
0.001602
0.004369
0.001784
-0.001420
-0.002949
-0.004733
-0.004587
0.001019
0.004260
0.003495
-0.000218
-0.003968
-0.004951
-0.007390
-0.008519
-0.006954
-0.007937
-0.010631
-0.007245
0.001966
0.011177
0.010594
0.005242
0.003022
0.001420
0.002112
0.005825
0.006881
0.002803
-0.000582
0.004915
0.012596
0.014635
0.008847
0.006189
0.010412
0.014562
0.015655
0.010703
0.002985
-0.004733
-0.008119
-0.001165
0.000728
0.000218
0.003386
0.007463
0.005934
0.006116
0.009101
0.010558
0.007245
0.004150
0.005679
0.005789
0.005242
0.007937
0.010303
0.014016
0.008228
0.002330
-0.002075
-0.005206
-0.003095
0.001529
0.006007
0.009939
0.013652
0.011249
0.006189
0.003313
0.000218
0.001420
0.008373
0.013834
0.017438
0.019878
0.016783
0.008373
0.004660
0.000218
-0.003313
-0.005679
-0.001675
0.005024
0.003859
0.001456
0.000291
-0.001311
0.001711
0.008155
0.009939
0.009466
0.008046
0.007827
0.003277
-0.002548
-0.003495
0.000146
0.002621
0.004806
0.006080
0.009029
0.007427
0.006917
0.005461
-0.000146
-0.005170
-0.008701
-0.006480
-0.003313
-0.003713
-0.009538
-0.010885
-0.008446
-0.005570
0.002075
0.005060
0.005461
0.003386
0.000109
-0.000073
0.001529
0.005424
0.009029
0.002366
-0.003932
-0.008483
-0.010084
-0.012706
-0.012269
-0.008628
-0.004842
-0.001930
-0.006954
-0.006735
0.001201
0.000619
-0.000619
-0.005861
-0.011504
-0.016638
-0.012414
-0.006007
-0.003786
-0.002840
0.001784
0.008774
0.012342
0.011359
0.004478
-0.005497
-0.014417
-0.012924
-0.006662
-0.003095
0.001092
-0.005097
-0.008628
0.002876
0.010885
0.013543
0.007900
0.003204
0.001347
-0.001711
-0.009320
-0.012014
-0.006225
0.003495
0.011104
0.010849
0.002949
-0.003604
-0.006007
-0.006589
-0.003131
0.002730
0.006480
0.006553
0.003349
-0.001238
-0.006371
-0.002403
0.001893
0.000400
0.002840
0.008191
0.007754
0.010521
0.012123
0.006262
0.000109
-0.001092
0.001129
0.007900
0.012997
0.021188
0.027086
0.021880
0.002803
-0.016456
-0.028579
-0.031782
-0.028287
-0.027487
-0.026394
-0.022426
-0.017657
-0.010995
-0.002294
0.005315
0.010922
0.015108
0.015982
0.011978
0.006043
0.002221
0.004005
0.007390
0.006662
0.000947
-0.009538
-0.014926
-0.016565
-0.021662
-0.024283
-0.026322
-0.024064
-0.017730
-0.007900
0.000874
0.002039
0.006153
0.008919
0.008956
0.014526
0.020533
0.013252
0.002184
-0.005789
-0.011359
-0.018567
-0.021115
-0.013033
-0.004223
0.002658
0.007900
0.009429
0.011868
0.010849
0.008119
0.010121
0.006808
0.003786
0.004951
0.002876
-0.005861
-0.011723
-0.007390
-0.004878
-0.006553
-0.007281
-0.007099
-0.003386
-0.001456
-0.001784
0.000036
0.001019
-0.000765
-0.004478
-0.004733
-0.004696
-0.002658
-0.003459
-0.004696
-0.001711
-0.001820
-0.002840
-0.004041
-0.007427
-0.010339
-0.010995
-0.008592
-0.006153
-0.002985
-0.003349
-0.007463
-0.010303
-0.010048
-0.007827
-0.008301
-0.010157
-0.009429
-0.005206
-0.000619
0.004260
0.008956
0.008847
0.008665
0.006043
0.000182
-0.002330
-0.004332
-0.000801
0.001165
0.002403
-0.002548
-0.008919
-0.012196
-0.015545
-0.013470
-0.008883
-0.004915
0.000000
0.003167
0.004551
0.001930
-0.002366
-0.005279
-0.009174
-0.009757
-0.009648
-0.003349
0.002039
0.004114
0.002985
0.001238
0.000073
-0.003495
-0.004951
-0.004478
-0.006335
-0.012596
-0.018385
-0.015108
-0.009720
-0.005716
-0.001165
0.003495
0.006335
0.004624
0.002840
-0.002403
-0.008119
-0.010157
-0.008373
-0.005352
-0.003349
-0.001784
0.000910
0.005534
0.008483
0.007354
0.002585
-0.003859
-0.008337
-0.011431
-0.010376
-0.008737
-0.005170
-0.000947
0.000582
0.002294
0.003677
0.001019
-0.002767
-0.004842
-0.004587
-0.004878
-0.008373
-0.007645
-0.001966
0.002330
0.005315
0.005279
0.004041
0.006116
0.008373
0.005716
0.002294
0.005898
0.008992
0.002330
-0.008701
-0.012196
-0.006589
-0.001420
0.001857
-0.001565
-0.014271
-0.029562
-0.039828
-0.039573
-0.029780
-0.011941
0.005679
0.013980
0.010485
0.001747
-0.002257
0.001820
0.009939
0.015218
0.016565
0.012560
0.006772
0.002585
-0.006153
-0.018021
-0.030290
-0.034513
-0.030763
-0.021407
-0.000546
0.026904
0.047437
0.051697
0.043796
0.026504
0.003240
-0.015655
-0.032146
-0.044160
-0.050240
-0.049148
-0.034294
-0.003823
0.026613
0.041284
0.040265
0.025994
0.008665
-0.005971
-0.015837
-0.020824
-0.022463
-0.019623
-0.016310
-0.012451
-0.009684
-0.008264
-0.005679
-0.002512
0.001383
0.004551
0.005570
0.005861
-0.001893
-0.012779
-0.016091
-0.010485
-0.005242
-0.003713
-0.003167
-0.006772
-0.014053
-0.018968
-0.016346
-0.007354
0.001893
0.005716
0.005534
0.003313
-0.002585
-0.007172
-0.007609
-0.008956
-0.010157
-0.007937
-0.005643
0.000437
0.008446
0.011359
0.006298
-0.005716
-0.019914
-0.026030
-0.021225
-0.015254
-0.006298
0.001493
0.004187
0.000000
-0.007500
-0.011577
-0.016965
-0.018713
-0.011686
-0.004915
0.002548
0.010339
0.009065
0.000255
-0.010995
-0.016091
-0.017693
-0.019878
-0.018713
-0.013943
-0.012851
-0.011577
-0.007864
-0.004842
-0.004624
-0.006772
-0.008337
-0.010339
-0.011723
-0.008737
-0.002002
0.009320
0.021662
0.025775
0.016237
-0.006153
-0.030108
-0.035532
-0.017366
0.007026
0.020861
0.018713
-0.009029
-0.040192
-0.057813
-0.058869
-0.033421
0.006735
0.041102
0.047655
0.029634
0.004077
-0.013689
-0.021807
-0.028724
-0.031127
-0.021844
-0.008592
0.003968
0.009138
0.005934
-0.004660
-0.011723
-0.014417
-0.015618
-0.009393
-0.006553
-0.007791
-0.010995
-0.012888
-0.012269
-0.007099
0.003240
0.008483
0.008191
0.002840
-0.005679
-0.014344
-0.019878
-0.019768
-0.014817
-0.010958
-0.010376
-0.006335
-0.002294
0.000582
0.004296
0.004624
-0.004442
-0.015727
-0.021880
-0.021844
-0.014308
-0.004878
0.001602
0.005934
0.006480
0.006735
0.006335
0.002221
-0.005024
-0.008883
-0.009284
-0.007864
-0.004296
-0.001201
0.002257
0.002112
-0.002221
-0.004077
-0.005133
-0.004769
-0.001201
0.006808
0.014453
0.013871
0.007973
0.001383
-0.003786
-0.004951
-0.000983
0.002985
0.003022
0.006262
0.013033
0.014344
0.010667
0.008009
0.003349
-0.002184
-0.002912
-0.001675
-0.003313
-0.000437
0.005534
0.010121
0.010849
0.008555
0.006189
0.004733
0.003968
0.002840
-0.000910
-0.003095
-0.000728
0.002075
0.003823
0.003459
0.001857
-0.001711
-0.009174
-0.013616
-0.014198
-0.011941
-0.009757
-0.008519
-0.002257
0.004806
0.005170
0.003495
0.010230
0.019332
0.016164
0.004260
-0.003823
-0.010558
-0.016674
-0.019732
-0.018931
-0.007791
0.001747
0.001930
0.001893
0.007937
0.006225
-0.003422
-0.009101
-0.010230
-0.009502
-0.006080
-0.005643
-0.005898
-0.003167
-0.000692
-0.004187
-0.008301
-0.010121
-0.007572
-0.003932
-0.003968
-0.002912
-0.000218
0.001565
0.001675
0.002912
0.001201
-0.002221
-0.011541
-0.019368
-0.025411
-0.026722
-0.022790
-0.016019
-0.006735
0.003422
0.012560
0.017147
0.012851
0.005206
-0.001456
-0.006043
-0.008919
-0.009101
-0.005461
0.000146
0.001565
0.000874
0.003677
0.004296
0.000510
-0.002294
-0.001347
0.000619
0.002002
0.005679
0.006262
0.003604
0.002876
-0.002148
-0.005971
-0.005242
-0.003677
-0.001456
-0.003895
-0.007645
-0.006844
-0.002585
0.003204
0.003895
0.003895
0.007937
0.007172
-0.001602
-0.009101
-0.007172
-0.003641
-0.005679
-0.002985
0.001638
0.004187
0.004988
0.004332
-0.000109
-0.003677
-0.002002
0.001747
0.002730
0.004806
0.007754
0.008519
0.007318
0.004442
0.001966
0.000364
-0.002876
-0.003386
-0.003204
-0.001383
-0.000983
-0.002221
-0.002075
-0.000182
0.000437
0.000364
-0.000109
-0.002221
0.000510
0.006517
0.008737
0.005861
0.000473
-0.005170
-0.005279
0.001456
0.004442
-0.000291
-0.008628
-0.011832
-0.007063
-0.004041
-0.002949
-0.005898
-0.004332
-0.003786
-0.003495
-0.004041
-0.005097
-0.004296
-0.003968
-0.006844
-0.009466
-0.008592
0.004769
0.021734
0.026977
0.018167
-0.003604
-0.025521
-0.029780
-0.011723
0.010521
0.015618
0.008009
0.000510
-0.008228
-0.012487
-0.012669
-0.018057
-0.020351
-0.012160
0.003058
0.014854
0.012050
0.001129
-0.010048
-0.018494
-0.016638
-0.005752
-0.002002
-0.003277
0.001638
0.008082
-0.004878
-0.015436
-0.008628
-0.003422
-0.006298
-0.003786
0.004369
0.002840
0.005789
0.008737
0.000400
-0.006954
-0.007754
-0.002039
0.001638
0.002876
-0.000947
-0.012123
-0.019113
-0.013143
-0.010594
0.000000
0.015509
0.011978
-0.008956
-0.019332
-0.015327
-0.011614
-0.004514
0.010084
0.014526
0.005388
-0.008009
-0.006153
0.001930
-0.000073
-0.002366
0.002476
0.002912
-0.001019
-0.001456
0.000036
0.000546
-0.003277
-0.007609
-0.007245
-0.005315
-0.002730
0.001383
0.003604
0.002221
-0.002366
-0.003604
-0.000910
0.001201
0.003677
0.001129
-0.000655
-0.003022
-0.001930
0.001420
0.001019
0.000364
0.002730
0.004624
0.002002
0.000255
0.002476
0.004551
0.004223
-0.000328
0.001238
0.003677
0.002112
0.004223
0.010740
0.009466
0.001529
-0.007682
-0.010922
-0.006153
0.002330
0.003859
0.004223
0.003058
-0.000437
-0.005534
-0.007354
-0.007318
-0.007682
-0.004660
-0.001311
-0.002912
-0.009648
-0.012414
-0.010376
-0.004223
0.000983
0.004442
0.006517
0.003277
-0.001456
-0.004405
-0.002548
0.004041
0.010266
0.012305
0.010521
0.004150
-0.001274
-0.004150
-0.001347
0.003058
0.007900
0.010084
0.009575
0.008483
0.005242
0.002294
0.001675
-0.000619
-0.003386
-0.004878
-0.005242
-0.001930
0.001493
0.005861
0.009101
0.008155
0.002876
-0.003386
-0.004041
-0.003422
-0.006517
-0.012414
-0.014890
-0.010048
-0.001493
0.006517
0.009793
0.007827
0.003495
-0.001857
-0.006298
-0.008555
-0.009466
-0.006153
-0.002184
0.002112
0.005752
0.007791
0.010922
0.013543
0.013033
0.010849
0.007318
0.002730
-0.003313
-0.004332
-0.002439
-0.001201
-0.000291
-0.000109
0.001565
0.002949
0.004769
0.003895
0.001493
-0.000582
-0.000510
0.003167
0.004733
0.002403
-0.000546
-0.001493
-0.001602
-0.002439
-0.003932
-0.003313
-0.000582
-0.001092
-0.003932
-0.002039
0.003167
0.004369
0.002184
0.000146
-0.000109
0.000510
0.000364
0.000364
0.000400
0.002039
0.003022
0.003095
0.003422
0.001820
-0.000510
-0.000255
0.001893
0.003604
0.001274
-0.000328
-0.000655
-0.000619
0.000619
0.000109
0.001420
0.003349
0.004988
0.003895
0.002548
0.002039
0.000947
0.000473
-0.001347
-0.001565
-0.001092
0.000000
0.003495
0.006335
0.007026
0.003131
-0.002221
-0.003313
-0.000910
0.002767
0.004551
0.003823
0.002694
0.000437
-0.001347
-0.002694
-0.001675
0.001675
0.003277
0.004769
0.006517
0.007682
0.006881
0.006262
0.005607
0.003495
-0.000146
-0.003204
-0.001019
0.005716
0.006844
0.006116
0.007937
0.008264
0.004733
0.000728
-0.000255
0.000837
0.002148
0.003313
0.002548
0.001456
0.001747
0.003823
0.004332
0.003495
0.003095
0.004806
0.004369
0.002512
0.002658
0.003422
0.003786
0.004660
0.007937
0.010558
0.009138
0.006007
0.004442
0.002366
-0.000801
-0.001129
0.001456
0.003677
0.005242
0.007937
0.009029
0.005825
0.001383
-0.000182
0.000874
-0.000400
0.000801
0.002366
0.002221
0.002840
0.003786
0.006480
0.007754
0.008555
0.010703
0.012232
0.010449
0.002658
-0.002002
-0.004005
-0.006080
-0.003823
0.005024
0.012414
0.011614
0.007026
0.005279
0.004442
0.001820
0.005133
0.009502
0.005716
-0.000874
-0.005206
-0.009793
-0.009247
0.000036
0.010339
0.015436
0.017912
0.016201
0.009101
0.001019
0.001857
0.003604
0.002330
0.002476
0.001747
-0.000619
-0.002840
-0.002658
-0.000692
0.002985
0.009502
0.012669
0.007172
-0.000910
-0.006116
-0.009502
-0.009648
-0.005424
0.002184
0.007427
0.007864
0.004369
-0.000619
-0.001056
0.000291
-0.001747
-0.005607
-0.004951
-0.003277
-0.001638
0.001602
0.009684
0.013834
0.014708
0.008774
-0.005679
-0.021734
-0.029161
-0.026285
-0.014016
0.004514
0.023263
0.032329
0.027705
0.015108
0.002039
-0.010594
-0.016091
-0.015291
-0.007572
0.001930
0.007318
0.004332
-0.008774
-0.014635
-0.008373
0.002585
0.014781
0.020315
0.015946
0.009356
0.002330
-0.004077
-0.010012
-0.012014
-0.009029
-0.001893
0.004187
0.006298
0.005133
-0.000546
-0.003422
-0.003932
-0.002403
-0.002840
-0.005242
-0.008737
-0.008883
-0.002694
0.002949
0.004405
0.000801
-0.003131
-0.005024
-0.005024
-0.002585
0.000291
0.002148
0.003641
0.002112
-0.000437
-0.005315
-0.009502
-0.010558
-0.010230
-0.006116
0.000036
0.005352
0.007754
0.003495
-0.003641
-0.006881
-0.006116
-0.004878
-0.003459
0.002112
0.006262
0.007172
0.003895
-0.001565
-0.004806
-0.004915
-0.005242
-0.003240
0.004369
0.009720
0.009866
0.008228
0.004150
0.001274
0.000109
-0.003131
-0.005206
-0.004369
-0.001893
0.000582
0.002257
0.003277
0.002985
0.004806
0.005607
0.007172
0.012123
0.010958
0.004223
0.002803
0.002366
-0.000364
0.001092
0.004478
0.006007
0.004077
0.001420
0.003240
0.004478
0.003677
0.000400
0.001784
0.004005
0.004260
0.005461
0.006407
0.004551
0.003349
0.001784
0.000655
0.000364
0.000000
0.002257
0.003495
0.004587
0.003932
0.002075
0.001638
-0.002366
-0.005024
-0.006844
-0.008373
-0.005461
-0.003786
-0.002257
0.005024
0.013507
0.017184
0.011431
0.002403
-0.003677
-0.009429
-0.015837
-0.019696
-0.020023
-0.014490
-0.009575
-0.008774
-0.006335
-0.000073
0.008046
0.010885
0.004478
-0.000874
-0.002730
-0.005024
-0.012596
-0.013033
-0.004915
0.002694
0.003677
0.005060
0.007463
0.005643
0.003859
0.000655
0.000437
-0.000874
-0.003750
-0.002658
-0.001565
-0.003313
-0.007063
-0.010558
-0.008956
-0.011031
-0.019950
-0.023664
-0.015946
-0.005461
0.001711
0.004296
0.007063
0.011759
0.008410
-0.003859
-0.016929
-0.021443
-0.019732
-0.013579
-0.007354
-0.003277
0.003386
0.006080
0.003131
0.007900
0.015363
0.017584
0.010594
0.004951
0.001820
0.000619
-0.002621
-0.005206
-0.004369
0.000510
0.003823
0.006990
0.007427
0.008119
0.005024
0.002294
-0.000692
-0.004696
-0.007427
-0.008264
-0.006153
-0.006335
-0.006480
-0.002694
0.001420
0.005206
0.007937
0.006699
0.004878
0.004587
0.003386
0.003422
0.003459
0.005643
0.007463
0.008410
0.005570
0.001820
0.000765
0.000473
-0.000655
-0.004223
-0.005352
-0.001347
0.001638
0.000728
0.002112
0.001820
0.003095
0.004951
0.003022
0.004077
0.006517
0.007572
0.008956
0.007245
0.005242
0.002658
0.000036
-0.002803
-0.001966
-0.001092
0.000801
0.007427
0.006699
0.005097
0.004223
0.001565
0.004660
0.003677
-0.002876
-0.003204
-0.004842
-0.002221
-0.000364
0.002366
0.003204
0.000510
-0.002767
-0.004915
-0.005861
-0.001565
0.002730
0.004842
0.003641
-0.000546
-0.002840
-0.005716
-0.008446
-0.012487
-0.010594
-0.009356
-0.011577
-0.010558
-0.006043
-0.013980
-0.024101
-0.007572
0.018494
0.030144
0.024938
-0.005315
-0.021334
-0.017402
-0.010012
-0.006917
-0.007063
-0.005279
-0.003313
-0.004150
-0.000437
-0.001930
0.004660
0.009830
0.006043
-0.001529
-0.002912
-0.001201
0.002548
0.005898
0.008009
0.006407
0.001420
-0.007791
-0.013288
-0.015946
-0.011868
-0.002294
0.011359
0.021370
0.020242
0.010157
0.002330
-0.003568
-0.002257
0.004369
0.005097
0.002221
-0.000473
-0.010048
-0.018494
-0.015691
-0.002294
0.011031
0.015473
0.008191
-0.007063
-0.017074
-0.014708
-0.002803
0.007827
0.011359
0.007026
-0.000692
-0.004988
-0.006480
-0.007281
-0.006626
-0.007609
-0.008264
-0.006662
-0.002476
0.003568
0.007609
0.006917
0.000655
-0.004551
-0.002876
0.000182
-0.000619
-0.001420
-0.001493
-0.003204
-0.004514
-0.005643
-0.003568
0.001420
0.004150
0.006954
0.005497
0.000728
-0.001493
0.000473
0.003531
0.004878
0.005461
0.003859
-0.001420
-0.002184
0.000218
0.001456
0.003422
0.000036
-0.005789
-0.006735
-0.005097
0.003604
0.008810
0.004915
-0.002184
-0.006917
-0.006589
-0.002476
0.002366
0.003968
0.003058
0.000582
-0.003968
-0.007572
-0.005534
-0.000218
0.002184
0.004296
0.009284
0.006371
0.000073
0.002403
0.004260
0.004587
0.005388
0.002221
0.000109
0.000546
-0.000146
-0.001274
-0.001893
-0.002039
-0.004915
-0.004806
0.006626
0.014344
0.010266
0.007682
0.006262
0.005206
0.004624
0.003386
-0.001529
-0.004369
-0.001529
0.000291
-0.000036
0.000182
0.002112
0.003349
0.003204
0.005170
0.006954
0.004806
-0.000546
-0.001056
0.002075
0.005315
0.003386
0.002730
0.002403
-0.001420
-0.002112
0.000983
0.006772
0.008191
0.008992
0.010449
0.011978
0.009211
0.001857
-0.003531
-0.002112
0.000364
0.000947
0.001347
0.003240
0.003277
0.001711
0.003531
0.007500
0.012087
0.011796
0.012305
0.010558
0.005133
-0.003568
-0.010703
-0.009866
-0.007572
0.001893
0.015545
0.018021
0.011978
0.000728
-0.008082
-0.008956
-0.003313
0.003277
0.008956
0.012050
0.008337
0.001820
-0.003932
-0.004951
-0.002767
0.001456
0.007609
0.008992
0.005461
0.001420
0.000473
0.001238
0.002621
0.002949
0.002621
0.001019
0.000291
0.001347
0.002476
0.002002
0.003022
0.005242
0.006917
0.006116
0.004915
0.000837
-0.002621
0.000364
0.006772
0.009284
0.010631
0.011504
0.009757
0.005461
0.002512
0.001129
0.002184
0.006007
0.007572
0.006080
0.005607
0.004150
0.000437
0.003167
0.006917
0.007281
0.005752
0.004988
0.006153
0.006881
0.006990
0.002184
-0.001201
-0.000400
-0.000874
0.001456
0.007318
0.007427
0.004332
0.005279
0.008337
0.011431
0.012524
0.009466
0.005570
-0.000692
-0.006262
-0.007827
-0.007026
-0.003932
-0.003677
-0.002694
-0.000073
0.000546
0.002294
0.004806
0.009211
0.010084
0.004223
-0.001238
-0.003095
-0.005024
-0.008373
-0.004951
0.002949
0.008701
0.010339
0.007718
0.003641
0.001274
-0.000983
-0.000728
0.003058
0.005170
0.003713
0.002112
0.002403
0.000910
0.000182
0.002002
0.003022
0.004842
0.005934
0.007063
0.008009
0.008009
0.007827
0.006007
0.006080
0.003823
0.003677
0.004696
0.002949
-0.001529
-0.004878
-0.001238
0.004988
0.009101
0.007572
0.004915
0.005716
0.004551
0.001274
0.000874
0.001420
0.000801
0.001019
-0.000728
-0.001565
0.000801
0.003167
0.003313
0.004624
0.005752
0.004915
0.002330
0.000510
0.003058
0.006517
0.005242
0.004005
0.001747
0.000255
0.002330
0.004624
0.006990
0.007827
0.005133
0.000328
-0.002439
0.001129
0.005643
0.006407
0.004806
0.002949
0.003058
0.003095
0.002548
0.001602
-0.000619
-0.002512
-0.002512
0.001602
0.007245
0.007463
0.005279
0.002876
0.001711
0.002803
0.005497
0.007136
0.006553
0.005934
0.001857
-0.001165
0.003786
0.005206
0.005643
0.005570
0.006116
0.004260
-0.001092
-0.000036
0.003677
0.003459
-0.000765
0.000510
0.005971
0.007718
0.008264
0.006335
0.004587
0.006735
0.008155
0.002184
-0.004187
-0.003131
0.001165
0.001711
0.003641
0.006662
0.008373
0.007172
0.006954
0.007900
0.006699
0.005170
0.005570
0.002730
-0.004114
-0.010303
-0.012451
-0.004624
0.008592
0.016638
0.013397
0.007172
-0.000182
-0.010048
-0.020715
-0.027705
-0.023373
-0.003131
0.024574
0.040556
0.032583
0.011832
-0.007754
-0.019222
-0.021734
-0.021043
-0.016310
-0.003204
0.014635
0.026940
0.027923
0.020387
0.005242
-0.009538
-0.018421
-0.020242
-0.018676
-0.010594
-0.000546
0.009174
0.013725
0.012160
0.004988
-0.001784
-0.009720
-0.013434
-0.013397
-0.008992
-0.002621
0.003422
0.009284
0.010230
0.006007
-0.001019
-0.010339
-0.017621
-0.018531
-0.016929
-0.014781
-0.010230
-0.001165
0.004514
0.003968
0.000400
-0.006225
-0.013980
-0.016273
-0.017184
-0.017511
-0.012451
-0.010230
-0.006407
0.001675
0.012706
0.025885
0.029125
0.023191
0.007208
-0.012524
-0.031600
-0.040265
-0.033785
-0.029962
-0.018676
-0.004733
0.008301
0.018858
0.027487
0.024610
0.016492
0.007136
-0.003095
-0.018057
-0.029343
-0.041248
-0.037862
-0.017038
0.010558
0.017548
0.012305
0.006480
0.008301
0.014781
0.014926
0.002221
-0.019696
-0.035569
-0.037098
-0.023700
-0.005607
0.007208
0.016492
0.018822
0.013070
0.001638
-0.016783
-0.026140
-0.020351
-0.007136
0.007208
0.009174
-0.001056
-0.014526
-0.023846
-0.023191
-0.009684
0.002658
0.007682
0.008264
0.003641
-0.001638
-0.008446
-0.010922
-0.008410
-0.010266
-0.008446
-0.002403
-0.002476
-0.008592
-0.011177
-0.010230
-0.008082
-0.003895
0.002075
0.004332
0.001966
-0.003495
-0.006335
-0.010230
-0.016128
-0.017184
-0.012123
-0.002658
0.000255
0.000328
0.001129
-0.004551
-0.008519
-0.008628
-0.007136
-0.007718
-0.008119
-0.006225
-0.001493
-0.003641
-0.010776
-0.011614
-0.009684
-0.007754
-0.005716
-0.004915
-0.001529
-0.001456
-0.003240
-0.005789
-0.008046
-0.011286
-0.014053
-0.013616
-0.011031
-0.004150
-0.001711
-0.002039
-0.001383
-0.000874
-0.001893
-0.002184
-0.004842
-0.007427
-0.008446
-0.009975
-0.010740
-0.010667
-0.007718
-0.003859
-0.001784
0.000364
0.000073
0.000619
0.001201
0.000910
0.000692
-0.001711
-0.001966
-0.006116
-0.008992
-0.008337
-0.008046
-0.008009
-0.005424
-0.002803
-0.003604
-0.007572
-0.009138
-0.008665
-0.010885
-0.011832
-0.006517
0.000291
0.004223
0.003204
-0.003422
-0.004624
-0.001311
0.003095
0.004114
0.001784
-0.006844
-0.020169
-0.026103
-0.014854
0.008555
0.019550
0.012924
-0.002512
-0.014490
-0.015655
-0.009211
0.000910
0.008810
0.012742
0.007973
-0.004041
-0.013361
-0.015473
-0.017002
-0.015291
-0.009939
-0.002694
0.006517
0.009648
0.006589
0.006917
0.006735
0.003386
-0.000546
0.003459
0.006699
0.003204
-0.001056
-0.004806
-0.007973
-0.010885
-0.015108
-0.013325
-0.004260
0.004514
0.012779
0.018676
0.018458
0.013325
0.012014
0.002803
-0.003604
-0.012924
-0.018130
-0.014635
-0.004951
0.003786
0.008446
0.018094
0.029088
0.029962
0.025521
0.017074
0.011140
0.006626
-0.006480
-0.018276
-0.024137
-0.021880
-0.019550
-0.014817
-0.012524
-0.011796
-0.012305
-0.013579
-0.010740
-0.003204
0.003277
0.007937
0.011868
0.012997
0.014198
0.014198
0.009429
0.001966
-0.005097
-0.009211
-0.013907
-0.016164
-0.014999
-0.013980
-0.010339
-0.007900
-0.004660
-0.003022
-0.003095
-0.007172
-0.012087
-0.014453
-0.016710
-0.013725
-0.005424
0.007354
0.017256
0.022608
0.022062
0.012087
-0.004187
-0.021625
-0.033603
-0.033676
-0.026504
-0.013361
-0.000400
0.008373
0.008082
0.001420
-0.003677
-0.008883
-0.015582
-0.017948
-0.012888
-0.007754
-0.007463
-0.007354
-0.002548
0.002330
0.002840
-0.002876
-0.010012
-0.014380
-0.014126
-0.013579
-0.011431
-0.006772
0.001165
0.004587
0.000582
-0.005170
-0.005861
-0.002148
-0.001347
-0.001565
-0.002112
-0.001565
-0.000546
-0.001638
-0.003750
-0.005388
-0.006699
-0.011868
-0.019259
-0.011031
0.001529
0.000036
-0.002876
-0.001092
-0.003386
-0.004150
0.000619
-0.000801
-0.004187
-0.002949
-0.000182
0.000218
0.000765
0.003313
0.003459
0.001893
-0.000218
0.000328
-0.000291
-0.003823
-0.008228
-0.011140
-0.010157
-0.004551
-0.001820
-0.001238
-0.001274
-0.000728
-0.002112
-0.003713
-0.004077
-0.006262
-0.007390
-0.007390
-0.004878
0.002912
0.008446
0.006699
0.001930
-0.002002
-0.003677
-0.003131
-0.001238
-0.001129
0.000910
0.004005
0.006225
0.004514
0.003277
0.001347
-0.002257
-0.003531
-0.002912
0.000036
0.002949
0.002694
0.001784
0.000728
-0.001129
-0.001602
-0.001747
-0.000036
0.001747
0.002621
0.002512
0.003349
0.005060
0.005133
0.002949
-0.000910
-0.004587
-0.004442
-0.001893
0.001711
0.003240
0.003349
0.001602
-0.001019
-0.002985
-0.003786
-0.000109
0.004005
0.005133
0.005789
0.004915
0.003313
0.000255
-0.000182
-0.000765
-0.002148
-0.002730
-0.001129
0.002512
0.004478
0.004478
0.003349
0.002476
0.000765
-0.001201
-0.000437
0.002184
0.002112
-0.000400
-0.003386
-0.004077
-0.002767
-0.003131
-0.003167
0.000328
0.001711
0.001820
0.004514
0.009975
0.013325
0.013616
0.013470
0.013325
0.012305
0.011832
0.012414
0.011723
0.007536
0.002840
0.001966
0.000983
-0.000655
-0.002002
-0.001711
-0.001784
-0.002912
-0.002257
-0.001711
0.000073
0.001565
0.002876
0.004369
0.005789
0.006480
0.004842
0.003750
0.003859
0.003641
0.003095
0.002184
0.002694
0.003531
0.003568
0.000910
-0.002184
-0.003932
-0.003131
-0.001238
-0.000619
-0.000692
0.002294
0.006517
0.006189
0.004150
0.001238
0.003677
0.006772
0.005170
0.003022
0.003459
0.001820
0.002730
0.005133
0.005934
0.002621
0.000218
0.000655
0.001638
0.000728
-0.001602
0.000255
0.004005
0.003895
0.004405
0.005607
0.006371
0.004988
0.002585
0.003459
0.002803
0.001930
0.003277
0.003459
0.004624
0.001529
-0.002148
0.001347
0.004842
0.003058
0.000437
-0.000073
0.001966
0.005789
0.006699
0.004951
0.000692
-0.003495
-0.001711
0.003459
0.007390
0.006772
0.005752
0.005352
0.004769
0.003167
0.001893
-0.000910
-0.001311
0.000036
0.002439
0.003386
0.004696
0.006371
0.007463
0.007536
0.005825
0.004114
0.002694
0.004077
0.004405
0.004624
0.005424
0.005752
0.006371
0.007208
0.007026
0.005424
0.004442
0.003786
0.000765
-0.001675
-0.000473
0.000765
0.002949
0.007063
0.007791
0.005825
0.004077
0.003131
0.004187
0.006808
0.008737
0.008082
0.004988
0.004296
0.003750
0.003713
0.003677
0.002876
0.000364
0.000473
0.002257
0.001784
0.003641
0.008410
0.008228
0.006225
0.008774
0.010412
0.005024
0.001602
0.003459
0.005170
0.003313
0.004842
0.008373
0.005497
0.005352
0.010521
0.009866
0.000000
-0.006262
-0.002512
0.004514
0.008519
0.009611
0.007026
0.000255
-0.006626
-0.004660
0.002184
0.007245
0.007609
0.004041
0.003167
0.004442
0.006371
0.008009
0.008847
0.004951
0.000874
-0.000910
0.000473
0.001493
0.000874
0.002767
0.004041
0.003604
0.004842
0.006990
0.006262
0.004260
0.001201
-0.001129
0.000910
0.000510
0.000146
0.001638
0.000910
0.000364
0.003750
0.008592
0.011067
0.014490
0.014708
0.013325
0.006626
-0.003750
-0.006881
-0.003895
0.000109
0.000073
-0.001565
0.000655
0.005315
0.007026
0.005898
0.001711
0.000473
-0.001274
-0.005097
-0.006917
-0.001165
0.001857
-0.000291
0.005898
0.012378
0.008009
0.004514
0.002912
-0.001201
-0.000109
0.002039
0.003859
0.008191
0.006990
-0.004260
-0.005060
0.000837
0.003422
0.005716
0.004624
0.001893
0.002221
0.007063
0.008264
0.004660
0.000182
-0.005607
-0.012378
-0.018713
-0.014308
0.000255
0.015363
0.020497
0.014162
0.004005
-0.006990
-0.012851
-0.008191
-0.003277
0.000291
0.000036
-0.000837
-0.001493
0.001820
0.007390
0.007427
0.003859
0.006589
0.005607
-0.000510
-0.004223
0.000582
0.003022
0.003349
0.001820
-0.006844
-0.011978
-0.011067
-0.003968
0.008119
0.012888
0.012706
0.007645
0.005497
-0.003131
-0.020679
-0.035896
-0.037717
-0.019368
0.015218
0.044160
0.049294
0.028469
-0.006262
-0.028360
-0.031600
-0.020606
-0.004005
0.007718
0.012779
0.010594
0.004551
-0.006335
-0.007645
-0.008337
-0.005971
-0.000073
0.004332
0.007937
0.017074
0.009939
-0.010012
-0.030836
-0.029125
-0.015363
0.000655
0.021334
0.025557
0.008228
-0.014235
-0.021079
-0.007099
0.015873
0.014635
0.000692
-0.013834
-0.022608
-0.024647
-0.014672
-0.002730
0.003349
0.009356
0.010339
0.004223
-0.002949
-0.007390
-0.006772
-0.008446
-0.011286
-0.015655
-0.032292
-0.039209
-0.006589
0.021261
0.034731
0.022790
0.000655
-0.005024
0.001930
0.009247
0.012196
0.001638
-0.017184
-0.026067
-0.026868
-0.022353
-0.002694
0.005971
0.002767
0.002658
-0.000182
-0.014635
-0.023373
-0.019696
-0.010776
-0.000582
0.003968
0.005242
0.007536
0.005497
-0.004005
-0.010194
-0.011395
-0.008046
-0.008628
-0.012451
-0.010194
0.001201
0.010230
0.009793
0.004769
-0.000400
-0.008701
-0.012888
-0.012123
-0.015582
-0.019987
-0.021989
-0.021662
-0.019841
-0.016747
-0.013834
-0.008555
-0.003349
-0.003568
-0.011723
-0.018494
-0.022645
-0.020023
-0.006954
0.012414
0.030945
0.032474
0.010995
-0.015764
-0.034258
-0.032365
-0.014417
0.003895
0.012997
0.008919
0.000000
-0.005315
-0.006881
-0.010631
-0.011031
-0.005679
0.000910
0.004733
0.003895
-0.004878
-0.012560
-0.013325
-0.006589
-0.000437
0.001201
0.001274
0.000837
0.000291
-0.003750
-0.007900
-0.014635
-0.018895
-0.022026
-0.020933
-0.011941
-0.004223
-0.004332
-0.002840
-0.001711
-0.005971
-0.010631
-0.014817
-0.015909
-0.015691
-0.014162
-0.004951
0.006335
0.013943
0.015145
0.008082
0.001747
-0.007063
-0.014089
-0.014817
-0.010995
-0.009866
-0.008810
-0.004988
-0.005716
-0.010376
-0.012414
-0.008665
-0.004260
-0.002985
-0.003713
-0.005352
-0.009648
-0.013725
-0.015291
-0.014271
-0.008191
0.001129
0.004260
0.003058
-0.002694
-0.009247
-0.012305
-0.012196
-0.008483
-0.006662
-0.002294
0.000218
-0.003568
-0.007172
-0.006225
-0.003313
-0.002221
0.000000
0.001311
-0.000146
-0.003277
-0.010230
-0.009684
-0.008009
-0.008046
-0.007172
-0.008410
-0.008483
-0.007099
-0.004988
-0.003677
0.000109
0.000000
-0.001893
-0.000874
0.001129
0.000328
0.000728
-0.000546
-0.001966
-0.000328
0.001347
0.001383
-0.000728
-0.007172
-0.014781
-0.017438
-0.013143
-0.009538
-0.006335
0.000983
0.005971
0.001165
-0.004442
-0.002585
0.001092
0.002366
0.002184
0.003095
-0.000692
-0.006954
-0.009720
-0.008555
-0.008046
-0.005497
-0.000546
0.001456
-0.000109
-0.004041
-0.006407
-0.003713
-0.001675
-0.001092
0.001347
0.001529
0.001784
0.000364
-0.000619
-0.003677
-0.007281
-0.007026
-0.001930
0.003895
0.007900
0.010412
0.009866
0.001747
-0.005024
-0.006954
-0.004478
-0.007900
-0.021043
-0.028142
-0.019040
-0.003568
0.004842
0.008956
0.007645
0.006153
0.005461
0.002985
-0.000801
-0.002148
-0.000619
0.003895
0.008119
0.007500
0.001711
-0.005679
-0.010594
-0.013543
-0.012924
-0.012451
-0.010084
-0.007281
-0.002403
-0.001420
0.000364
0.004223
0.010303
0.011104
0.006808
0.003823
0.004260
0.000692
-0.008119
-0.014926
-0.016055
-0.014890
-0.014526
-0.009975
-0.004696
0.002075
0.006335
0.011031
0.012997
0.008919
0.000655
-0.009174
-0.015909
-0.020023
-0.019914
-0.017038
-0.011213
-0.002330
0.004260
0.005242
0.002840
0.000109
-0.001129
-0.002221
-0.002075
-0.003786
-0.001493
0.002112
0.005242
0.005934
0.001529
-0.001857
-0.004077
-0.007063
-0.005934
0.000146
0.007572
0.010776
0.010631
0.007572
0.001129
-0.002694
-0.006589
-0.005861
-0.004915
-0.003204
0.001602
0.004405
0.006553
0.007572
0.009065
0.009830
0.008992
0.006444
0.001711
0.000000
0.000291
0.003095
0.008665
0.012487
0.015909
0.013689
0.010631
0.009065
0.008847
0.009393
0.008555
0.009065
0.008301
0.008264
0.010230
0.009902
0.007864
0.007026
0.010412
0.012232
0.010922
0.010266
0.010485
0.012050
0.012997
0.013725
0.012305
0.009466
0.007609
0.008410
0.010703
0.011541
0.008919
0.008592
0.006043
0.006480
0.009757
0.009720
0.007099
0.002912
0.000000
0.003349
-0.000582
-0.003895
0.012087
0.023773
0.018822
0.016237
0.012924
-0.001493
-0.010230
-0.013798
-0.011504
-0.005679
-0.003713
0.001747
0.007900
0.007245
0.002439
0.001420
-0.003641
-0.006298
-0.000473
0.002840
0.008228
0.009065
0.001820
-0.001383
-0.002184
-0.003240
-0.007318
-0.000073
0.005170
0.001675
-0.001238
-0.001820
0.002184
0.006699
0.007245
0.007281
0.012742
0.011468
0.004769
0.006371
0.004478
-0.003786
-0.004733
-0.001820
-0.001638
0.000218
0.004005
0.002949
0.001930
0.001274
-0.003713
-0.005789
-0.005461
-0.004551
-0.001820
0.000364
-0.000546
0.000765
0.003713
0.002294
0.000692
-0.000765
-0.002184
-0.000400
0.001784
0.001456
0.000473
0.003240
0.003277
-0.002439
-0.009029
-0.016419
-0.016565
-0.011177
-0.004988
0.002257
0.011541
0.014053
0.011541
0.014235
0.013033
0.005279
-0.003786
-0.013397
-0.021079
-0.019332
-0.008592
0.001456
0.009138
0.017621
0.023118
0.020242
0.011468
0.001238
-0.007754
-0.010449
-0.005898
0.001238
0.003349
0.006007
0.008337
0.008774
0.006189
0.005133
0.004551
0.000728
-0.000255
0.002548
0.000692
-0.001820
-0.002548
-0.004624
-0.006007
-0.004005
-0.000546
-0.000291
0.002548
0.005752
0.007208
0.005060
0.005424
0.005971
0.004405
0.003604
0.004114
0.007827
0.007827
0.004223
-0.001493
-0.006007
-0.007791
-0.006407
0.000801
0.004842
0.000000
-0.002949
-0.001930
0.001675
0.002221
0.003277
0.000619
-0.004660
-0.007536
-0.004114
0.002585
0.005097
0.006371
0.009138
0.007937
0.004878
-0.000291
-0.004114
-0.007208
-0.008519
-0.004114
0.003386
0.005825
0.002658
-0.001274
-0.003823
-0.001165
0.002476
0.006080
0.006371
0.008446
0.006262
0.003750
-0.000218
-0.005716
-0.010485
-0.005898
-0.000218
0.000510
-0.001201
-0.001820
-0.004514
-0.009320
-0.008046
-0.007354
-0.009502
-0.013215
-0.016310
-0.009975
-0.003750
0.000000
0.009902
0.008919
-0.001930
-0.014053
-0.015946
-0.010958
-0.005024
-0.003495
-0.001201
0.003495
-0.005060
-0.011650
-0.007354
-0.007864
-0.011395
-0.006371
0.000619
0.000218
-0.001602
0.000582
0.001857
-0.001383
-0.000837
0.001966
-0.004769
-0.013725
-0.012997
-0.007063
-0.008009
-0.012087
-0.008555
-0.004878
-0.003022
0.001893
0.003823
0.001602
0.004660
0.004951
0.002840
0.003095
0.003386
-0.005388
-0.015473
-0.019004
-0.013397
-0.007645
-0.002803
0.008555
0.021807
0.026831
0.015363
0.005315
-0.006335
-0.021152
-0.028360
-0.027596
-0.023482
-0.019841
-0.006954
0.011541
0.014599
0.010485
0.007318
0.010121
0.008555
-0.004915
-0.019222
-0.025157
-0.020751
-0.014562
-0.006626
0.005279
0.009975
0.008883
0.007026
0.003750
-0.000947
-0.003095
-0.008592
-0.013252
-0.008410
0.001347
0.006990
0.000910
-0.005752
-0.003568
0.006407
0.011395
0.006262
-0.004442
-0.009866
-0.004769
0.000109
-0.001420
-0.004733
-0.005206
-0.001238
0.000765
0.001565
0.003131
0.002658
0.004114
0.006043
0.010376
0.010995
0.005534
-0.004951
-0.013689
-0.019113
-0.016273
-0.009029
0.008847
0.026140
0.035605
0.030581
0.005060
-0.027414
-0.051769
-0.056393
-0.040374
-0.017147
0.003859
0.021771
0.029234
0.026540
0.009211
-0.015473
-0.034003
-0.036916
-0.027304
-0.010849
0.002002
0.013143
0.022026
0.019332
0.009648
-0.004187
-0.010922
-0.010631
-0.004587
-0.007754
-0.012451
-0.017184
-0.023336
-0.027887
-0.024647
-0.015254
-0.008847
-0.004369
0.001165
0.004660
0.004806
0.001675
-0.009356
-0.017366
-0.015764
-0.005133
0.003677
0.003823
-0.002112
-0.004951
0.000874
0.009466
0.009975
0.002476
-0.011140
-0.015545
-0.014235
-0.011067
-0.010303
-0.009101
-0.002585
0.000655
-0.004005
-0.008373
-0.002585
0.003677
0.002767
0.000728
-0.003495
-0.012669
-0.020460
-0.019550
-0.010376
0.002221
0.008919
0.008555
0.004187
-0.001019
-0.004878
-0.008628
-0.010157
-0.008919
-0.003713
-0.000073
0.002585
0.007354
0.018749
0.028360
0.024647
0.007536
-0.017657
-0.038445
-0.039173
-0.032256
-0.014126
0.001529
0.003204
0.006662
0.011177
0.003204
-0.007500
-0.019768
-0.025666
-0.021589
-0.012924
0.004077
0.022572
0.032656
0.022972
0.005497
-0.006480
-0.018640
-0.028906
-0.030508
-0.025630
-0.017475
-0.006735
0.007281
0.014453
0.009174
-0.004187
-0.017402
-0.023810
-0.021771
-0.009029
0.006080
0.011832
0.009065
-0.003058
-0.022899
-0.035314
-0.037826
-0.034258
-0.020788
0.000837
0.024174
0.037498
0.030181
0.008774
-0.013689
-0.035205
-0.047583
-0.043360
-0.026758
-0.013907
-0.005206
0.001274
0.003677
0.000801
-0.007354
-0.013361
-0.011249
-0.008919
-0.006517
-0.003932
-0.005789
-0.010194
-0.010958
-0.007682
-0.007026
-0.009720
-0.012633
-0.014562
-0.012560
-0.012524
-0.014089
-0.011140
-0.003713
0.000655
0.001165
-0.001092
-0.002075
-0.005971
-0.009793
-0.011431
-0.009247
-0.010594
-0.011359
-0.010922
-0.007026
-0.005133
-0.006153
-0.008264
-0.007427
-0.003095
-0.001565
-0.003750
-0.009029
-0.010740
-0.009502
-0.006589
-0.007500
-0.007172
-0.002767
0.002876
0.005133
-0.005060
-0.023045
-0.026103
-0.024647
-0.025703
-0.021407
-0.016528
-0.011978
-0.014890
-0.016638
-0.018167
-0.016237
-0.004915
0.008737
0.013179
0.005825
-0.002621
-0.001311
0.003713
0.002621
-0.001893
-0.003277
-0.004951
-0.009575
-0.009320
-0.003058
-0.000036
-0.005024
-0.007937
-0.003459
-0.002148
-0.000400
0.001347
0.002039
-0.005934
-0.011067
-0.011286
-0.005024
0.002039
0.003095
0.003531
-0.003604
-0.017584
-0.025775
-0.020933
-0.010667
-0.004369
0.004187
0.012050
0.012232
0.008519
0.004442
-0.002002
-0.008446
-0.011905
-0.013871
-0.014016
-0.011796
-0.005497
0.000874
0.002294
-0.000437
0.000036
0.002621
0.000364
-0.006990
-0.011359
-0.007973
-0.002184
-0.001711
-0.003313
-0.000073
0.002876
0.000546
-0.003568
-0.003131
-0.008810
-0.015327
-0.015291
-0.012815
-0.011031
-0.006917
0.003459
0.013871
0.013907
0.005898
-0.002803
-0.013033
-0.026249
-0.031564
-0.024538
-0.011031
0.002949
0.008410
0.006189
0.003568
-0.003750
-0.014380
-0.019914
-0.017985
-0.012997
-0.005716
0.004405
0.009939
0.005352
0.001784
-0.000546
-0.005861
-0.012524
-0.013106
-0.006881
-0.000692
0.001165
0.003240
0.005971
0.002840
-0.004806
-0.008956
-0.014089
-0.019150
-0.022280
-0.017256
-0.008155
-0.002985
-0.000182
0.005971
0.010740
0.005789
-0.003568
-0.009211
-0.013834
-0.016492
-0.013033
-0.008847
-0.008519
-0.010995
-0.008992
-0.004187
-0.003677
-0.007063
-0.004077
0.004150
0.005206
0.002803
0.001347
-0.000582
-0.003386
-0.006371
-0.008155
-0.005643
-0.002985
-0.003859
-0.000983
0.002439
-0.000255
-0.002257
0.000728
0.004369
0.002694
0.000582
0.002949
0.002330
0.000655
-0.002476
-0.002112
0.000655
0.002840
0.002512
0.000036
-0.001456
-0.004369
-0.006772
-0.005789
-0.005388
-0.006444
-0.005060
0.000765
0.002330
0.001238
0.000910
0.000546
-0.001493
-0.003750
-0.001711
0.000765
0.002403
0.001019
0.001602
0.002221
0.001201
-0.000582
-0.001966
-0.003058
-0.004842
-0.003277
0.003968
0.003495
-0.000146
-0.000692
0.002039
0.004587
0.002621
0.003131
0.003859
0.002658
0.002585
0.005315
0.007463
0.008082
0.005643
0.006772
0.006626
0.006517
0.002476
-0.000546
-0.002257
-0.002257
0.002912
0.003932
0.003204
-0.002439
0.003786
0.038736
0.047874
0.010558
-0.007682
0.005752
-0.003277
-0.014781
0.006735
0.020169
0.012997
0.008810
0.015363
0.015436
0.007645
0.005898
0.011140
0.012451
0.019550
0.028469
0.032074
0.025994
0.001893
-0.031491
-0.042595
-0.026504
-0.008701
0.009138
0.035824
0.048966
0.036115
0.020315
0.004369
-0.011177
-0.024902
-0.029926
-0.025120
-0.016055
-0.003531
0.004369
0.012524
0.013871
0.006881
0.002876
-0.007900
-0.017366
-0.025011
-0.021152
-0.008737
-0.006626
-0.000947
0.008847
0.012050
0.010703
0.002585
-0.011650
-0.019950
-0.024829
-0.011031
0.010521
0.013106
0.010449
0.012414
0.008410
-0.005643
-0.016783
-0.016747
-0.014672
-0.012342
-0.003204
0.008373
0.016929
0.013143
0.002075
-0.007063
-0.010376
-0.013325
-0.018276
-0.018968
-0.013507
-0.004696
0.005388
0.010048
0.008009
0.001238
-0.005497
-0.010813
-0.015400
-0.012305
-0.005752
0.000983
0.005315
0.004878
-0.000400
-0.003677
-0.003531
-0.002621
-0.003713
-0.004005
-0.003823
-0.005170
-0.001784
0.005971
0.008046
0.003786
-0.000692
-0.000692
-0.000073
-0.000619
0.002803
0.006371
0.007973
0.005861
0.006480
0.004806
0.001238
-0.002840
-0.003531
0.002439
0.007172
0.009101
0.010558
0.012487
0.012961
0.008883
0.001966
-0.003713
-0.007208
-0.006735
-0.002912
0.004223
0.008701
0.011031
0.010230
0.004005
-0.000437
-0.000801
0.003968
0.007609
0.005097
0.004915
0.005934
0.002403
-0.002585
-0.003095
0.001383
0.000000
-0.000364
0.000801
0.003968
0.007645
0.007026
0.000728
-0.010339
-0.003386
0.009466
0.006954
0.005607
0.002767
0.004187
0.007682
0.001347
-0.006371
-0.010885
-0.004405
0.002002
-0.000291
-0.002476
0.000692
-0.004878
-0.013033
-0.008228
0.002439
0.004369
-0.000692
-0.004551
-0.008446
-0.007682
-0.001092
-0.005752
-0.020569
-0.024356
-0.012342
-0.012924
-0.014708
-0.007354
-0.000619
0.008373
0.013579
0.008810
-0.001129
-0.013579
-0.025739
-0.023154
0.001966
0.024647
0.023591
0.016674
-0.004077
-0.023737
-0.029452
-0.023445
-0.013143
-0.005570
0.001056
0.003786
0.002548
-0.003677
-0.012232
-0.016747
-0.015800
-0.011504
-0.004478
0.000546
0.002730
0.000801
-0.001274
-0.005607
-0.006444
-0.003313
-0.003131
-0.006262
-0.007208
-0.007973
-0.007318
-0.008810
-0.016055
-0.016747
-0.007500
-0.000765
0.000874
0.003386
0.006007
0.002075
-0.008046
-0.009356
-0.008046
-0.012487
-0.013033
-0.006517
0.005170
0.006808
0.003531
0.005643
0.011395
0.008737
0.003167
-0.003568
-0.012378
-0.019259
-0.015436
-0.005024
0.002803
0.006371
0.011322
0.010740
0.001274
-0.009065
-0.008446
-0.004842
-0.004187
-0.004842
-0.009320
-0.011759
-0.010885
-0.006844
-0.002767
-0.002330
-0.001383
-0.000692
0.004878
0.009101
0.009029
0.005607
0.001893
-0.004150
-0.005861
-0.008410
-0.007390
-0.005133
-0.006043
-0.003058
0.003568
0.011686
0.012997
0.008155
-0.003240
-0.011978
-0.012269
-0.006262
-0.003349
-0.004551
-0.003459
-0.000182
0.001930
0.001565
0.005097
0.006080
0.000400
-0.002184
-0.004005
-0.001857
0.001675
0.004223
0.004951
0.003895
0.001019
-0.004951
-0.006917
0.003568
0.012997
0.013652
0.007463
0.001930
-0.005242
-0.005461
-0.005315
-0.005643
-0.002039
-0.001129
-0.004150
-0.005352
-0.004587
-0.008519
-0.010631
-0.000182
0.011104
0.013470
0.011832
0.008810
0.006699
0.012087
0.017803
0.012706
-0.002112
-0.019150
-0.028433
-0.026140
-0.018676
-0.010084
0.002585
0.015545
0.019768
0.008046
-0.007208
-0.017111
-0.021152
-0.019404
-0.013252
-0.006407
0.001420
0.004005
0.003349
0.001201
0.000728
-0.002767
-0.006772
-0.003677
0.000218
0.002876
0.003277
0.005060
0.006844
0.005716
-0.000400
-0.010084
-0.016492
-0.015909
-0.009429
-0.002512
0.005060
0.010303
0.005825
0.001165
-0.002221
-0.010776
-0.016965
-0.018203
-0.013070
-0.008373
-0.001565
0.003932
0.005279
0.005060
0.002002
-0.001383
-0.008847
-0.021516
-0.027050
-0.018603
-0.013579
-0.003968
0.012633
0.016419
0.014635
0.009138
-0.001529
-0.013543
-0.027887
-0.035168
-0.030872
-0.014781
0.001747
0.013397
0.022972
0.030035
0.030399
0.026030
0.014308
-0.005424
-0.023737
-0.034185
-0.034367
-0.027741
-0.021662
-0.013907
-0.006699
0.000255
0.007937
0.012123
0.006007
-0.000364
-0.002184
-0.004260
-0.005097
-0.000619
0.003750
0.000582
-0.004915
-0.009830
-0.013106
-0.023336
-0.029088
-0.023300
-0.010048
0.001201
0.009029
0.008956
0.001747
-0.007318
-0.016674
-0.018057
-0.010922
-0.004296
-0.002330
-0.006553
-0.019259
-0.033020
-0.037717
-0.025885
-0.014089
-0.005060
0.004769
0.012451
0.013652
0.003677
-0.004696
-0.006298
-0.012524
-0.019514
-0.023081
-0.017948
-0.012378
-0.008264
-0.007390
-0.006553
-0.003277
-0.003531
-0.008264
-0.014744
-0.015473
-0.014781
-0.013143
-0.010157
-0.008592
-0.009029
-0.011031
-0.010521
-0.009101
-0.006699
-0.005315
-0.007427
-0.010813
-0.014126
-0.011067
0.004114
0.007682
0.000291
-0.007318
-0.013543
-0.011905
-0.009648
-0.011541
-0.012196
-0.008373
-0.006262
-0.005461
-0.004915
-0.007390
-0.011686
-0.014053
-0.015181
-0.013943
-0.008009
0.003422
0.008810
0.005971
0.002694
-0.003459
-0.013761
-0.015873
-0.014271
-0.013871
-0.011249
-0.011796
-0.005861
0.004114
0.010594
0.011686
0.008519
-0.000182
-0.003240
-0.003859
-0.003677
-0.002184
0.002112
0.004405
-0.001420
-0.005570
-0.008082
-0.010995
-0.013434
-0.011031
-0.007791
-0.003167
0.005352
0.007937
0.004551
0.000146
-0.004951
-0.009174
-0.015363
-0.018312
-0.015545
-0.008847
-0.002476
0.002803
0.004114
-0.002148
-0.006189
-0.005789
-0.004988
-0.006662
-0.006225
-0.000801
0.001966
-0.001602
-0.002658
0.001347
0.003277
0.000692
-0.001565
0.001602
0.006262
0.004878
0.001784
-0.002366
-0.009611
-0.011395
-0.008264
-0.003604
-0.004951
-0.010703
-0.014126
-0.016055
-0.016856
-0.012050
-0.000146
0.012342
0.021480
0.023081
0.016273
0.008264
-0.004988
-0.017693
-0.022863
-0.025994
-0.021844
-0.019987
-0.018312
-0.014053
-0.009211
-0.001857
0.002184
0.006844
0.008592
0.011614
0.012596
0.007572
0.003422
-0.003422
-0.006298
-0.011868
-0.015873
-0.010521
-0.005934
-0.003349
-0.000218
0.005133
0.006662
0.003968
-0.003131
-0.008883
-0.011504
-0.017147
-0.014926
-0.009284
-0.001893
0.004005
0.005461
0.004514
0.000400
-0.005279
-0.011067
-0.010449
-0.007900
-0.009356
-0.001383
0.006080
0.003131
-0.004260
-0.006589
-0.006080
-0.010048
-0.012269
-0.008992
-0.004915
-0.003422
-0.003531
0.000655
0.000837
-0.002075
-0.004041
-0.005060
-0.007172
-0.010958
-0.011249
-0.009648
-0.005534
-0.000874
0.003823
0.004769
0.001784
-0.005643
-0.012997
-0.017730
-0.016747
-0.009320
-0.000073
0.007572
0.008628
0.004514
-0.000473
-0.006844
-0.011868
-0.012888
-0.008847
-0.003786
-0.000546
-0.000218
0.000291
0.003677
0.004150
0.003968
0.003895
0.002403
0.000510
0.000109
-0.001129
-0.006808
-0.009939
-0.004187
0.006189
0.009793
0.004005
-0.006699
-0.015764
-0.011286
0.000655
0.007500
0.006589
0.002658
0.003823
0.006553
0.005643
0.002330
0.001784
0.004187
0.005352
0.003677
0.001129
-0.000036
-0.008483
-0.008119
0.011468
0.022499
0.012378
0.007390
0.012196
0.011395
0.008774
0.012524
0.014162
0.010230
0.006480
0.005861
-0.000765
-0.004951
0.002512
0.010958
0.016419
0.018785
0.014708
0.008956
0.004478
0.002949
0.003459
0.004696
0.006007
0.004988
0.005716
0.005789
0.012342
0.015873
0.015618
0.016419
0.012961
0.003859
-0.005352
-0.005424
-0.001201
-0.001019
0.000073
0.002439
0.002658
-0.001092
-0.004878
-0.005352
-0.005352
-0.006517
-0.004005
-0.001201
-0.004005
-0.007536
-0.007791
-0.007536
-0.007937
-0.007682
-0.004514
-0.002257
-0.000255
0.002075
-0.000291
-0.005971
-0.013834
-0.019841
-0.019659
-0.018239
-0.016456
-0.016783
-0.013798
-0.008992
-0.005898
-0.003058
-0.002112
0.001930
0.007791
0.007718
0.003240
-0.002476
-0.005279
-0.003386
-0.002767
-0.003459
-0.003932
-0.002257
-0.000182
0.000073
0.001602
0.004806
0.008119
0.008046
0.009793
0.009902
0.004442
-0.001311
-0.004260
-0.009174
-0.009138
-0.006954
-0.004077
0.001092
0.006043
0.009174
0.008774
0.007063
0.006990
0.006153
0.005570
0.006407
0.007136
0.004624
0.004842
0.005279
0.002366
-0.000255
-0.001056
-0.000874
-0.000437
0.000218
0.002621
0.002694
0.000837
0.001238
0.004077
0.008883
0.011468
0.011067
0.008228
0.008483
0.007900
0.004551
0.003604
0.004951
0.006480
0.009575
0.012014
0.012961
0.011504
0.010849
0.006626
0.003022
-0.001129
-0.001784
0.003095
0.006517
0.010012
0.015072
0.015436
0.008701
0.002257
0.001493
0.002767
0.003277
0.003859
0.004988
0.003713
0.000801
0.003823
0.007463
0.009211
0.009648
0.009284
0.006917
0.002039
0.000109
0.001311
0.003386
0.003641
0.003604
0.002548
0.000000
-0.002658
-0.001456
0.005206
0.008301
0.006298
0.002767
0.001675
0.001493
-0.005279
-0.008155
-0.002876
0.005679
0.005752
0.001529
-0.000983
-0.001238
0.005643
0.006335
-0.000437
-0.006589
-0.006662
0.001420
0.003859
0.001602
-0.002403
-0.008410
-0.007281
-0.004878
-0.003349
-0.000837
-0.001165
-0.003422
0.001056
0.009356
0.011031
0.012706
0.005752
-0.010230
-0.020096
-0.023773
-0.010121
0.005934
0.017912
0.012669
-0.000655
-0.010485
-0.012742
-0.012305
-0.007572
-0.004696
-0.003713
0.001820
0.009757
0.020970
0.027887
0.013907
0.004187
0.001493
-0.004624
-0.006407
-0.000510
-0.004660
-0.011504
-0.008483
-0.007827
-0.006735
-0.002585
0.000983
0.006116
0.009502
0.012378
0.011759
0.010740
0.002221
-0.007645
-0.009611
-0.011431
-0.011577
-0.011978
-0.010266
-0.006626
-0.004551
-0.001493
0.003531
0.007718
0.005242
0.003204
0.001201
-0.003495
-0.003531
0.001238
0.007099
0.007172
0.003677
-0.002439
-0.010485
-0.014562
-0.011759
-0.002184
0.003386
0.003531
-0.000510
-0.006298
-0.002876
0.002512
0.002694
-0.000910
-0.002658
-0.005133
-0.010084
-0.007864
-0.002403
0.002767
0.005097
0.003932
0.001311
-0.001565
-0.007208
-0.011832
-0.007937
-0.001201
0.006189
0.010958
0.011577
0.006189
-0.000910
-0.003895
-0.007318
-0.010849
-0.011905
-0.008228
-0.000765
0.002949
0.005097
0.003823
0.004587
0.003349
0.001019
0.001638
-0.000837
-0.002730
-0.001274
0.002840
0.004769
0.004077
-0.000947
-0.009575
-0.016419
-0.014817
-0.008337
-0.003058
0.003022
0.011359
0.014926
0.008519
0.001092
-0.005315
-0.011286
-0.009466
-0.010230
-0.011031
-0.006371
-0.000400
0.005934
0.005971
0.008264
0.000109
-0.009138
-0.004187
-0.004223
-0.008883
-0.006990
-0.006007
-0.005607
-0.000910
-0.001893
-0.005643
-0.005643
0.001638
0.008009
0.005716
0.000036
-0.001056
0.002694
0.005024
-0.001420
-0.004041
-0.003859
-0.001056
0.000328
-0.000400
0.002002
0.003459
0.001347
0.000073
0.002621
0.006043
0.009065
0.008191
0.005570
0.000765
-0.008410
-0.015837
-0.017475
-0.013761
-0.009101
-0.003277
0.007245
0.016055
0.021698
0.018713
0.012888
0.004551
-0.001675
-0.006153
-0.011686
-0.014417
-0.018167
-0.018713
-0.017693
-0.012196
-0.007791
-0.003422
0.003968
0.007827
0.008046
0.006262
0.006917
0.008119
0.003786
-0.000910
-0.003531
0.000983
0.003240
-0.000582
-0.002585
-0.003058
-0.003131
-0.008337
-0.010631
-0.007609
-0.002184
0.001092
0.001930
0.004187
0.006808
0.007172
0.008155
0.009211
0.008592
0.002585
-0.006189
-0.012633
-0.015036
-0.014308
-0.009684
-0.002039
0.003932
0.006553
0.004150
-0.000947
-0.003422
-0.002621
0.000182
0.004223
0.005607
0.003932
-0.000073
-0.003641
-0.008446
-0.010339
-0.006262
-0.002221
0.000837
0.000983
0.000728
0.000146
-0.001238
-0.001820
-0.003604
-0.002876
-0.001274
-0.001420
-0.000765
-0.000765
-0.001456
-0.002330
-0.001930
-0.001420
-0.003058
-0.004624
-0.005679
-0.003568
-0.002184
-0.000983
0.000437
0.001165
0.001201
0.000000
-0.000073
-0.002876
-0.008628
-0.013907
-0.015873
-0.011177
-0.004806
0.001493
0.006298
0.008373
0.007791
0.003459
0.000655
-0.004442
-0.012451
-0.018021
-0.016055
-0.008737
-0.002002
0.004878
0.008774
0.007354
0.002767
-0.000655
-0.000437
-0.002002
-0.004951
-0.003713
-0.000400
-0.003495
-0.008992
-0.009356
-0.007609
-0.007900
-0.006116
-0.003022
-0.000255
0.002002
0.001201
0.001129
-0.000655
-0.004332
-0.007609
-0.008483
-0.003386
0.008009
0.022390
0.027304
0.025011
0.015291
-0.000036
-0.017038
-0.030472
-0.032001
-0.026940
-0.020315
-0.012123
-0.001675
0.012742
0.020533
0.021480
0.020169
0.016965
0.009211
0.000000
-0.007318
-0.008155
-0.004842
-0.002840
0.001383
0.005570
0.007281
0.004769
-0.002694
-0.015691
-0.028724
-0.028579
-0.019732
-0.007172
0.005789
0.015655
0.025229
0.019295
0.003750
-0.012669
-0.019841
-0.020970
-0.022499
-0.015291
-0.003131
0.011577
0.017256
0.012779
0.007136
-0.003459
-0.016565
-0.028105
-0.029452
-0.025703
-0.018858
0.001129
0.017402
0.024574
0.021662
0.010121
-0.008847
-0.029780
-0.037644
-0.027669
-0.002985
0.019878
0.025229
0.009757
-0.011686
-0.025739
-0.025630
-0.018203
-0.009211
-0.004842
0.000582
0.004369
-0.002112
-0.011249
-0.012888
-0.013106
-0.009284
-0.005752
0.002148
0.004114
0.000910
-0.004041
-0.012851
-0.018968
-0.021152
-0.020315
-0.016492
-0.005643
0.002476
0.003823
0.001129
-0.005643
-0.010703
-0.013725
-0.012779
-0.008774
-0.007354
-0.006881
-0.007463
-0.007026
-0.009284
-0.013288
-0.012779
-0.009101
-0.002912
0.001857
0.002621
-0.000255
-0.005679
-0.010230
-0.012888
-0.012014
-0.010849
-0.008810
-0.006262
-0.004878
-0.006480
-0.010012
-0.011213
-0.008883
-0.005060
-0.001129
-0.000765
0.000146
0.003022
0.007136
0.007500
0.003713
-0.003349
-0.009466
-0.011541
-0.013397
-0.016019
-0.018312
-0.018349
-0.017002
-0.017366
-0.015873
-0.012997
-0.011177
-0.008519
-0.002439
0.006917
0.013507
0.013943
0.010667
0.006298
-0.001493
-0.008082
-0.009757
-0.014417
-0.018895
-0.022098
-0.020824
-0.020715
-0.020351
-0.020096
-0.020679
-0.015691
-0.013179
-0.011395
-0.007318
-0.002949
0.001092
0.003131
0.007172
0.006189
0.002949
0.002876
0.000801
-0.002221
-0.002221
0.001238
0.005461
0.008228
0.007063
0.002403
-0.002439
-0.007136
-0.009138
-0.007318
-0.004951
-0.002330
-0.001930
-0.000910
-0.002439
-0.005934
-0.008628
-0.007682
-0.006480
-0.006662
-0.006589
-0.005060
-0.006844
-0.010194
-0.010558
-0.007937
-0.007754
-0.007827
-0.007208
-0.008483
-0.010922
-0.012232
-0.008956
-0.005534
-0.001056
0.000146
0.001274
0.002985
0.002294
-0.000582
-0.000546
0.000109
0.000510
0.000765
-0.000036
-0.004478
-0.009793
-0.008883
-0.004624
-0.001456
0.000255
-0.000546
-0.001747
0.000364
0.002366
0.002876
0.008847
0.003641
-0.013943
-0.018167
-0.000546
0.019186
0.015509
-0.003568
-0.016528
-0.013325
-0.003495
0.003313
0.001493
-0.004769
-0.006772
-0.004878
-0.003277
-0.003823
-0.005097
-0.005934
-0.007208
0.000364
0.007791
0.006225
0.003240
0.000400
-0.002184
-0.003131
-0.002002
-0.001165
-0.004478
-0.004369
-0.002912
-0.001456
-0.001056
-0.000255
-0.002002
-0.004332
-0.002621
-0.000947
0.000328
-0.001784
-0.004587
-0.004587
-0.003204
-0.003058
-0.004369
-0.006007
-0.003604
0.000655
0.003495
0.001857
0.002621
0.002366
-0.000619
-0.002585
0.000582
0.002476
0.002949
0.006007
0.007099
0.004369
-0.002039
-0.005242
-0.005898
-0.003895
-0.002330
-0.002476
0.000073
0.003495
0.002257
0.000510
-0.000400
-0.001383
-0.003677
-0.002730
0.000146
0.001565
0.000837
-0.001019
-0.001602
-0.003422
-0.004405
-0.002439
-0.000692
0.000910
0.002840
0.005024
0.005570
0.003823
0.002148
-0.000655
-0.004260
-0.004733
-0.004260
-0.003058
-0.003058
-0.002876
-0.000837
-0.002075
-0.001493
-0.000692
-0.000400
-0.001311
-0.004733
-0.005461
-0.004150
-0.002403
0.000400
0.004187
0.009211
0.014490
0.016310
0.009029
-0.000328
-0.003313
-0.004187
-0.005679
-0.004915
-0.001930
-0.000437
0.001274
0.005534
0.010121
0.011614
0.009247
0.007390
0.002767
-0.002294
-0.004551
-0.003786
0.000364
0.003713
0.006954
0.011650
0.014126
0.013652
0.009247
0.006553
0.004696
0.001456
0.000218
0.000400
0.004369
0.004005
0.005716
0.008737
0.007645
0.007900
0.005352
0.010012
0.014417
0.010230
0.008701
0.007645
0.008264
0.006153
0.003932
0.003859
0.000364
-0.000655
0.005497
0.015145
0.017038
0.012123
0.010012
0.009429
0.004478
0.000728
0.000947
0.003932
0.005060
0.001456
-0.001347
0.005461
0.012815
0.014308
0.013834
0.014781
0.023992
0.034440
0.033202
0.023664
0.014453
0.004514
-0.008774
-0.019805
-0.023300
-0.016091
-0.002148
0.009538
0.018858
0.026722
0.029634
0.024538
0.017220
0.007208
-0.004296
-0.012305
-0.016492
-0.015618
-0.013434
-0.008774
-0.005206
-0.002439
0.000036
0.004842
0.009284
0.012160
0.018421
0.021625
0.013543
-0.002184
-0.018349
-0.024647
-0.019514
-0.013652
-0.011140
-0.007063
-0.001565
0.003422
0.007463
0.010266
0.009429
0.003495
-0.002112
-0.009429
-0.015072
-0.015036
-0.010303
-0.002767
0.001420
0.002075
-0.000146
-0.003422
-0.004551
-0.002621
0.001165
-0.000218
-0.001638
0.000000
0.002039
0.002803
-0.001129
-0.006808
-0.011650
-0.013179
-0.010849
-0.006407
-0.002658
0.000801
0.003823
0.003495
0.000364
-0.003495
-0.009720
-0.013070
-0.008228
-0.002621
0.000801
0.006189
0.005060
0.002366
0.001274
-0.003131
-0.004187
-0.005534
-0.010849
-0.013761
-0.007354
-0.002294
0.001675
0.007973
0.006626
-0.000728
-0.004332
-0.005716
-0.007754
-0.005716
-0.001638
-0.001820
-0.003823
-0.006553
-0.007536
-0.003568
0.000000
-0.001420
-0.004733
-0.003022
-0.000328
0.000655
-0.001383
-0.000728
0.000437
-0.001420
-0.000983
-0.003204
-0.002912
0.001966
0.001165
-0.003313
-0.007063
-0.002840
0.001747
0.004041
0.007500
0.007609
0.006153
0.004223
0.000728
-0.001602
-0.002257
0.000364
0.004332
0.005861
0.007536
0.006007
0.000291
0.001565
0.003459
-0.002512
0.002585
0.006808
0.004951
0.003604
-0.006662
-0.014526
-0.015254
-0.009284
0.000109
0.006335
0.007864
0.007973
0.005716
0.004114
0.005424
0.006954
0.006371
0.004769
0.001893
-0.000036
0.000801
0.001347
-0.002840
-0.005206
-0.001092
0.001565
0.001930
0.002039
0.001092
0.002512
0.002585
-0.000073
-0.000910
0.000510
-0.003022
-0.008264
-0.007536
-0.003495
-0.001747
0.001529
0.005607
0.009575
0.008410
0.001820
-0.003422
-0.003531
-0.005607
-0.004187
-0.000073
0.003131
0.001602
-0.000437
0.000000
-0.000947
-0.001675
0.001675
0.006772
0.008155
0.003968
-0.001383
-0.002694
-0.001711
0.001420
0.005206
0.006225
0.002803
0.002112
0.003750
0.004187
0.004005
0.004842
0.006225
0.005679
0.004114
0.001638
0.001493
0.000582
-0.001675
0.000255
0.001784
-0.002112
-0.004150
-0.000801
0.003204
0.005133
0.003422
0.001602
0.004187
0.012087
0.019368
0.022062
0.018968
0.013143
0.011468
0.009575
0.007572
0.005607
0.005898
0.011031
0.014526
0.007718
-0.006553
-0.013143
-0.015909
-0.017475
-0.013761
-0.011723
-0.009320
-0.006007
0.004150
0.015036
0.018494
0.020315
0.023919
0.031782
0.038918
0.041794
0.033967
0.010157
-0.015618
-0.035860
-0.042304
-0.040047
-0.031054
-0.016019
-0.001311
0.007791
0.000983
-0.014708
-0.026140
-0.026613
-0.020023
-0.016310
-0.014490
-0.016492
-0.014126
-0.006262
0.006043
0.015873
0.020569
0.023773
0.023336
0.023118
0.017111
0.010012
0.004988
-0.000182
-0.001784
0.002803
0.010958
0.014599
0.014490
0.014053
0.009029
0.006043
0.007463
0.009575
0.003641
-0.006808
-0.012123
-0.015291
-0.015691
-0.017839
-0.017584
-0.014198
-0.009975
-0.004587
0.000073
0.002184
-0.000364
-0.004915
-0.008483
-0.015509
-0.020715
-0.022353
-0.015509
-0.008701
-0.001092
0.005534
0.005352
0.001675
-0.003095
-0.004478
-0.001201
0.001711
0.000146
-0.006990
-0.014308
-0.019805
-0.018785
-0.006335
0.008410
0.014999
0.010631
0.004296
0.001238
0.001893
0.002294
0.001857
0.004150
0.007463
0.009538
0.006990
0.002002
-0.002039
-0.007463
-0.010012
-0.011177
-0.008555
-0.005861
-0.006080
-0.006844
-0.006735
-0.004806
-0.006990
-0.011322
-0.015036
-0.016201
-0.008046
0.002912
0.005024
-0.001165
-0.008446
-0.010449
-0.007754
-0.002002
-0.005752
-0.007791
-0.001311
0.012269
0.020569
0.015800
0.002767
-0.011650
-0.016237
-0.012742
-0.008301
0.000437
0.008373
0.010157
0.010012
0.001165
-0.011104
-0.023336
-0.026795
-0.018167
-0.004951
0.008519
0.014672
0.009320
0.000947
-0.005971
-0.012924
-0.020169
-0.026940
-0.024174
-0.017002
-0.006517
0.011395
0.028652
0.034913
0.033894
0.032802
0.018094
-0.010776
-0.044925
-0.071538
-0.081367
-0.068771
-0.035205
0.008701
0.047473
0.063274
0.053844
0.027559
-0.012961
-0.051733
-0.071065
-0.062618
-0.034768
-0.002840
0.025157
0.038554
0.030872
0.009611
-0.012633
-0.025084
-0.021552
-0.012524
-0.005825
-0.002730
-0.006189
-0.014235
-0.018057
-0.011868
-0.007900
-0.007900
-0.006917
-0.005170
-0.003641
-0.003058
-0.005534
-0.008810
-0.009611
-0.008446
-0.007536
-0.008009
-0.007318
-0.008155
-0.011686
-0.013871
-0.014380
-0.011431
-0.005133
-0.001529
-0.004988
-0.010194
-0.011067
-0.009902
-0.012123
-0.012596
-0.007099
-0.002075
-0.000255
-0.002985
-0.008228
-0.012269
-0.011322
-0.005716
-0.003859
-0.002585
-0.003240
-0.006407
-0.010157
-0.006990
-0.002330
-0.002366
-0.002876
-0.002876
-0.007281
-0.012269
-0.014053
-0.015473
-0.015254
-0.011067
-0.002476
0.002730
0.005206
0.004187
0.000874
-0.008446
-0.014089
-0.011796
-0.007791
-0.004296
-0.001274
0.001893
0.004041
0.004187
0.002658
-0.001347
-0.007063
-0.011504
-0.014271
-0.015218
-0.011978
-0.006298
-0.001784
0.001383
0.003495
0.004769
0.003750
0.000109
-0.003095
-0.006371
-0.008191
-0.007791
-0.005971
-0.002148
0.000000
-0.002512
-0.007099
-0.012524
-0.016383
-0.017147
-0.012888
-0.005461
0.000947
0.006808
0.006589
0.003568
0.001274
-0.004150
-0.005352
-0.005352
-0.000947
0.001201
0.000000
0.000218
-0.003604
-0.006153
-0.007099
-0.009648
-0.010121
-0.010885
-0.009538
-0.003713
0.001092
0.003167
0.005570
0.005898
0.003095
0.002548
0.002803
0.003604
0.007136
0.007718
0.004442
0.001602
-0.001893
-0.005388
-0.005133
-0.001602
-0.001784
-0.000364
0.004733
0.007864
0.006335
0.003349
0.000801
-0.002658
-0.002112
0.000182
0.003095
0.005679
0.006189
0.003786
0.001711
-0.004077
-0.005497
-0.003713
-0.001456
0.003568
0.006589
0.006881
0.002294
-0.002767
-0.002912
-0.004696
-0.002512
-0.000947
0.000473
0.006881
0.007682
0.002403
-0.001602
-0.002439
-0.001019
-0.000400
0.000255
-0.001747
-0.003641
-0.004587
-0.005424
-0.002730
-0.004405
-0.003022
-0.000073
0.001565
0.000182
-0.000874
0.000218
0.000655
0.000582
0.001675
-0.002694
-0.001747
0.005024
0.000036
-0.004332
0.004660
0.009648
0.002840
-0.001165
-0.001930
-0.000255
0.001129
0.004005
0.003604
-0.000400
-0.002767
-0.002403
0.000619
0.001311
0.002985
0.005861
0.006699
0.007245
0.003786
0.001311
0.001529
0.004041
0.005934
0.004696
0.002840
-0.002112
-0.006990
-0.007718
-0.005497
-0.001129
0.003568
0.000874
0.000291
0.007463
0.006662
-0.000837
-0.001274
0.001675
0.005133
0.006262
0.004260
0.000874
-0.000582
-0.001675
-0.005352
-0.002548
0.001966
0.003750
0.003240
0.001893
0.000146
0.000582
0.002148
0.003932
0.003713
0.003131
0.002476
0.002803
0.001056
-0.001638
-0.002148
-0.002330
-0.002366
-0.001274
-0.000765
-0.001056
-0.001274
-0.001638
-0.002184
-0.000655
0.002112
0.002075
0.001638
0.002148
0.002949
0.003641
0.004769
0.005388
0.003167
0.000328
-0.002184
-0.001383
0.001092
0.006189
0.007900
0.004878
0.000109
-0.005060
-0.002257
0.005461
0.009284
0.009648
0.007026
0.000983
-0.007172
-0.011177
-0.006007
0.000874
0.005679
0.005570
0.004260
0.004660
0.005971
0.008009
0.006262
0.005461
0.006153
0.002912
0.001165
0.002949
0.004114
0.001493
-0.000874
0.000036
0.003641
0.006262
0.006589
0.005352
0.003459
0.002985
0.004077
0.006553
0.008555
0.009065
0.009975
0.009975
0.007609
0.003531
0.002330
0.001711
0.001493
0.003895
0.007791
0.010740
0.010885
0.011541
0.011104
0.008555
0.004369
0.001565
0.002148
0.005607
0.007827
0.012487
0.015218
0.016419
0.016601
0.013907
0.008701
0.007026
0.006225
0.000801
0.000510
0.006153
0.011614
0.012997
0.010594
0.008373
0.005570
0.003568
0.003495
0.002658
0.001565
0.005534
0.016055
0.022790
0.020897
0.014344
0.006589
0.001893
0.003058
0.005679
0.006772
0.006116
0.007937
0.008737
0.008483
0.009502
0.009284
0.010521
0.014162
0.014162
0.009575
0.003204
-0.002730
-0.001784
0.002912
0.007354
0.009975
0.008810
0.003095
-0.003859
-0.005752
-0.003313
0.002585
0.009356
0.012524
0.012269
0.008446
0.001893
-0.004514
-0.009720
-0.011541
-0.008264
0.000400
0.006808
0.010849
0.011905
0.005352
0.000036
0.000765
0.001092
0.006626
0.011650
0.014344
0.017184
0.018567
0.014344
0.003277
-0.008919
-0.014235
-0.014126
-0.011322
-0.006917
-0.003277
-0.000546
0.001893
0.008519
0.016456
0.014308
0.003095
-0.005861
-0.004696
0.004187
0.010157
0.008264
-0.000218
-0.009902
-0.014344
-0.016237
-0.010194
-0.004041
-0.000400
0.001820
0.005279
0.007390
0.005388
0.002694
0.003604
0.004915
0.004369
0.004332
0.003240
-0.000546
-0.007063
-0.009101
-0.007318
-0.004660
0.000510
0.003932
0.002840
0.001019
0.001383
0.000655
-0.001056
-0.000036
0.003641
0.006043
0.005643
0.002876
-0.001129
-0.003167
-0.001711
-0.001747
-0.004369
-0.005424
-0.004260
-0.002366
0.000473
0.001893
0.002221
0.001056
0.001056
0.002730
0.004624
0.001274
-0.002075
-0.002730
-0.003641
-0.003604
-0.003095
-0.005461
-0.005170
-0.002585
0.004332
0.009720
0.006699
-0.000728
-0.005789
-0.005789
-0.002002
0.002002
0.000437
-0.003568
-0.008774
-0.011177
-0.006080
0.003131
0.011868
0.013070
0.009065
0.001820
0.003968
0.004696
-0.005242
-0.000801
0.001747
-0.003313
0.003895
0.006262
-0.001711
-0.003240
-0.000036
-0.000692
-0.002366
0.001820
0.005461
0.005170
0.006662
0.007099
0.004878
-0.000073
-0.006153
-0.009174
-0.005934
0.001311
0.005643
0.008337
0.007427
0.006298
0.006808
0.002803
0.000801
-0.000036
0.000619
0.004660
0.004114
0.000328
-0.001311
-0.002985
-0.006808
-0.006881
-0.002221
0.001638
0.003058
0.003349
0.001966
-0.000510
-0.001019
0.001493
0.007427
0.010703
0.009902
0.009793
0.003895
-0.005024
-0.007500
-0.003531
-0.000073
0.003058
0.009575
0.008301
0.003641
-0.001092
-0.007973
-0.009174
-0.000910
0.008373
0.010958
0.008046
0.002803
-0.006189
-0.010813
-0.007026
0.002439
0.011832
0.013325
0.009684
0.001274
-0.004806
-0.009830
-0.010594
-0.006990
-0.003240
0.004223
0.008519
0.008883
0.008919
0.007099
0.004296
-0.000364
-0.003859
-0.002803
-0.001456
0.000182
0.001893
0.002476
0.002439
0.003459
0.002221
-0.000874
-0.001056
-0.000473
0.000073
-0.000692
-0.001893
-0.001638
-0.001129
0.000655
0.005133
0.006371
0.006262
0.006189
0.006116
0.003604
-0.001347
-0.003422
-0.004405
-0.004624
0.002949
0.006553
0.003349
0.003713
0.007645
0.010303
0.009320
0.007063
0.000073
-0.004624
-0.002585
-0.001129
-0.001383
-0.006225
-0.006116
-0.005206
0.005388
0.017948
0.022280
0.012706
-0.003495
-0.023118
-0.034003
-0.023482
-0.002112
0.015873
0.019841
0.012742
0.001238
-0.006699
-0.007318
-0.003459
0.002330
0.001966
-0.002621
-0.006480
-0.007427
-0.003568
0.005607
0.013761
0.017074
0.014308
0.007682
0.000473
-0.004369
-0.003932
-0.002221
-0.001602
-0.004769
-0.008264
-0.008046
-0.007172
-0.002912
0.002112
0.000765
-0.002730
0.000947
0.011431
0.014999
0.010995
0.004551
-0.005971
-0.013616
-0.015473
-0.012160
-0.007390
-0.002439
0.000218
0.001966
0.001966
0.000874
-0.002694
-0.005934
-0.005097
0.001456
0.009538
0.014308
0.013616
0.007973
0.005424
0.005971
0.002002
-0.003459
-0.008082
-0.012196
-0.016638
-0.016164
-0.005497
0.008956
0.021989
0.027195
0.022244
0.011067
0.002512
0.000364
-0.000036
0.003349
0.011796
0.014016
0.014308
0.023263
0.032001
0.036188
0.038700
0.024465
-0.011249
-0.061235
-0.107179
-0.142602
-0.146134
-0.119084
-0.079001
-0.040884
-0.015582
-0.003167
0.006043
0.025848
0.045835
0.058941
0.057267
0.035751
0.003349
-0.023263
-0.037353
-0.038918
-0.024975
-0.001820
0.017730
0.025703
0.024174
0.015436
0.003131
-0.007609
-0.015145
-0.019295
-0.021006
-0.016710
-0.000947
0.016747
0.026467
0.028433
0.023518
0.015473
0.006808
0.001747
-0.002221
-0.009029
-0.017184
-0.024246
-0.026722
-0.019150
-0.008082
-0.000291
0.000146
-0.003641
-0.012961
-0.020278
-0.025921
-0.026140
-0.021407
-0.019150
-0.015946
-0.008082
-0.006407
-0.011905
-0.010995
-0.006335
-0.005679
-0.003095
0.003713
0.004478
-0.002767
-0.013689
-0.020606
-0.022899
-0.020497
-0.013616
-0.004514
-0.000109
-0.000728
-0.000692
0.000801
0.001456
0.002221
0.004696
0.005279
0.000510
-0.004187
-0.005206
-0.004951
-0.005971
-0.006371
-0.004878
-0.004405
-0.004114
-0.005170
-0.008228
-0.013907
-0.015072
-0.012269
-0.009466
-0.005570
-0.001820
-0.002002
-0.003968
-0.006954
-0.010667
-0.009939
-0.006371
-0.002621
0.001274
0.002184
-0.002621
-0.009356
-0.014198
-0.016820
-0.017293
-0.018931
-0.019077
-0.017220
-0.013033
-0.008046
-0.004842
-0.005679
-0.006881
-0.005352
-0.000692
0.004005
0.003932
0.002585
0.000947
-0.000182
-0.002585
-0.004187
-0.002585
-0.000655
-0.000546
-0.004951
-0.007427
-0.008337
-0.008483
-0.009684
-0.008191
-0.007390
-0.006881
-0.005060
-0.002949
-0.002184
-0.004442
-0.004150
-0.004478
-0.006153
-0.008628
-0.006553
0.000437
0.004587
-0.000692
-0.004478
-0.002403
-0.002221
-0.009720
-0.016674
-0.025157
-0.030836
-0.029489
-0.017074
-0.004769
0.006080
0.010303
0.008446
0.004806
-0.000109
-0.003495
-0.008410
-0.009466
-0.004842
0.000728
0.001383
-0.000801
-0.000328
-0.000218
-0.004150
-0.008337
-0.005752
-0.002294
-0.003641
-0.006735
-0.004842
-0.002257
-0.004260
-0.010813
-0.010631
-0.006517
-0.001383
0.000910
0.001784
-0.000546
-0.002912
-0.003604
-0.006881
-0.009902
-0.011286
-0.010194
-0.007318
-0.000983
-0.002221
-0.009138
-0.010084
-0.003604
0.001602
0.000619
-0.002039
-0.001019
-0.001165
-0.001311
-0.002075
-0.003750
-0.002366
0.002476
0.003677
0.005060
0.007245
0.005934
0.000801
-0.003750
-0.009611
-0.009720
-0.006626
-0.001274
0.001675
0.003495
0.003459
0.004988
0.008847
0.009101
0.004951
0.002075
0.001420
0.003568
0.004514
0.005024
0.004332
0.002621
-0.001420
-0.006298
-0.008483
-0.006517
-0.000473
0.005497
0.008665
0.010048
0.012706
0.013616
0.011868
0.011031
0.009502
0.007026
0.005898
0.004150
0.003859
0.006080
0.007827
0.008737
0.007500
0.007208
0.005461
0.003459
0.004005
0.005789
0.005789
0.005752
0.004769
0.004296
0.003495
0.000473
-0.002767
-0.002366
0.003058
0.007172
0.011468
0.013543
0.008883
0.003968
0.003604
-0.000473
-0.004806
-0.001675
0.003932
0.003022
0.003895
0.005752
0.005097
0.003131
0.003131
0.004806
0.004733
0.004587
0.005097
0.004041
0.003095
0.003349
0.002767
0.003095
0.003204
0.004041
0.003422
0.000910
-0.001274
-0.001711
-0.000801
0.001347
0.004624
0.006589
0.006626
0.005170
0.003895
0.003932
0.002621
0.000146
0.000218
0.001311
-0.001565
-0.005461
-0.007864
-0.001129
0.011541
0.007937
-0.001638
0.002585
0.003313
-0.004223
-0.001092
0.007026
0.006189
0.004332
0.008628
0.013397
0.007791
0.000328
-0.001456
-0.000073
0.003604
0.007463
0.006990
0.003531
0.002803
0.003786
0.002767
0.002184
0.003786
0.004223
0.004915
0.006808
0.008009
0.005388
0.005607
0.008009
0.008155
0.011031
0.011031
0.008847
0.007827
0.006407
0.010012
0.011431
0.010012
0.012888
0.014126
0.010157
0.005097
-0.000364
-0.002002
-0.002075
0.000218
0.005170
0.008155
0.009502
0.009611
0.009247
0.008301
0.008446
0.007172
0.004260
0.002548
-0.001092
-0.006262
-0.010230
-0.008992
-0.005934
-0.003713
-0.004806
-0.007136
-0.011031
-0.013798
-0.014744
-0.016128
0.000000
0.019477
0.019368
0.013543
0.002512
-0.006808
-0.009029
-0.015072
-0.021807
-0.022499
-0.011796
0.003823
0.015218
0.019514
0.014562
0.007136
0.000910
-0.007791
-0.014781
-0.015764
-0.010266
-0.004769
0.000400
0.005643
0.008155
0.007864
0.004514
-0.000546
-0.003786
-0.006407
-0.008992
-0.007063
-0.001675
0.001311
0.003932
0.006371
0.007208
0.006517
0.007791
0.013143
0.016456
0.018603
0.018749
0.015545
0.012196
0.009757
0.007973
0.006662
0.004514
0.004332
0.004260
0.005170
0.007063
0.008264
0.010740
0.011395
0.009757
0.006990
0.003968
0.003677
0.004260
0.005898
0.004988
0.010157
0.013143
0.014526
0.018931
0.012997
0.013689
0.013579
0.011541
0.012342
0.008009
0.003604
0.001529
0.000655
0.002658
0.003495
0.005898
0.007973
0.010485
0.009247
0.006371
0.006262
0.004988
0.002112
-0.002075
-0.003022
0.001529
0.008483
0.012087
0.006407
-0.002476
-0.006662
-0.005242
-0.004223
-0.005133
-0.005279
-0.002840
0.001893
0.004915
0.000692
-0.007864
-0.011249
-0.010776
-0.007864
-0.002221
0.001456
0.001056
-0.002403
-0.004150
-0.002658
-0.000692
0.001784
-0.000328
-0.004369
-0.009575
-0.011286
-0.007682
-0.002730
0.000255
0.000255
-0.001019
-0.004551
-0.008228
-0.011614
-0.012451
-0.011104
-0.007682
-0.003459
-0.002694
-0.005388
-0.008992
-0.009793
-0.008555
-0.007136
-0.004223
-0.001092
-0.001966
-0.003531
-0.004260
-0.004878
-0.004442
-0.003531
-0.002403
-0.002658
-0.004187
-0.002075
-0.001747
-0.002694
-0.003167
-0.004150
-0.002658
0.001638
0.005352
0.006043
0.003204
-0.004915
-0.013215
-0.013361
-0.008046
-0.002730
0.003240
0.005861
0.006917
0.006589
0.003932
0.001165
0.005716
0.005643
-0.000582
-0.010230
-0.019659
-0.018239
-0.003459
0.012924
0.018203
0.015509
0.012232
0.003823
-0.006517
-0.006517
-0.000291
0.006007
0.005679
-0.003131
-0.009393
-0.014417
-0.020460
-0.019987
-0.006298
0.003531
0.004077
0.003204
-0.000728
-0.004696
0.000473
0.009757
0.018858
0.021079
0.005060
-0.018567
-0.025666
-0.017111
-0.002257
0.005097
0.006517
0.008191
0.012487
0.017256
0.006844
-0.012087
-0.015291
-0.006844
-0.008009
-0.021662
-0.025921
-0.020023
-0.009029
-0.008701
-0.011359
-0.006153
0.007645
0.014453
0.016601
0.022754
0.023409
0.017839
0.007682
-0.003058
-0.009611
-0.012487
-0.014235
-0.023591
-0.030217
-0.033530
-0.036442
-0.031855
-0.021552
-0.014417
-0.007754
-0.003386
-0.003422
-0.005279
-0.001201
0.003204
0.008883
0.016783
0.026030
0.027559
0.021552
0.015254
0.011067
0.009174
0.005643
0.002112
-0.000036
-0.001056
-0.002730
-0.008774
-0.015036
-0.022280
-0.025557
-0.021989
-0.013143
-0.000437
0.009648
0.014016
0.012342
0.005752
-0.001347
-0.007937
-0.010740
-0.013871
-0.016164
-0.015982
-0.012524
-0.006407
-0.002949
-0.003604
-0.005643
-0.010958
-0.017548
-0.020715
-0.021698
-0.017584
-0.013761
-0.011395
-0.008847
-0.006626
-0.005716
-0.003386
-0.002294
-0.002002
-0.001930
-0.001930
-0.001311
-0.000364
0.000109
0.002476
0.002330
-0.000036
-0.000255
-0.002112
-0.005206
-0.004478
-0.004369
-0.004842
-0.006335
-0.005789
-0.004187
-0.003459
-0.001857
0.000801
0.001966
-0.000073
-0.005461
-0.011650
-0.015181
-0.013725
-0.013543
-0.014235
-0.013980
-0.014744
-0.014635
-0.012487
-0.007281
-0.002184
0.000437
-0.000582
-0.002039
-0.000437
0.000765
0.000000
-0.004114
-0.007136
-0.004624
-0.001966
-0.000036
0.000146
-0.001784
-0.009902
-0.015363
-0.017475
-0.018858
-0.013798
-0.006007
-0.001056
-0.000473
-0.003713
-0.005352
-0.005679
-0.004332
-0.000910
-0.000619
0.000000
0.001966
0.001274
0.000000
-0.001347
-0.000036
0.002840
0.003932
0.003349
0.001420
-0.000874
-0.004442
-0.007463
-0.007572
-0.007463
-0.006990
-0.007063
-0.004660
-0.001857
-0.001529
-0.003495
-0.004842
-0.003386
-0.001565
0.003022
0.007099
0.006480
0.002039
-0.003531
-0.007245
-0.007208
-0.005934
-0.005570
-0.005825
-0.003058
-0.000218
0.001930
0.003240
0.004369
0.002949
0.000036
-0.001129
-0.003386
-0.004842
-0.000619
0.004478
0.008446
0.015036
0.018349
0.018130
0.012851
0.000801
-0.007718
-0.017766
-0.025120
-0.024720
-0.015582
-0.001820
0.010230
0.018094
0.020569
0.015473
0.003604
-0.010922
-0.020205
-0.020715
-0.013325
-0.003859
0.006735
0.011941
0.010813
0.006407
-0.002730
-0.009466
-0.008519
-0.001784
0.004005
0.004260
0.001129
-0.006444
-0.009939
-0.006517
-0.002330
0.000400
0.000437
-0.001420
-0.002985
-0.001565
0.002803
0.007682
0.007245
0.000000
-0.006153
-0.010558
-0.013106
-0.011941
-0.009502
-0.005825
-0.000291
0.005352
0.007645
0.004806
0.000510
-0.005679
-0.008737
-0.009174
-0.006589
0.000073
0.006699
0.008483
0.005097
0.000765
-0.002294
-0.004878
-0.007026
-0.009466
-0.009065
-0.006626
-0.004915
-0.002257
0.000182
-0.000073
-0.001565
-0.002548
-0.004332
-0.003786
-0.002112
-0.002075
-0.000765
0.000218
-0.002585
-0.006407
-0.007791
-0.005242
-0.002257
-0.000801
-0.002330
-0.003313
-0.000801
0.002840
0.002330
0.000182
-0.000328
-0.000073
-0.002403
-0.004041
-0.004296
-0.004223
-0.003095
-0.001311
0.001493
0.004769
0.005752
0.004878
0.002366
-0.002002
-0.004769
-0.005424
-0.004514
-0.003677
-0.003713
-0.003786
-0.000182
0.003422
0.004587
0.003823
0.002658
-0.000291
-0.004551
-0.005789
-0.005497
-0.003058
0.001602
0.003167
0.003313
0.002221
0.001019
-0.000182
-0.001784
-0.001529
-0.000218
0.003349
0.005060
0.002912
0.001930
0.001129
-0.001565
-0.003167
-0.002585
-0.000947
0.004332
0.008956
0.010922
0.011978
0.014198
0.011504
0.005024
0.000582
-0.002512
-0.005315
-0.001784
0.002476
0.003604
0.007427
0.010485
0.008810
0.000109
-0.005607
-0.009101
-0.009429
-0.003713
0.000728
-0.001129
-0.000728
0.002330
0.004223
0.003095
0.003823
0.001383
0.002330
-0.000073
0.001711
0.002730
0.003641
0.004187
0.004624
0.003386
0.001056
-0.001784
-0.000765
0.002039
0.003568
0.004005
0.004005
0.002694
0.001420
0.001565
0.002294
0.001565
-0.000473
-0.002075
-0.002621
-0.003604
-0.002985
-0.001711
0.000801
0.001784
0.002621
0.003677
0.005898
0.004514
0.002694
0.002257
0.003349
0.003932
0.005424
0.008592
0.010776
0.009866
0.005424
0.003386
0.003204
0.002949
0.000291
-0.002876
-0.007390
-0.001383
0.005643
0.006553
0.001675
-0.003495
-0.004624
-0.001493
0.002403
0.001893
-0.006844
0.002002
0.025521
0.027923
0.009101
0.001456
0.004878
0.004478
-0.001966
-0.005388
-0.001602
-0.000036
0.001056
0.003604
0.004551
0.004405
0.000692
0.004806
0.007245
0.000255
-0.003313
0.000837
0.007900
0.005971
-0.003422
-0.001820
0.001747
-0.002330
-0.003131
-0.000328
0.002548
0.005060
0.005388
0.002257
0.001019
0.001129
-0.001784
-0.002730
-0.003022
-0.005133
-0.006298
-0.002039
0.002876
0.002476
-0.002257
-0.004660
-0.006407
-0.008410
-0.010667
-0.010594
-0.005206
-0.000837
0.000728
0.002366
0.000765
-0.002840
-0.006225
-0.006407
-0.005352
-0.004660
-0.005279
-0.004806
-0.003131
-0.001529
-0.001529
0.000109
0.001274
0.001056
-0.000582
-0.003641
-0.000473
0.006153
0.005752
-0.000728
-0.001857
0.005170
0.007900
0.000546
-0.004150
-0.003750
-0.002257
0.000619
0.005388
0.008046
0.006917
0.003531
0.000837
-0.001602
-0.001165
0.000291
0.002257
0.004842
0.004660
0.006517
0.009029
0.010667
0.009611
0.008665
0.007645
0.006189
0.004624
0.004077
0.003240
0.002985
0.003531
0.005861
0.009757
0.012342
0.014308
0.013725
0.012706
0.011868
0.008810
0.008519
0.011431
0.008483
0.003641
0.001638
-0.001565
-0.002148
0.002621
0.007063
0.007172
0.004369
0.003750
0.002985
0.003641
0.005607
0.005170
0.005424
0.008082
0.009611
0.009757
0.010157
0.010376
0.009356
0.007791
0.007026
0.007645
0.005607
0.003786
0.004369
0.005825
0.006735
0.006553
0.006298
0.005789
0.006335
0.005716
0.003422
0.002803
0.003859
0.004660
0.004806
0.006553
0.008519
0.009284
0.009830
0.009939
0.008810
0.006844
0.003932
0.002548
0.005060
0.009247
0.009101
0.004878
0.001602
0.001311
0.000109
-0.001420
-0.001056
-0.000473
0.000765
0.002767
0.002985
0.006371
0.007609
0.004296
0.003932
0.002840
-0.002585
-0.006407
-0.000291
0.004405
0.003240
0.003786
0.000837
-0.001565
0.000692
0.003531
0.005024
0.004806
0.002330
0.000837
-0.000510
-0.000291
-0.000582
-0.003167
-0.002949
-0.002548
-0.002985
-0.002985
-0.003968
-0.004660
-0.002548
0.002221
0.007318
0.008592
0.005534
0.002257
-0.002476
-0.008337
-0.009939
-0.007063
-0.000655
0.003641
0.007572
0.009174
0.005170
0.002985
0.003022
0.007937
0.015363
0.018531
0.016091
0.010667
0.005024
-0.000619
-0.003349
-0.002694
-0.004405
-0.003204
0.002730
0.004114
0.004405
0.006116
0.005971
0.006772
0.007390
0.005206
0.001529
-0.000619
0.001711
0.001638
0.001201
0.004405
0.004478
0.001056
-0.002730
-0.003022
-0.000473
0.003495
0.007718
0.009611
0.005825
0.001383
-0.002548
-0.004114
-0.000582
0.005170
0.007645
0.006990
0.004405
0.001456
-0.000619
-0.000582
0.002476
0.005024
0.004551
0.001893
-0.000728
-0.002730
-0.001966
0.002184
0.004806
0.007026
0.007390
0.005789
0.003313
0.000947
-0.002403
-0.003859
-0.001420
0.002403
0.003022
0.004624
0.006335
0.006553
0.005861
0.004041
0.000692
0.000364
0.000801
0.000218
0.000983
0.001347
0.001129
0.001311
0.002658
0.005643
0.007791
0.006480
0.003313
0.001638
0.001784
0.001019
0.002912
0.004842
0.003386
0.001893
0.002476
-0.000837
-0.004150
0.000473
0.005971
0.002257
0.003240
0.011067
0.008046
0.000874
0.002548
0.006772
0.012414
0.014271
0.005716
0.000364
-0.003786
-0.010594
-0.007572
0.008009
0.016019
0.022098
0.026249
0.006662
-0.009029
-0.015363
-0.016820
-0.000218
0.014635
0.017293
0.014380
0.007609
-0.003422
-0.010230
-0.007609
-0.000510
0.004624
0.007973
0.008046
0.006080
0.002912
0.002694
0.002585
0.000728
0.001165
0.007136
0.014162
0.013543
0.006189
-0.004332
-0.014271
-0.014016
-0.004806
0.002112
0.005679
0.003204
-0.002912
-0.004551
-0.000510
0.002403
0.002694
0.003204
0.001493
-0.001274
0.000000
0.002803
0.005097
0.003495
-0.000400
-0.001675
-0.001565
-0.002949
-0.003349
-0.003786
-0.002912
0.001056
0.006699
0.009902
0.007754
0.004332
0.001347
0.000473
0.001056
-0.001420
-0.002112
-0.001857
-0.003204
-0.002730
-0.001165
0.001092
0.005534
0.010631
0.008883
0.000510
-0.003131
-0.000728
-0.000437
-0.001056
-0.001056
0.000000
0.002512
0.004624
0.004660
0.006699
0.007427
0.002730
-0.001456
-0.002294
-0.003058
-0.001311
0.002148
0.003786
0.004005
0.006371
0.006371
0.003677
0.001493
0.004624
0.009284
0.010485
0.008228
0.003823
-0.000255
-0.001529
-0.000801
0.000837
0.002803
0.003932
0.004296
0.005461
0.005570
0.003386
0.001092
0.000364
-0.001092
0.000218
0.003641
0.005315
0.005934
0.006480
0.005024
0.001493
0.001201
0.002184
0.002257
0.002184
0.003167
0.003641
0.003058
0.002840
0.003823
0.003131
0.002512
0.002330
0.003568
0.002840
0.000328
0.001675
0.003204
0.003495
0.004842
0.004733
0.003968
0.001930
-0.000619
0.001565
0.004624
0.003495
0.001019
0.002366
0.001129
0.002112
0.003677
0.003932
0.005570
0.005170
0.001565
-0.000400
-0.000473
-0.000109
0.001092
0.002949
0.003204
0.003531
0.006662
0.008483
0.006626
0.004660
0.001529
0.001966
0.001675
-0.005352
-0.011468
-0.014490
-0.017147
-0.005934
0.017511
0.027159
0.025084
0.020242
0.008410
-0.004769
-0.005861
-0.002039
-0.002039
-0.003677
0.004951
0.015291
0.012669
-0.001019
-0.008665
-0.008228
-0.008701
-0.004551
0.008264
0.010376
0.001638
-0.001274
0.000364
-0.003459
-0.006444
-0.000146
0.007172
0.008264
0.003823
0.001092
0.000328
-0.003058
-0.004478
-0.000400
0.004769
0.008373
0.007536
0.001420
-0.000510
-0.003713
-0.007536
-0.005315
-0.000619
0.001857
0.002694
0.005133
0.006699
0.004696
0.001493
-0.001493
-0.002002
0.000692
0.003386
0.005861
0.005679
0.004951
0.002039
-0.001420
-0.004551
-0.005716
-0.003641
-0.000765
0.002184
0.002876
0.001966
-0.000692
-0.000218
0.003095
0.004187
0.000182
-0.002658
-0.003750
-0.000146
0.004551
0.007099
0.005971
0.003823
-0.001347
-0.004878
-0.003859
-0.003313
-0.006225
-0.004332
0.001893
0.006335
0.008883
0.008046
0.003604
-0.002840
-0.003095
0.001238
0.002476
0.002949
0.004223
0.008628
0.009356
0.003604
0.001238
-0.001675
-0.003022
-0.007463
-0.012342
-0.017985
-0.012888
0.002949
0.014999
0.016492
0.011104
0.001019
-0.007864
-0.012487
-0.008701
-0.001602
0.002512
0.003713
0.005388
0.004842
0.001092
-0.003677
-0.006080
-0.008665
-0.012050
-0.011067
-0.003277
0.008737
0.020096
0.027013
0.028360
0.017621
-0.004878
-0.017147
-0.024283
-0.026722
-0.019441
-0.008992
-0.005607
-0.000546
0.019805
0.039282
0.044852
0.029489
-0.002912
-0.035824
-0.056502
-0.051587
-0.022754
0.010521
0.027887
0.029817
0.021298
0.006153
-0.005861
-0.013943
-0.020715
-0.021844
-0.016383
-0.009029
0.000328
0.008701
0.010631
0.006225
-0.000765
-0.008847
-0.014672
-0.013434
-0.008956
-0.006407
-0.002694
0.000036
-0.001129
-0.000801
-0.000182
-0.004478
-0.008737
-0.010958
-0.014599
-0.011941
-0.000765
0.009684
0.013725
0.003677
-0.008883
-0.012050
-0.010012
-0.009320
-0.007390
-0.007900
-0.012232
-0.004988
0.006553
0.010521
0.001638
-0.012888
-0.013652
-0.008301
-0.015837
-0.017766
-0.002148
0.008119
0.004405
0.001456
0.007791
0.005607
-0.003604
-0.005170
-0.006589
-0.007536
-0.010813
-0.012160
-0.005607
-0.002330
-0.002585
-0.001638
-0.003095
-0.010230
-0.013252
-0.008992
-0.008410
-0.008191
-0.006225
-0.001747
0.002039
0.003022
0.001238
-0.002621
-0.007973
-0.010667
-0.009684
-0.008119
-0.008446
-0.006735
-0.003022
-0.001019
-0.001019
-0.002621
-0.004077
-0.005643
-0.007500
-0.006990
-0.005315
-0.002621
0.000437
0.002694
0.005789
0.005097
0.001529
-0.001747
-0.007645
-0.011614
-0.010594
-0.010449
-0.012087
-0.011031
-0.004260
0.001893
0.006116
0.009029
0.006517
0.000874
-0.003968
-0.009284
-0.010740
-0.010558
-0.003750
0.002439
0.002184
0.000146
-0.000328
-0.003240
-0.005133
-0.005570
-0.003641
-0.001383
0.000000
-0.001201
-0.002767
-0.000983
-0.000109
-0.002039
-0.003859
-0.002184
0.000983
0.001056
0.000765
-0.000291
-0.000983
-0.001747
0.000947
0.002403
0.000546
-0.003022
-0.006262
-0.007754
-0.006917
-0.003604
0.001930
0.006371
0.006917
0.005206
-0.001602
-0.005388
-0.004514
-0.002912
0.000728
0.002876
0.002476
-0.000473
-0.001493
-0.004624
-0.006917
-0.006881
-0.005060
-0.002658
0.003240
0.004514
0.007609
0.007063
0.004223
0.002002
-0.000692
-0.004077
-0.002294
0.000000
0.000146
-0.002585
-0.002767
0.000728
0.003604
0.003204
0.001857
0.003277
0.003823
0.004296
0.001857
-0.000728
-0.002148
-0.000182
0.001456
0.002075
-0.000109
-0.000036
0.002621
0.000983
-0.000801
-0.001747
-0.002039
-0.001347
0.001857
0.003459
0.002730
0.001857
0.000837
-0.000109
-0.000182
-0.000837
0.000619
0.003859
0.002767
-0.000291
-0.002148
-0.002366
-0.000328
0.003495
0.004260
0.002294
0.000910
-0.000146
-0.000582
0.001019
0.003568
0.005716
0.007281
0.008410
0.005170
0.002658
0.002366
0.000473
-0.001092
-0.000036
0.002184
0.003641
0.004660
0.007318
0.008264
0.004332
0.000510
-0.002803
-0.006553
-0.005424
-0.001274
0.002985
0.007354
0.010631
0.009320
0.004551
0.002694
0.001493
-0.001711
-0.003349
-0.004478
-0.001638
0.001820
0.004369
0.007208
0.007609
0.007682
0.009830
0.008628
0.007427
0.007718
0.009029
0.008701
0.006626
0.003932
0.003167
0.004369
0.003058
-0.000255
-0.002840
-0.003058
0.003022
0.009174
0.010740
0.011686
0.011104
0.006153
0.001420
0.001602
0.003095
0.003713
0.002439
0.001456
0.003095
0.006007
0.007136
0.005315
0.004551
0.005424
0.005934
0.005279
0.006335
0.008191
0.008337
0.006990
0.003750
0.002730
0.002548
0.001311
0.001930
0.002730
0.003022
0.003641
0.003495
0.006407
0.010012
0.010121
0.007427
0.002512
-0.002621
0.004624
0.015291
0.013871
0.003277
-0.002767
-0.002985
-0.000801
0.003568
0.006480
0.004696
0.003531
0.003895
0.004187
0.004842
0.004660
0.004733
0.005461
0.008628
0.009975
0.008555
0.005971
0.006844
0.009356
0.008519
0.004150
0.000983
-0.000146
-0.000582
0.004041
0.007500
0.004405
0.005789
0.005716
0.006298
0.013215
0.014781
0.014526
0.013980
0.007500
0.000109
-0.005060
-0.008301
-0.007754
0.000364
0.011067
0.020096
0.022353
0.012342
-0.003313
-0.013470
-0.011067
-0.004405
0.002075
0.007754
0.009902
0.007208
0.006262
0.009284
0.011723
0.013033
0.012779
0.008301
0.002294
-0.003568
-0.006954
-0.006517
-0.003786
0.000218
0.004806
0.008264
0.010230
0.010521
0.006043
0.000546
-0.004660
-0.006954
-0.003713
0.004005
0.013725
0.018094
0.013761
0.004260
-0.004733
-0.009538
-0.009793
-0.004660
0.002694
0.005679
0.006043
0.009138
0.010449
0.007136
0.003022
0.000364
-0.002002
-0.005242
-0.005752
-0.003131
0.001602
0.005971
0.006954
0.005789
0.003167
0.001019
-0.001529
-0.002694
-0.001383
-0.001493
0.000036
0.004733
0.008301
0.006189
0.003349
0.000109
-0.003459
-0.004696
-0.004696
-0.003459
-0.003422
-0.002439
0.000983
0.003568
0.005060
0.005497
0.005388
0.003022
-0.004187
-0.007354
-0.005570
-0.001930
0.000801
0.004878
0.007682
0.005679
0.000473
-0.004624
-0.005752
-0.005279
-0.003022
0.002039
0.005388
0.006917
0.007281
0.007900
0.005934
0.000036
-0.001820
-0.002803
-0.002184
-0.000801
0.000036
-0.000255
-0.000328
0.001165
0.000837
-0.000364
-0.001711
-0.001966
0.000582
0.002112
0.003786
0.005279
0.005315
0.004332
0.004733
0.003131
0.001711
0.002803
0.004842
0.006407
0.007099
0.005461
0.005097
0.005534
0.003713
0.003240
0.003750
0.004733
0.005388
0.006553
0.006735
0.005424
0.004077
0.002112
0.001311
0.003386
0.003932
0.002403
0.000437
0.001019
0.001456
0.000510
0.000510
0.001201
0.001201
0.003386
0.005424
0.004587
0.002002
0.002840
0.003240
0.003786
0.006153
0.007099
0.004587
0.003495
0.005279
0.005388
0.003167
0.001784
0.004660
0.002767
0.000109
0.002730
0.001675
-0.001784
-0.001201
0.004150
0.007318
0.004260
0.001347
0.000546
0.001383
0.003641
0.006371
0.007063
0.003459
0.002075
0.002148
0.006808
0.010958
0.009101
0.006189
0.003022
-0.000218
-0.002112
-0.002075
0.001092
0.007099
0.011577
0.011650
0.010121
0.005024
-0.003167
-0.004624
0.000910
0.005861
0.006517
0.002366
-0.001201
-0.002002
0.001311
0.006517
0.008264
0.004041
-0.000036
-0.000910
-0.001311
-0.000364
0.000692
0.003459
0.006990
0.009866
0.012742
0.010485
0.005971
-0.000400
-0.003677
-0.000983
0.004405
0.008264
0.006772
0.005170
0.007245
0.008592
0.007973
0.001456
-0.005315
-0.003022
0.002403
0.002694
-0.000510
-0.000146
0.001383
0.005461
0.009393
0.008191
0.004114
0.002585
0.003058
0.003349
0.004806
0.006080
0.006517
0.008592
0.010266
0.009101
0.004442
0.001930
0.003386
0.004332
0.005242
0.003859
0.000728
-0.000765
-0.001565
-0.000837
0.001893
0.004150
0.005315
0.004005
0.001165
0.000510
0.003058
0.007136
0.009538
0.009211
0.008665
0.007318
0.007572
0.010339
0.009429
0.003677
-0.003604
-0.006626
-0.003895
-0.001238
-0.004587
-0.011614
-0.011614
-0.002767
0.012269
0.027122
0.033311
0.024574
0.004551
-0.014162
-0.024574
-0.024174
-0.016310
-0.003859
0.007172
0.013033
0.015691
0.015436
0.012596
0.005461
-0.007318
-0.018931
-0.022681
-0.013215
0.002112
0.011431
0.015218
0.012524
0.005170
-0.002476
-0.008301
-0.010012
-0.009320
-0.004514
0.001274
0.004187
0.002585
0.000000
-0.002039
-0.006553
-0.009101
-0.006844
-0.003604
-0.001092
0.001129
0.003677
0.003750
0.000000
-0.003386
-0.004915
-0.003495
0.001711
0.005534
0.003277
0.002148
-0.001638
-0.012087
-0.013943
-0.007609
-0.002476
-0.000218
0.006881
0.012924
0.010157
0.005789
0.002366
-0.004405
-0.008992
-0.011504
-0.010339
-0.009356
-0.007390
0.003531
0.016965
0.017985
0.006517
-0.011941
-0.024938
-0.029999
-0.022717
-0.006335
0.006080
0.008483
0.004150
0.001784
-0.000655
-0.007463
-0.012196
-0.010048
-0.008774
-0.006480
-0.001274
0.001493
-0.000109
-0.004150
-0.007318
-0.006480
-0.002512
0.000437
-0.000255
-0.003313
-0.008046
-0.011249
-0.007463
-0.003968
-0.000801
0.001238
-0.002621
-0.006407
-0.006735
-0.006080
-0.003277
-0.001383
-0.002257
-0.003859
-0.001056
0.002985
0.003277
0.000765
-0.001966
-0.002730
-0.003859
-0.008555
-0.008847
-0.004842
-0.002621
-0.005170
-0.005133
-0.002366
0.000146
0.004696
0.008592
0.003422
0.000364
-0.001092
-0.006262
-0.005534
-0.000546
0.000983
-0.000036
0.001602
0.005024
0.004915
0.002075
0.000910
0.002767
0.004733
0.002912
-0.000655
0.001493
0.002658
-0.002366
-0.009975
-0.011431
-0.008009
-0.008155
-0.007354
-0.002184
0.009029
0.012669
0.011249
0.010813
0.003459
-0.003531
-0.005789
-0.007536
-0.010995
-0.008919
-0.001019
0.002148
0.005024
0.007572
0.006808
0.005752
0.002221
0.002330
0.000036
-0.004260
-0.006990
-0.006262
-0.001747
0.001784
0.000655
-0.000036
-0.001383
0.001311
0.007208
0.009939
0.008264
0.003531
-0.001529
-0.007245
-0.009538
-0.003204
0.004915
0.006480
0.001747
-0.000801
-0.000874
0.000801
0.000582
-0.001092
-0.003859
-0.006735
-0.007354
-0.001456
0.007973
0.010339
0.007754
0.004951
0.000437
-0.004587
-0.005534
-0.004915
-0.002840
0.000146
0.001311
0.001675
0.006153
0.007900
0.002767
-0.003277
-0.007500
-0.009101
-0.007536
-0.000582
0.005170
0.007463
0.006371
0.007682
0.003568
0.000874
-0.002330
-0.003058
-0.003095
0.000582
0.004114
0.004114
0.003313
0.000437
-0.002876
-0.006043
-0.005279
0.000291
0.002803
0.005607
0.005097
0.001493
0.000765
0.003240
0.006116
0.009466
0.016710
0.021443
0.022317
0.019696
0.015254
0.005242
-0.008810
-0.019259
-0.016965
-0.005097
0.000546
-0.002476
-0.007245
-0.013943
-0.020424
-0.025084
-0.026103
-0.023882
-0.013288
-0.002221
0.002876
0.001857
0.004150
0.003786
0.008483
0.015837
0.018895
0.013215
0.005497
-0.001930
-0.011650
-0.021807
-0.031455
-0.038736
-0.041102
-0.035678
-0.025011
-0.012524
-0.001638
0.002112
0.000765
0.001675
0.004478
0.008483
0.014235
0.021225
0.024501
0.023810
0.021953
0.020023
0.022390
0.022972
0.018858
0.013143
0.006225
0.001820
-0.003422
-0.007208
-0.006407
-0.004915
-0.003386
-0.003713
-0.005861
-0.007682
-0.007645
-0.006954
-0.007318
-0.007937
-0.007827
-0.006517
-0.005570
-0.000910
0.001675
-0.002403
-0.007864
-0.010339
-0.007682
-0.005934
-0.007063
-0.010121
-0.012232
-0.013179
-0.013871
-0.014453
-0.014198
-0.015545
-0.015873
-0.014672
-0.010995
-0.004842
0.001420
0.007281
0.012123
0.011868
0.010995
0.008847
0.007536
0.005242
0.000765
-0.000473
-0.001347
-0.000765
-0.002184
-0.003058
-0.005570
-0.005898
-0.004988
-0.003968
-0.002075
0.002767
0.003204
-0.000692
-0.004442
-0.006298
-0.007754
-0.009138
-0.011796
-0.013215
-0.012596
-0.012414
-0.011468
-0.008009
-0.007864
-0.007354
-0.007427
-0.006808
-0.006553
-0.006043
-0.006480
-0.008046
-0.007463
-0.005789
-0.003095
-0.002148
-0.000837
-0.000109
0.000437
0.001456
0.000146
-0.003313
-0.004296
-0.005170
-0.005097
-0.005352
-0.006153
-0.002840
0.001311
0.002912
0.002840
0.002039
0.001238
-0.000837
-0.002002
-0.001893
-0.002403
-0.003750
-0.002803
-0.001602
-0.001456
0.000291
0.001675
-0.001311
-0.004005
-0.003277
-0.002803
-0.001711
0.001165
0.003750
-0.000291
-0.004514
-0.001092
0.004114
0.002949
-0.002039
-0.005097
-0.007026
-0.010885
-0.007208
0.002658
0.009029
0.010376
0.008337
0.005752
-0.000328
-0.005789
-0.008373
-0.005461
-0.001092
0.001420
0.001493
0.000655
0.001529
0.004442
0.008301
0.009793
0.008446
0.005206
0.002112
-0.000582
-0.004296
-0.006335
-0.006517
-0.005170
-0.002257
0.002767
0.008446
0.012924
0.009429
0.003823
0.000146
0.001565
0.001311
-0.000218
-0.000582
-0.003895
-0.003895
0.002585
0.009065
0.012232
0.011796
0.008155
0.002148
-0.002767
-0.002840
-0.000801
0.001675
0.006662
0.009174
0.008119
0.005679
0.001238
-0.001602
-0.001857
-0.001711
0.000255
0.000437
-0.000437
-0.001129
0.000510
0.006043
0.008555
0.007609
0.004114
0.000328
-0.001930
-0.001165
0.001638
0.005024
0.005279
0.004478
0.002621
0.001930
0.000765
0.001238
0.003895
0.005825
0.006043
0.005643
0.006662
0.010084
0.011322
0.008774
0.003859
-0.002512
-0.007682
-0.008701
-0.002112
0.003968
0.007536
0.007791
0.005825
0.000874
-0.004806
-0.006225
-0.003823
-0.000182
0.001238
0.003641
0.006881
0.007572
0.005643
0.002512
-0.005607
-0.003240
-0.006480
-0.002658
-0.001602
0.001165
-0.001784
-0.001056
-0.001747
-0.004514
-0.008992
-0.009211
-0.007973
0.001056
0.007718
0.008737
0.007099
0.003167
-0.000910
-0.002512
-0.002075
-0.001420
-0.002002
0.000510
0.002949
0.002403
0.001857
0.000983
-0.006589
-0.011614
-0.006480
-0.000765
0.001092
0.001857
0.002585
0.003677
0.003058
0.003932
0.004660
0.003131
0.002075
-0.001165
-0.000910
-0.000801
0.000000
0.001493
0.002039
0.003495
0.004514
0.005497
0.005716
0.005461
0.004988
0.005024
0.004842
0.002621
0.002730
0.005716
0.008519
0.007973
0.006954
0.006699
0.006735
0.008228
0.012487
0.013943
0.014380
0.011359
0.006954
0.005861
0.009648
0.012560
0.011650
0.010703
0.010449
0.009939
0.010449
0.013215
0.014235
0.012524
0.013397
0.014672
0.013689
0.015291
0.015655
0.015545
0.013288
0.012414
0.012633
0.012851
0.011832
0.010521
0.008410
0.004442
0.005461
0.006954
0.006189
0.007099
0.008592
0.009575
0.009247
0.009101
0.008774
0.005825
0.005424
0.005607
0.004369
0.002730
0.004223
0.005024
0.003131
0.001274
-0.000910
-0.003095
-0.004988
-0.001274
0.002912
0.004369
0.003750
0.000837
-0.002257
-0.003131
-0.001675
0.003641
0.005570
0.000765
-0.003204
-0.009174
-0.000473
0.020606
0.019659
0.005789
0.002112
0.000036
-0.008555
-0.009429
-0.008774
-0.011504
-0.011723
-0.004077
0.003895
0.006189
0.004769
0.003349
0.003131
0.000328
-0.000765
-0.000291
0.002439
0.004769
-0.001129
-0.004150
-0.000036
0.000328
-0.003022
-0.003313
-0.001529
-0.001274
-0.002840
-0.000218
0.004005
0.004951
0.003386
0.002803
0.002585
-0.001602
-0.005679
-0.005024
-0.001056
0.003022
0.003859
0.002257
0.000000
-0.002585
-0.002476
-0.000947
-0.001092
-0.005861
-0.006480
-0.005497
-0.004660
-0.004041
-0.002330
-0.003604
-0.003786
-0.003495
-0.004514
-0.004806
-0.005424
-0.005279
-0.000182
0.005861
0.007682
0.003058
-0.001565
-0.004806
-0.005934
-0.001675
-0.004915
-0.009793
0.011322
0.028542
0.015873
-0.002621
-0.010012
-0.009830
-0.013652
-0.017366
-0.012451
-0.006699
0.004369
0.008082
0.007463
0.011104
0.006298
-0.002112
-0.009138
-0.012305
-0.009247
-0.003349
0.007718
0.012378
0.007390
-0.001238
-0.005679
-0.001019
0.001711
0.003131
0.004442
0.003823
0.002803
0.005170
0.010922
0.010121
0.002476
-0.002621
0.000036
0.003204
0.006517
0.010703
0.015473
0.015946
0.012414
0.008155
0.003459
-0.000218
-0.000182
0.003058
0.006881
0.008264
0.008191
0.006262
0.007136
0.005679
0.005352
0.004332
0.003386
0.004842
0.008446
0.014235
0.017584
0.014926
0.010157
0.000655
-0.010558
-0.009320
0.000765
0.012633
0.019732
0.015909
0.009720
0.004223
-0.002803
-0.006262
-0.004005
-0.001966
0.002585
0.008337
0.007427
0.007500
0.013033
0.015108
0.016492
0.005752
-0.012851
-0.023518
-0.017693
-0.000619
0.017912
0.019295
0.003968
-0.010631
-0.016856
-0.011286
-0.001056
0.005534
0.007718
0.004369
-0.001092
-0.004041
-0.003568
-0.002366
-0.003895
-0.005971
-0.005461
0.001675
0.005461
0.002985
-0.001784
-0.006407
-0.009138
-0.012305
-0.009538
-0.006043
-0.001675
-0.001602
-0.006335
-0.012378
-0.013143
-0.007682
-0.002439
-0.002767
-0.007864
-0.013761
-0.013070
-0.010376
-0.008701
-0.008628
-0.011541
-0.019222
-0.024392
-0.019550
-0.006735
0.005206
0.002548
-0.007318
-0.010667
0.001238
0.016892
0.027122
0.035605
0.026904
0.003422
-0.011759
-0.028542
-0.032256
-0.035205
-0.024938
-0.006917
-0.000655
0.012706
0.022062
0.026176
0.024792
0.019332
0.011468
-0.001565
-0.012014
-0.022936
-0.028688
-0.024356
-0.021662
-0.018167
-0.012451
-0.000437
0.012815
0.019623
0.018349
0.012414
0.005789
0.003895
-0.001201
-0.007754
-0.011941
-0.013579
-0.013689
-0.014271
-0.009320
-0.002039
0.000910
0.003240
0.003568
0.003058
0.005060
0.003786
-0.000655
-0.007318
-0.012342
-0.013179
-0.010885
-0.004223
-0.000801
0.000036
0.000983
-0.001201
-0.003895
-0.005643
-0.005716
-0.004660
-0.005461
-0.003932
-0.001638
0.001201
0.001420
-0.000510
0.001930
0.004478
0.003495
-0.003641
-0.010885
-0.014890
-0.009502
0.001565
0.007318
0.003823
-0.005024
-0.008483
-0.004150
-0.007281
-0.007099
-0.000983
0.002912
0.001747
-0.001930
-0.008847
-0.015691
-0.014162
-0.006772
-0.001747
-0.000874
0.000036
-0.002621
-0.002294
-0.002148
-0.004514
-0.003349
-0.002694
-0.003713
-0.005388
-0.007208
-0.008009
-0.011104
-0.010558
-0.006153
-0.001565
-0.001311
-0.001565
-0.000619
0.000000
0.000073
0.000000
0.001638
0.003095
0.002512
0.003568
-0.000910
-0.005461
-0.008301
-0.011286
-0.010412
-0.008082
-0.002585
0.000328
-0.000036
-0.003459
-0.003823
-0.003058
-0.003641
0.001165
0.005279
0.006007
0.008701
0.004260
-0.006080
-0.010776
-0.008082
-0.003968
0.001311
0.002694
-0.001201
-0.003313
-0.001638
0.000801
0.001201
-0.001092
-0.001092
-0.003677
-0.001165
-0.000801
-0.003968
-0.006407
-0.007718
-0.005789
-0.005388
0.000036
0.003823
0.003568
0.003204
0.000510
0.000218
-0.002075
-0.002949
-0.003167
-0.002403
0.001420
0.000510
0.000510
-0.000255
-0.000765
0.000437
-0.000765
-0.000910
-0.002985
-0.002366
-0.001129
0.001893
0.003277
0.002548
0.003531
0.000728
-0.001602
-0.002694
-0.002002
-0.002221
-0.002585
-0.001019
-0.000837
-0.002257
-0.003568
-0.003131
-0.002876
-0.004187
-0.002184
0.000036
-0.000765
-0.002439
-0.002985
-0.003204
-0.001129
0.000146
0.002002
0.005206
0.007427
0.005279
0.001129
-0.000765
-0.003713
-0.003641
-0.001092
-0.000218
-0.000146
-0.000765
0.001456
0.005242
0.006735
0.007063
0.007354
0.005825
0.002912
0.001347
0.000546
-0.001857
-0.002621
-0.001456
-0.000036
0.002403
0.007245
0.009611
0.007609
0.000983
-0.005388
-0.005789
-0.001420
0.000837
0.002330
0.006043
0.008919
0.012342
0.014162
0.011213
0.005279
-0.001638
-0.005242
-0.007208
-0.003095
-0.000437
0.001529
0.002548
0.001711
0.000073
-0.000473
0.000874
0.001347
0.003386
0.007136
0.011796
0.014490
0.012451
0.011941
0.008992
0.002840
-0.007791
-0.015909
-0.016310
-0.005934
0.008665
0.021261
0.024756
0.018676
0.002985
-0.012596
-0.021225
-0.019914
-0.009939
0.002730
0.011650
0.013689
0.010449
0.004187
-0.002330
-0.009320
-0.010776
-0.006298
-0.000837
0.001966
0.001820
0.000400
-0.002257
-0.002694
-0.000728
0.002803
0.004405
0.001784
0.000655
-0.000546
-0.004223
-0.005752
-0.003349
0.001966
0.006881
0.006225
0.001893
-0.002658
-0.005461
-0.001311
0.005752
0.003422
0.000947
0.001602
0.002658
0.001820
-0.003932
-0.009174
-0.009065
-0.003131
0.002840
0.001857
0.002112
0.005424
0.008774
0.004551
0.001493
-0.000947
-0.003677
-0.000837
0.002476
0.004041
0.003786
0.001930
0.000473
0.001784
0.004624
0.004878
0.005388
0.004514
0.003058
0.003386
0.001675
0.002221
0.000837
-0.002039
-0.005971
-0.006881
-0.004660
-0.000947
0.001930
0.001857
0.000765
0.003277
0.002512
-0.000473
-0.000328
0.002512
0.002294
-0.001056
-0.001820
0.000983
0.005242
0.006189
0.004223
0.002075
-0.001311
-0.001201
-0.000291
-0.001383
-0.001493
0.000510
0.002803
0.003204
0.001638
-0.001420
-0.001638
-0.001893
-0.001311
0.001383
0.003204
0.003459
0.000400
0.000765
0.001493
0.002840
0.002221
0.000510
-0.000146
0.000000
0.003204
0.005716
0.004878
0.004296
0.003568
0.004187
0.003386
0.002476
0.000109
-0.002840
-0.001092
-0.000546
0.002330
0.002257
0.003313
0.003823
0.002221
0.001347
0.000473
-0.000291
-0.003022
-0.003823
-0.001638
0.000291
0.002512
0.001311
0.001238
0.000619
-0.000801
-0.000546
0.001857
0.005024
0.003750
0.002366
-0.000655
-0.000692
-0.000291
-0.000582
0.002002
-0.000400
-0.006262
-0.010667
-0.008191
-0.004223
0.002476
0.007463
0.010740
0.008847
0.002621
-0.003422
-0.007500
-0.007572
-0.004223
-0.000182
0.004187
0.006007
0.007536
0.004842
-0.001747
-0.004878
-0.005716
-0.003495
-0.001347
-0.000182
0.002257
0.002148
0.003823
0.002621
0.000510
-0.000983
0.000036
0.002112
0.000582
0.000874
-0.002257
-0.002621
-0.001893
-0.004187
-0.003895
-0.000619
0.004587
0.008301
0.003531
-0.001019
-0.000728
0.000546
0.001019
0.004587
0.003568
0.001129
0.000364
0.001966
0.003750
0.000073
-0.001347
-0.001529
0.000837
0.003786
0.004660
0.006844
0.006116
0.005461
0.004806
0.007682
0.008919
0.002949
0.000400
0.000765
0.000437
0.003531
0.007718
0.010376
0.009211
0.009684
0.008956
0.006917
0.004660
0.002767
0.005789
0.010558
0.012706
0.012160
0.011322
0.010885
0.010412
0.012160
0.013689
0.013579
0.010121
0.006444
0.007245
0.007900
0.006917
0.009247
0.012815
0.016055
0.014635
0.008191
0.002621
0.002949
0.000910
0.000328
0.011941
0.023555
0.017511
0.005752
0.001565
0.002548
0.002985
0.002403
0.004187
0.004187
0.004478
0.009065
0.011650
0.009029
0.005971
0.005789
0.003313
0.000619
-0.000182
0.000000
0.002184
0.004296
0.008483
0.006444
0.003095
0.005752
0.009939
0.005716
-0.000400
0.000437
0.000437
0.001092
0.000255
-0.000801
0.001930
0.007718
0.010230
0.007026
0.003968
0.001638
-0.002912
-0.003058
0.000473
0.005279
0.008992
0.008810
0.004587
-0.003095
-0.009902
-0.011031
-0.004332
0.002730
0.007973
0.006189
0.003422
-0.000364
-0.001056
-0.001565
0.000218
0.001383
-0.000837
-0.001930
0.000983
-0.000947
-0.002803
-0.000473
0.001383
0.003823
0.004405
0.003386
0.001493
0.001347
-0.001711
-0.003058
-0.000182
-0.001784
-0.001638
0.001638
0.003131
0.003859
0.002767
0.003422
0.004369
0.003750
-0.001238
-0.002148
-0.002949
-0.002403
0.000510
0.000837
0.004150
0.002476
0.000765
0.003204
0.001565
0.001274
0.003604
0.003167
0.002730
0.006007
0.012305
0.011941
0.006262
0.003823
0.001056
0.000837
0.001420
0.000582
0.002876
0.006189
0.005279
0.003932
0.004260
0.003932
0.000473
-0.000837
-0.002075
-0.000146
0.003058
0.004150
0.008301
0.013798
0.013725
0.010885
0.008847
0.007026
0.005170
0.004988
0.007026
0.008555
0.009902
0.007026
0.005861
0.009939
0.012123
0.009174
0.009429
0.007645
0.004041
0.002621
-0.000146
-0.004551
0.006080
0.022572
0.031273
0.028761
0.013434
-0.003167
-0.012232
-0.031018
-0.041976
-0.038882
-0.015400
0.025157
0.063965
0.106451
0.125127
0.107252
0.053772
-0.021370
-0.068989
-0.075724
-0.065968
-0.046600
-0.018531
0.011359
0.031710
0.045325
0.053080
0.046964
0.033785
0.022463
0.008410
-0.007172
-0.016565
-0.023919
-0.029307
-0.030763
-0.023700
-0.010339
0.002221
0.012123
0.017402
0.020715
0.018968
0.016164
0.011723
0.004150
-0.000874
-0.009611
-0.016856
-0.017657
-0.017985
-0.015582
-0.012014
-0.004041
0.001930
0.004842
0.006699
0.005352
0.001930
-0.002112
-0.004988
-0.007973
-0.010740
-0.010958
-0.010449
-0.008046
-0.005607
-0.006407
-0.007026
-0.007208
-0.007900
-0.008446
-0.006153
-0.006189
-0.007718
-0.008665
-0.007791
-0.005752
-0.003240
0.000619
0.000182
-0.000109
-0.003641
-0.005789
-0.005497
-0.003677
-0.003349
0.000000
0.004514
0.003058
0.000801
-0.002039
-0.009866
-0.012961
-0.012997
-0.015363
-0.014162
-0.009284
-0.005242
-0.004150
-0.005461
-0.009720
-0.012196
-0.014672
-0.014271
-0.008665
-0.001857
0.003604
0.008046
0.006735
0.003823
-0.000655
-0.005206
-0.012414
-0.016492
-0.016674
-0.015108
-0.012305
-0.006007
-0.000400
-0.003313
-0.007500
-0.001056
0.004114
0.002658
-0.000255
-0.000218
0.001529
0.000983
0.002876
0.001638
-0.007063
-0.013798
-0.013543
-0.006772
-0.003240
-0.005315
-0.003349
0.001966
0.006371
0.008592
0.008992
0.010230
0.008337
-0.001019
-0.003240
0.008992
0.014016
-0.009393
-0.050386
-0.066659
-0.032001
0.017147
0.041721
0.037425
0.016783
0.000400
-0.007208
-0.009648
-0.006043
-0.004660
-0.005352
-0.009502
-0.011686
-0.012451
-0.007718
0.000473
0.007245
0.011686
0.012014
0.005825
0.001820
-0.000874
0.000437
0.002767
-0.001602
-0.013215
-0.020205
-0.021006
-0.014708
0.002439
0.014562
0.008446
-0.004806
-0.009356
-0.003932
0.002658
0.004842
0.004041
0.004842
0.002548
0.001201
0.002694
0.003240
0.003641
-0.000983
-0.002949
-0.007390
-0.010121
-0.011504
-0.008956
-0.005352
-0.002585
-0.002512
-0.001602
0.000692
-0.001857
-0.006480
-0.008082
-0.008228
-0.007354
-0.003204
0.002184
0.002148
-0.004005
-0.007245
-0.008628
-0.004988
0.005352
0.009830
0.003022
-0.002767
-0.004951
-0.008264
-0.010849
